BEGIN;

INSERT INTO countries (name) VALUES
    ('Poland');

INSERT INTO regions (id, country_name, name) VALUES
                                                 (1, 'Poland', 'dolnośląskie'), (2, 'Poland', 'kujawsko-pomorskie'), (3, 'Poland', 'lubelskie'), (4, 'Poland', 'lubuskie'), (5, 'Poland', 'łódzkie'), (6, 'Poland', 'małopolskie'), (7, 'Poland', 'mazowieckie'), (8, 'Poland', 'opolskie'), (9, 'Poland', 'podkarpackie'), (10, 'Poland', 'podlaskie'), (11, 'Poland', 'pomorskie'), (12, 'Poland', 'śląskie'), (13, 'Poland', 'świętokrzyskie'), (14, 'Poland', 'warmińsko-mazurskie'), (15, 'Poland', 'wielkopolskie'), (16, 'Poland', 'zachodniopomorskie');

INSERT INTO cities (id, region_id, name) VALUES
                                             (1, 1, 'Łowicz'), (2, 1, 'Jarocin'), (3, 1, 'Żyrardów'), (4, 1, 'Toruń'), (5, 1, 'Gniezno'), (6, 2, 'Chojnice'), (7, 2, 'Dzierżoniów'), (8, 2, 'Żyrardów'), (9, 2, 'Grodzisk Mazowiecki'), (10, 2, 'Nowy Sącz'), (11, 3, 'Bochnia'), (12, 3, 'Biłgoraj'), (13, 3, 'Zgorzelec'), (14, 3, 'Czeladź'), (15, 3, 'Zambrów'), (16, 4, 'Częstochowa'), (17, 4, 'Jelenia Góra'), (18, 4, 'Żagań'), (19, 4, 'Elbląg'), (20, 4, 'Lubartów'), (21, 5, 'Piotrków Trybunalski'), (22, 5, 'Mikołów'), (23, 5, 'Kościerzyna'), (24, 5, 'Kwidzyn'), (25, 5, 'Łuków'), (26, 6, 'Opole'), (27, 6, 'Sosnowiec'), (28, 6, 'Ostrów Mazowiecka'), (29, 6, 'Inowrocław'), (30, 6, 'Inowrocław'), (31, 7, 'Zduńska Wola'), (32, 7, 'Jarosław'), (33, 7, 'Kędzierzyn-Koźle'), (34, 7, 'Bytom'), (35, 7, 'Zawiercie'), (36, 8, 'Czechowice-Dziedzice'), (37, 8, 'Skierniewice'), (38, 8, 'Ruda Śląska'), (39, 8, 'Łódź'), (40, 8, 'Mikołów'), (41, 9, 'Sochaczew'), (42, 9, 'Polkowice'), (43, 9, 'Oleśnica'), (44, 9, 'Bartoszyce'), (45, 9, 'Dąbrowa Górnicza'), (46, 10, 'Gliwice'), (47, 10, 'Ostrów Mazowiecka'), (48, 10, 'Biłgoraj'), (49, 10, 'Świdnica'), (50, 10, 'Siedlce'), (51, 11, 'Racibórz'), (52, 11, 'Kołobrzeg'), (53, 11, 'Malbork'), (54, 11, 'Częstochowa'), (55, 11, 'Police'), (56, 12, 'Wejherowo'), (57, 12, 'Racibórz'), (58, 12, 'Jasło'), (59, 12, 'Legnica'), (60, 12, 'Starogard Gdański'), (61, 13, 'Biała Podlaska'), (62, 13, 'Mielec'), (63, 13, 'Nowy Targ'), (64, 13, 'Starogard Gdański'), (65, 13, 'Jarocin'), (66, 14, 'Tarnobrzeg'), (67, 14, 'Jawor'), (68, 14, 'Łódź'), (69, 14, 'Jelenia Góra'), (70, 14, 'Bytom'), (71, 15, 'Konin'), (72, 15, 'Nowa Ruda'), (73, 15, 'Biłgoraj'), (74, 15, 'Mysłowice'), (75, 15, 'Bytom'), (76, 16, 'Bielsko-Biała'), (77, 16, 'Stargard Szczeciński'), (78, 16, 'Ostrowiec Świętokrzyski'), (79, 16, 'Suwałki'), (80, 16, 'Bełchatów');

INSERT INTO addresses (id, house, street, city_id, postal_code) VALUES
                                                                    (1, '716', 'Sosnowa', 31, '32-510'), (2, '779', 'Słowicza', 8, '44-409'), (3, '68', 'Klonowa', 56, '34-086'), (4, '78', 'Konopnickiej', 10, '95-608'), (5, '36', 'Miodowa', 63, '19-375'), (6, '30', 'Miodowa', 10, '11-424'), (7, '78/46', 'Czereśniowa', 44, '59-216'), (8, '232', 'Poprzeczna', 52, '39-096'), (9, '12', 'Czereśniowa', 20, '51-457'), (10, '48', 'Podwale', 58, '84-267'), (11, '38', 'Andersa', 6, '81-475'), (12, '568', 'Jaskółcza', 16, '09-847'), (13, '83/15', 'Szkolna', 2, '06-756'), (14, '11', 'Popiełuszki', 22, '37-321'), (15, '05', 'Szeroka', 46, '06-053'), (16, '27/73', 'Handlowa', 71, '16-993'), (17, '95/16', 'Kasztanowa', 53, '92-801'), (18, '178', 'Tartaczna', 3, '06-179'), (19, '714', 'Mazowiecka', 21, '21-486'), (20, '15/52', 'Polna', 74, '78-745'), (21, '182', 'Jana Pawła II', 31, '94-864'), (22, '529', 'Słonecznikowa', 54, '51-373'), (23, '04/07', 'Srebrna', 67, '48-036'), (24, '88/91', 'Gałczynskiego', 67, '15-119'), (25, '00', 'Topolowa', 61, '29-409'), (26, '48/77', 'Miła', 70, '51-634'), (27, '204', 'Konstytucji 3 Maja', 47, '12-155'), (28, '56/81', 'Górska', 28, '54-426'), (29, '42', 'Orzechowa', 2, '06-072'), (30, '47', 'Skargi', 67, '90-157'), (31, '22', 'Klonowa', 51, '44-026'), (32, '97', 'Lelewela', 52, '87-929'), (33, '911', 'Radosna', 32, '85-112'), (34, '77', 'Słonecznikowa', 48, '39-454'), (35, '68', 'Leszczynowa', 4, '15-519'), (36, '01/79', 'Klasztorna', 75, '12-787'), (37, '26/51', 'Działkowa', 23, '56-883'), (38, '99', 'Gajowa', 13, '98-705'), (39, '90/71', 'Dojazdowa', 43, '80-503'), (40, '01/95', 'Narutowicza', 19, '62-029'), (41, '77/61', 'Kielecka', 78, '79-171'), (42, '221', 'Wspólna', 52, '28-171'), (43, '537', 'Leśna', 55, '75-561'), (44, '701', 'Krucza', 13, '57-770'), (45, '37', 'Składowa', 60, '23-550'), (46, '62', 'Leśna', 45, '30-078'), (47, '08/86', 'Wiklinowa', 13, '45-554'), (48, '769', 'Pałacowa', 22, '19-819'), (49, '65', 'Brzoskwiniowa', 17, '05-594'), (50, '790', 'Sikorskiego', 5, '48-390');

INSERT INTO employees (id, first_name, last_name, second_name, gender, phone, email, passport, pesel, address_id, correspondence_address_id, birth_date) VALUES
                                                                                                                                                             (1, 'Borys', 'Haraburda', NULL, 'M', '32 315 92 77', 'marek64@example.net', NULL, '67062526257', 37, 41, '1967-06-25'), (2, 'Mateusz', 'Białasik', NULL, 'M', '+48 503 514 595', 'betkamarek@example.org', NULL, '87052188874', 43, 48, '1987-05-21'), (3, 'Michał', 'Kudra', NULL, 'M', '794 051 130', 'lstoltmann@example.com', NULL, '89121134733', 27, 39, '1989-12-11'), (4, 'Kornel', 'Matyjaszek', NULL, 'M', '692 657 399', 'olgierd38@example.com', NULL, '73061359615', 27, 7, '1973-06-13'), (5, 'Alan', 'Dziechciarz', NULL, 'M', '516 245 716', 'wiznerszymon@example.com', NULL, '69090596158', 31, 33, '1969-09-05'), (6, 'Marika', 'Solnica', NULL, 'F', '784 612 878', 'anna-maria56@example.org', NULL, '76012446666', 11, 14, '1976-01-24'), (7, 'Aniela', 'Droździk', NULL, 'F', '+48 793 985 509', 'wojciech09@example.com', NULL, '93081758469', 35, 38, '1993-08-17'), (8, 'Kornelia', 'Kazberuk', NULL, 'F', '+48 577 552 877', 'alan18@example.org', NULL, '97052674024', 50, 27, '1997-05-26'), (9, 'Gustaw', 'Matyjaszek', NULL, 'M', '+48 32 967 61 83', 'szymon97@example.com', NULL, '69020129018', 28, 5, '1969-02-01'), (10, 'Leon', 'Matla', NULL, 'M', '+48 32 286 05 24', 'klaratomys@example.net', NULL, '92121173871', 19, 4, '1992-12-11'), (11, 'Artur', 'Ficoń', NULL, 'M', '572 745 531', 'marikanikel@example.net', NULL, '01231167519', 9, 19, '2001-03-11'), (12, 'Anita', 'Watras', NULL, 'F', '+48 518 720 204', 'ekrefta@example.net', NULL, '87070218805', 11, 30, '1987-07-02'), (13, 'Ewelina', 'Wiercigroch', NULL, 'F', '+48 573 181 660', 'wawryniukmarek@example.org', NULL, '75071618960', 1, 24, '1975-07-16'), (14, 'Tola', 'Kożuszek', NULL, 'F', '+48 796 128 934', 'elzbieta97@example.com', NULL, '70092268086', 32, 9, '1970-09-22'), (15, 'Dariusz', 'Bajko', NULL, 'M', '+48 573 999 490', 'ernestszymaniuk@example.net', NULL, '96073198955', 20, 15, '1996-07-31'), (16, 'Bartek', 'Wyrwał', NULL, 'M', '32 382 04 49', 'zimoncyprian@example.com', NULL, '03270613613', 42, 44, '2003-07-06'), (17, 'Kamila', 'Liss', NULL, 'F', '+48 608 900 356', 'adriangwizdek@example.net', NULL, '71082785585', 50, 49, '1971-08-27'), (18, 'Malwina', 'Walus', NULL, 'F', '+48 727 329 016', 'andrzejbugiel@example.net', NULL, '84010721823', 44, 48, '1984-01-07'), (19, 'Artur', 'Kolka', NULL, 'M', '32 448 68 06', 'sylwia45@example.net', NULL, '83070553294', 8, 14, '1983-07-05'), (20, 'Wojciech', 'Gietka', NULL, 'M', '+48 785 029 361', 'drobniakkalina@example.com', NULL, '68090592393', 29, 41, '1968-09-05'), (21, 'Kalina', 'Burkiewicz', NULL, 'F', '532 682 401', 'danilczukkacper@example.com', NULL, '98080107603', 32, 47, '1998-08-01'), (22, 'Sylwia', 'Baś', NULL, 'F', '731 781 255', 'kozaczuknela@example.net', NULL, '04301262284', 47, 38, '2004-10-12'), (23, 'Kornel', 'Malcharek', NULL, 'M', '570 360 790', 'nikodem74@example.net', NULL, '59102112773', 2, 28, '1959-10-21'), (24, 'Błażej', 'Piaścik', NULL, 'M', '604 775 732', 'nela63@example.org', NULL, '92112422911', 45, 10, '1992-11-24'), (25, 'Nicole', 'Nowotka', NULL, 'F', '783 700 901', 'ewa64@example.net', NULL, '99072137583', 6, 6, '1999-07-21'), (26, 'Anastazja', 'Jędrak', NULL, 'F', '+48 22 126 80 74', 'arturkroczak@example.org', NULL, '92072291064', 27, 19, '1992-07-22'), (27, 'Rafał', 'Suchta', NULL, 'M', '783 665 708', 'grocholafryderyk@example.net', NULL, '63082143430', 19, 41, '1963-08-21'), (28, 'Roksana', 'Malewicz', NULL, 'F', '608 528 228', 'marikakamieniak@example.net', NULL, '67060847301', 18, 18, '1967-06-08'), (29, 'Marcelina', 'Janc', NULL, 'F', '735 565 704', 'kajetansiewert@example.net', NULL, '92031569009', 43, 19, '1992-03-15'), (30, 'Ksawery', 'Pyszczek', NULL, 'M', '692 163 152', 'ryszardbodek@example.net', NULL, '03221604639', 34, 43, '2003-02-16'), (31, 'Ernest', 'Gregorowicz', NULL, 'M', '732 026 202', 'agasz@example.org', NULL, '63061874810', 41, 26, '1963-06-18'), (32, 'Antoni', 'Wiatrak', NULL, 'M', '513 558 113', 'xkostera@example.net', NULL, '88122110919', 21, 17, '1988-12-21'), (33, 'Józef', 'Łokietek', NULL, 'M', '+48 793 130 076', 'kacperjoszko@example.org', NULL, '99090231359', 37, 16, '1999-09-02'), (34, 'Klara', 'Browarczyk', NULL, 'F', '+48 887 134 228', 'cezary24@example.net', NULL, '69102103824', 13, 35, '1969-10-21'), (35, 'Justyna', 'Kosman', NULL, 'F', '533 400 611', 'olgierd50@example.org', NULL, '95121169448', 34, 48, '1995-12-11'), (36, 'Mariusz', 'Kowalak', NULL, 'M', '692 465 456', 'pietrekdariusz@example.com', NULL, '75090510531', 45, 24, '1975-09-05'), (37, 'Marianna', 'Grund', NULL, 'F', '+48 796 285 236', 'vmalcher@example.com', NULL, '79082632449', 34, 42, '1979-08-26'), (38, 'Marianna', 'Dyrek', NULL, 'F', '+48 502 501 183', 'janjachimczyk@example.org', NULL, '72042138843', 23, 11, '1972-04-21'), (39, 'Cyprian', 'Pudełek', NULL, 'M', '+48 32 460 34 62', 'aleksander39@example.org', NULL, '91062567637', 28, 24, '1991-06-25'), (40, 'Kalina', 'Damek', NULL, 'F', '+48 660 483 144', 'marekbartoszak@example.com', NULL, '93040882664', 35, 38, '1993-04-08'), (41, 'Maks', 'Czuj', NULL, 'M', '510 858 805', 'biankabetlej@example.org', NULL, '78070746836', 49, 36, '1978-07-07'), (42, 'Aurelia', 'Kopyść', NULL, 'F', '+48 721 715 221', 'lbryczek@example.com', NULL, '84011770765', 32, 46, '1984-01-17'), (43, 'Sara', 'Putek', NULL, 'F', '+48 662 449 075', 'urszula40@example.net', NULL, '81011391282', 33, 27, '1981-01-13'), (44, 'Eliza', 'Wyrobek', NULL, 'F', '691 174 923', 'marcelskowyra@example.net', NULL, '71090860386', 15, 1, '1971-09-08'), (45, 'Aniela', 'Koźlak', NULL, 'F', '+48 32 440 84 36', 'irubaj@example.com', NULL, '93113003426', 47, 6, '1993-11-30'), (46, 'Ewelina', 'Sapała', NULL, 'F', '+48 737 795 861', 'jedrzejeklukasz@example.com', NULL, '71012967502', 39, 47, '1971-01-29'), (47, 'Sara', 'Zdancewicz', NULL, 'F', '32 667 78 06', 'kamil28@example.org', NULL, '94102566627', 34, 11, '1994-10-25'), (48, 'Adrianna', 'Bobryk', NULL, 'F', '791 159 785', 'emil62@example.com', NULL, '93060946788', 8, 14, '1993-06-09'), (49, 'Nicole', 'Wołoch', NULL, 'F', '+48 798 656 374', 'llobacz@example.net', NULL, '86120146387', 13, 42, '1986-12-01'), (50, 'Monika', 'Zbrożek', NULL, 'F', '+48 664 138 319', 'astanaszek@example.net', NULL, '87072844305', 7, 29, '1987-07-28'), (51, 'Melania', 'Kuciak', NULL, 'F', '889 572 901', 'kajamzyk@example.net', NULL, '94070689148', 42, 48, '1994-07-06'), (52, 'Rozalia', 'Gumieniak', NULL, 'F', '+48 573 144 486', 'przemyslawhutnik@example.org', NULL, '00270651940', 4, 5, '2000-07-06'), (53, 'Olga', 'Dzikiewicz', NULL, 'F', '+48 607 731 931', 'lupinaborys@example.net', NULL, '91091799469', 23, 46, '1991-09-17'), (54, 'Kamila', 'Ścieszka', NULL, 'F', '698 050 302', 'pasniktymoteusz@example.org', NULL, '05242022285', 21, 13, '2005-04-20'), (55, 'Kacper', 'Fronia', NULL, 'M', '694 605 465', 'ipatyna@example.com', NULL, '88012098378', 24, 15, '1988-01-20'), (56, 'Olgierd', 'Kobza', NULL, 'M', '+48 696 751 706', 'imejer@example.net', NULL, '98083089838', 12, 40, '1998-08-30'), (57, 'Igor', 'Małocha', NULL, 'M', '694 336 691', 'inga62@example.com', NULL, '96061191553', 7, 11, '1996-06-11'), (58, 'Patryk', 'Wojtiuk', NULL, 'M', '+48 22 772 11 43', 'niedzwiadekida@example.net', NULL, '00290556711', 8, 25, '2000-09-05'), (59, 'Anna Maria', 'Lesiewicz', NULL, 'F', '533 090 094', 'bosekkrzysztof@example.org', NULL, '63080518788', 10, 7, '1963-08-05'), (60, 'Marcelina', 'Adamiuk', NULL, 'F', '+48 507 284 345', 'dszpila@example.net', NULL, '65051278488', 44, 25, '1965-05-12'), (61, 'Malwina', 'Byzdra', NULL, 'F', '32 943 10 14', 'wieczerzakmalwina@example.net', NULL, '63051404360', 45, 24, '1963-05-14'), (62, 'Antoni', 'Pezda', NULL, 'M', '664 710 053', 'michal54@example.com', NULL, '01292113775', 6, 33, '2001-09-21'), (63, 'Blanka', 'Mordak', NULL, 'F', '533 706 637', 'pocztaryszard@example.net', NULL, '92050422709', 37, 48, '1992-05-04'), (64, 'Justyna', 'Kuświk', NULL, 'F', '+48 795 036 302', 'konrad92@example.com', NULL, '60041513602', 29, 46, '1960-04-15'), (65, 'Krystyna', 'Fularczyk', NULL, 'F', '+48 539 749 917', 'osapa@example.org', NULL, '97010720761', 11, 32, '1997-01-07'), (66, 'Maksymilian', 'Roszko', NULL, 'M', '513 580 778', 'michal54@example.net', NULL, '65020578654', 33, 32, '1965-02-05'), (67, 'Jan', 'Łasica', NULL, 'M', '603 203 190', 'asendor@example.com', NULL, '74032949570', 13, 33, '1974-03-29'), (68, 'Julita', 'Gosek', NULL, 'F', '+48 32 203 98 33', 'cyronjulian@example.org', NULL, '02241581904', 43, 21, '2002-04-15'), (69, 'Ewelina', 'Kuncewicz', NULL, 'F', '+48 730 115 991', 'kawulokoskar@example.org', NULL, '90060189489', 21, 16, '1990-06-01'), (70, 'Jędrzej', 'Kubanek', NULL, 'M', '22 647 32 77', 'legowiknorbert@example.org', NULL, '76013184237', 25, 11, '1976-01-31'), (71, 'Julita', 'Broncel', NULL, 'F', '+48 32 694 25 08', 'ajakimiak@example.net', NULL, '82120340189', 16, 17, '1982-12-03'), (72, 'Krystyna', 'Stróż', NULL, 'F', '32 053 37 23', 'tylkasylwia@example.org', NULL, '97042719300', 14, 30, '1997-04-27'), (73, 'Paweł', 'Jargiło', NULL, 'M', '+48 509 090 059', 'rwojniak@example.com', NULL, '61090686330', 31, 23, '1961-09-06'), (74, 'Konstanty', 'Kolek', NULL, 'M', '537 479 257', 'mariannamuniak@example.net', NULL, '96112878772', 24, 43, '1996-11-28'), (75, 'Justyna', 'Kucab', NULL, 'F', '517 081 804', 'nicolewojton@example.net', NULL, '94082635704', 19, 14, '1994-08-26'), (76, 'Sonia', 'Ciastek', NULL, 'F', '505 849 906', 'kinalkaja@example.com', NULL, '62070653548', 15, 41, '1962-07-06'), (77, 'Róża', 'Smagała', NULL, 'F', '+48 694 134 764', 'biankabrojek@example.net', NULL, '90121206364', 43, 15, '1990-12-12'), (78, 'Ewelina', 'Stróż', NULL, 'F', '515 930 498', 'csieradzan@example.com', NULL, '79092323102', 12, 25, '1979-09-23'), (79, 'Norbert', 'Żok', NULL, 'M', '602 937 222', 'michelblanka@example.com', NULL, '61122583594', 8, 40, '1961-12-25'), (80, 'Rafał', 'Kościelak', NULL, 'M', '+48 517 221 908', 'tekielamichal@example.org', NULL, '83070968030', 23, 14, '1983-07-09'), (81, 'Piotr', 'Hejduk', NULL, 'M', '570 045 376', 'idumala@example.org', NULL, '88052672297', 49, 23, '1988-05-26'), (82, 'Patryk', 'Wyrwich', NULL, 'M', '518 419 148', 'maksbrudny@example.com', NULL, '80092721470', 41, 8, '1980-09-27'), (83, 'Dagmara', 'Hapka', NULL, 'F', '572 012 648', 'justyna37@example.net', NULL, '76070831749', 2, 19, '1976-07-08'), (84, 'Kamila', 'Gryciuk', NULL, 'F', '+48 517 161 679', 'antonczaknatasza@example.com', NULL, '01301442021', 22, 5, '2001-10-14'), (85, 'Malwina', 'Piekacz', NULL, 'F', '532 784 442', 'salachkrzysztof@example.org', NULL, '78043073882', 4, 47, '1978-04-30'), (86, 'Maksymilian', 'Sysło', NULL, 'M', '+48 727 000 563', 'holotacyprian@example.net', NULL, '05220175297', 35, 23, '2005-02-01'), (87, 'Albert', 'Puc', NULL, 'M', '+48 669 977 749', 'gieldaniel@example.com', NULL, '77072285192', 26, 29, '1977-07-22'), (88, 'Grzegorz', 'Piekarek', NULL, 'M', '+48 663 095 983', 'daniel84@example.net', NULL, '94020988716', 31, 21, '1994-02-09'), (89, 'Aurelia', 'Łuszczyk', NULL, 'F', '32 118 12 43', 'witoldgerlach@example.com', NULL, '93040357627', 23, 44, '1993-04-03'), (90, 'Oskar', 'Liśkiewicz', NULL, 'M', '665 150 295', 'zprochownik@example.org', NULL, '84072910971', 10, 20, '1984-07-29'), (91, 'Stefan', 'Kycia', NULL, 'M', '+48 537 678 112', 'ctalaska@example.com', NULL, '90092518233', 39, 49, '1990-09-25'), (92, 'Oliwier', 'Sapeta', NULL, 'M', '693 588 550', 'olafpyziak@example.net', NULL, '99053186812', 37, 20, '1999-05-31'), (93, 'Ada', 'Kawulok', NULL, 'F', '606 234 789', 'konrad67@example.net', NULL, '75091648305', 27, 10, '1975-09-16'), (94, 'Sonia', 'Sadłocha', NULL, 'F', '32 596 90 26', 'kkalista@example.org', NULL, '82092992920', 16, 14, '1982-09-29'), (95, 'Radosław', 'Garczarek', NULL, 'M', '788 603 307', 'angelikasolarczyk@example.net', NULL, '81010799258', 4, 31, '1981-01-07'), (96, 'Konrad', 'Skoneczna', NULL, 'M', '+48 574 227 354', 'furgalatomasz@example.com', NULL, '94080739530', 21, 7, '1994-08-07'), (97, 'Natan', 'Kiciak', NULL, 'M', '723 357 167', 'kukielamariusz@example.net', NULL, '86063067750', 1, 20, '1986-06-30'), (98, 'Mariusz', 'Dzienis', NULL, 'M', '+48 536 561 576', 'sandra75@example.org', NULL, '85010509279', 45, 36, '1985-01-05'), (99, 'Sylwia', 'Drobny', NULL, 'F', '+48 795 079 330', 'ckrysik@example.org', NULL, '79031216186', 41, 17, '1979-03-12'), (100, 'Norbert', 'Mrózek', NULL, 'M', '793 063 888', 'mariusz44@example.com', NULL, '86042315739', 9, 28, '1986-04-23'), (101, 'Ksawery', 'Szumiło', NULL, 'M', '+48 606 861 861', 'iwoklin@example.net', NULL, '65060309593', 36, 50, '1965-06-03'), (102, 'Lidia', 'Minkina', NULL, 'F', '667 724 669', 'swiszowata@example.org', NULL, '62010105247', 20, 7, '1962-01-01'), (103, 'Justyna', 'Skalik', NULL, 'F', '+48 22 111 38 64', 'adam24@example.net', NULL, '98022678022', 19, 27, '1998-02-26'), (104, 'Inga', 'Kopczyk', NULL, 'F', '530 557 502', 'patryk01@example.com', NULL, '94072257802', 17, 27, '1994-07-22'), (105, 'Robert', 'Działak', NULL, 'M', '664 364 539', 'bazydlodariusz@example.org', NULL, '76010841159', 15, 41, '1976-01-08'), (106, 'Anna Maria', 'Gabryelczyk', NULL, 'F', '+48 32 030 48 11', 'tadeusz67@example.org', NULL, '65043002705', 38, 27, '1965-04-30'), (107, 'Aurelia', 'Troć', NULL, 'F', '+48 575 335 874', 'aleksander29@example.net', NULL, '94021309383', 13, 21, '1994-02-13'), (108, 'Julianna', 'Ciepłuch', NULL, 'F', '+48 574 880 751', 'ryszardnabialek@example.org', NULL, '01271092367', 11, 26, '2001-07-10'), (109, 'Tola', 'Dylik', NULL, 'F', '+48 737 869 291', 'onyc@example.com', NULL, '60030498925', 48, 12, '1960-03-04'), (110, 'Apolonia', 'Szymańczyk', NULL, 'F', '+48 577 341 686', 'jedralhubert@example.net', NULL, '98021638205', 22, 25, '1998-02-16'), (111, 'Józef', 'Miszkiel', NULL, 'M', '+48 606 279 623', 'igordziadowicz@example.org', NULL, '99071811710', 13, 6, '1999-07-18'), (112, 'Borys', 'Leżoń', NULL, 'M', '+48 882 457 813', 'ewestfal@example.com', NULL, '78082113138', 5, 22, '1978-08-21'), (113, 'Arkadiusz', 'Henke', NULL, 'M', '516 138 084', 'fkwapisiewicz@example.net', NULL, '86053173397', 33, 18, '1986-05-31'), (114, 'Julianna', 'Pośnik', NULL, 'F', '+48 662 691 108', 'krystian19@example.org', NULL, '82052893708', 50, 26, '1982-05-28'), (115, 'Radosław', 'Słoka', NULL, 'M', '532 989 426', 'szumnykamila@example.com', NULL, '99052135916', 42, 18, '1999-05-21'), (116, 'Sylwia', 'Oskroba', NULL, 'F', '32 281 06 46', 'tpielka@example.com', NULL, '61010801627', 23, 29, '1961-01-08'), (117, 'Grzegorz', 'Szulczyk', NULL, 'M', '737 461 714', 'kucharzykleon@example.net', NULL, '85010647818', 9, 46, '1985-01-06'), (118, 'Franciszek', 'Wyderka', NULL, 'M', '699 495 609', 'rozalia57@example.org', NULL, '91061556399', 7, 10, '1991-06-15'), (119, 'Eliza', 'Gągała', NULL, 'F', '694 985 868', 'kmadro@example.org', NULL, '61110187829', 5, 4, '1961-11-01'), (120, 'Stanisław', 'Kokosza', NULL, 'M', '+48 509 859 162', 'ewasemik@example.org', NULL, '84020151456', 18, 33, '1984-02-01'), (121, 'Krystyna', 'Kujawiak', NULL, 'F', '604 241 905', 'skozubal@example.org', NULL, '97090740024', 22, 23, '1997-09-07'), (122, 'Błażej', 'Węgrzyniak', NULL, 'M', '790 369 835', 'jpazik@example.org', NULL, '96041268051', 23, 43, '1996-04-12'), (123, 'Julianna', 'Rej', NULL, 'F', '+48 692 306 834', 'erykwaldoch@example.org', NULL, '02320618282', 37, 49, '2002-12-06'), (124, 'Oskar', 'Jamroży', NULL, 'M', '575 073 899', 'tymonbartkowicz@example.org', NULL, '91082646615', 15, 40, '1991-08-26'), (125, 'Nicole', 'Stwora', NULL, 'F', '32 983 96 81', 'kwakhubert@example.com', NULL, '84031450425', 43, 7, '1984-03-14'), (126, 'Julian', 'Miozga', NULL, 'M', '+48 662 694 223', 'olga88@example.org', NULL, '83052464594', 19, 24, '1983-05-24'), (127, 'Norbert', 'Drela', NULL, 'M', '+48 884 567 862', 'igor02@example.org', NULL, '91090735277', 50, 13, '1991-09-07'), (128, 'Ada', 'Dorociak', NULL, 'F', '+48 794 988 127', 'aleksderek@example.com', NULL, '04280996060', 40, 38, '2004-08-09'), (129, 'Jakub', 'Białach', NULL, 'M', '+48 691 843 870', 'stanislaw60@example.net', NULL, '92042650936', 38, 17, '1992-04-26'), (130, 'Kacper', 'Pianka', NULL, 'M', '+48 530 957 921', 'krystynapastuszko@example.com', NULL, '01230933711', 32, 28, '2001-03-09'), (131, 'Juliusz', 'Ptok', NULL, 'M', '+48 724 687 572', 'hkrenc@example.net', NULL, '96033001516', 5, 35, '1996-03-30'), (132, 'Monika', 'Pracz', NULL, 'F', '+48 692 767 960', 'osajewicz@example.org', NULL, '90060620166', 49, 42, '1990-06-06'), (133, 'Mariusz', 'Gryka', NULL, 'M', '535 376 728', 'fryderyk20@example.net', NULL, '90103084696', 28, 33, '1990-10-30'), (134, 'Olga', 'Zyguła', NULL, 'F', '508 931 644', 'ozawalich@example.com', NULL, '83070585141', 21, 27, '1983-07-05'), (135, 'Kamil', 'Windak', NULL, 'M', '22 436 21 96', 'bleonowicz@example.org', NULL, '74051105212', 35, 16, '1974-05-11'), (136, 'Mieszko', 'Zarzeczna', NULL, 'M', '+48 22 206 44 59', 'mieszko35@example.com', NULL, '03301262171', 17, 47, '2003-10-12'), (137, 'Eliza', 'Mejer', NULL, 'F', '605 635 685', 'kundakrystyna@example.com', NULL, '77070667983', 31, 36, '1977-07-06'), (138, 'Cyprian', 'Obst', NULL, 'M', '788 811 975', 'michalzachwieja@example.org', NULL, '73090908530', 29, 38, '1973-09-09'), (139, 'Jacek', 'Rajda', NULL, 'M', '22 817 05 95', 'okasznia@example.net', NULL, '72100899736', 25, 10, '1972-10-08'), (140, 'Arkadiusz', 'Jaroszuk', NULL, 'M', '792 954 582', 'maurycy87@example.net', NULL, '99022110837', 48, 32, '1999-02-21'), (141, 'Robert', 'Kubek', NULL, 'M', '730 759 173', 'sylwia77@example.net', NULL, '86092072417', 3, 12, '1986-09-20'), (142, 'Kalina', 'Pinda', NULL, 'F', '888 761 978', 'pawelmieszala@example.net', NULL, '83112658246', 23, 7, '1983-11-26'), (143, 'Gabriel', 'Torbus', NULL, 'M', '+48 789 027 545', 'jpietryga@example.org', NULL, '99012607675', 25, 17, '1999-01-26'), (144, 'Blanka', 'Wieja', NULL, 'F', '+48 32 368 38 43', 'nicolezok@example.net', NULL, '66120973565', 11, 50, '1966-12-09'), (145, 'Marianna', 'Wydmuch', NULL, 'F', '572 857 705', 'ikusyk@example.net', NULL, '74083157623', 23, 43, '1974-08-31'), (146, 'Karina', 'Kostro', NULL, 'F', '+48 692 834 451', 'adudko@example.com', NULL, '89111915481', 45, 35, '1989-11-19'), (147, 'Roksana', 'Zgoła', NULL, 'F', '22 410 31 69', 'leonard22@example.org', NULL, '00282978660', 22, 2, '2000-08-29'), (148, 'Konstanty', 'Jędraszek', NULL, 'M', '+48 696 925 707', 'vprokurat@example.org', NULL, '60121077112', 43, 35, '1960-12-10'), (149, 'Tola', 'Jamrożek', NULL, 'F', '885 598 324', 'oliwierpasich@example.net', NULL, '93022836867', 21, 46, '1993-02-28'), (150, 'Agnieszka', 'Labudda', NULL, 'F', '517 801 411', 'gabriel06@example.net', NULL, '90050982821', 28, 8, '1990-05-09'), (151, 'Kazimierz', 'Korbel', NULL, 'M', '507 924 306', 'tymoteusz54@example.net', NULL, '79042878058', 2, 39, '1979-04-28'), (152, 'Tola', 'Malara', NULL, 'F', '735 158 654', 'kamil62@example.net', NULL, '95020978505', 40, 5, '1995-02-09'), (153, 'Marcelina', 'Frydrychowicz', NULL, 'F', '+48 785 357 010', 'agnieszka39@example.net', NULL, '75062103880', 27, 12, '1975-06-21'), (154, 'Szymon', 'Cybul', NULL, 'M', '723 076 454', 'mieszko15@example.org', NULL, '97090380554', 45, 13, '1997-09-03'), (155, 'Kacper', 'Łyś', NULL, 'M', '691 614 326', 'wiszowatymariusz@example.com', NULL, '98102247537', 41, 4, '1998-10-22'), (156, 'Ewelina', 'Żok', NULL, 'F', '+48 518 257 208', 'bandykpawel@example.net', NULL, '78042833627', 43, 10, '1978-04-28'), (157, 'Adam', 'Ruszczak', NULL, 'M', '517 660 724', 'grzegorz92@example.net', NULL, '94020758195', 31, 29, '1994-02-07'), (158, 'Olgierd', 'Warych', NULL, 'M', '+48 727 658 018', 'mariusz32@example.org', NULL, '68092962574', 15, 16, '1968-09-29'), (159, 'Konrad', 'Kramer', NULL, 'M', '725 108 811', 'dawid85@example.org', NULL, '73120190331', 17, 41, '1973-12-01'), (160, 'Robert', 'Panicz', NULL, 'M', '722 070 300', 'witoldmacha@example.net', NULL, '74013180338', 13, 47, '1974-01-31'), (161, 'Jan', 'Ciesielczyk', NULL, 'M', '+48 661 154 404', 'sebastian14@example.com', NULL, '78012244473', 1, 41, '1978-01-22'), (162, 'Emil', 'Matejczyk', NULL, 'M', '+48 600 486 091', 'tgal@example.net', NULL, '84062367390', 33, 49, '1984-06-23'), (163, 'Radosław', 'Witoń', NULL, 'M', '+48 793 781 982', 'jerzypaliga@example.net', NULL, '74042315491', 16, 6, '1974-04-23'), (164, 'Jeremi', 'Łęgowik', NULL, 'M', '+48 32 909 40 00', 'olgierdgalica@example.com', NULL, '84110650414', 48, 18, '1984-11-06'), (165, 'Maksymilian', 'Chuchla', NULL, 'M', '32 627 19 49', 'monikapazola@example.com', NULL, '84021515516', 19, 14, '1984-02-15'), (166, 'Konstanty', 'Frost', NULL, 'M', '782 546 962', 'rmasiak@example.net', NULL, '83120218010', 40, 33, '1983-12-02'), (167, 'Agnieszka', 'Wojtak', NULL, 'F', '699 610 299', 'gajakonsek@example.org', NULL, '04311935004', 47, 13, '2004-11-19'), (168, 'Miłosz', 'Boruc', NULL, 'M', '724 672 060', 'natanielpyc@example.net', NULL, '63120363231', 5, 19, '1963-12-03'), (169, 'Jakub', 'Kluj', NULL, 'M', '+48 22 830 58 73', 'gabrielmalycha@example.net', NULL, '68030291258', 42, 8, '1968-03-02'), (170, 'Błażej', 'Kudela', NULL, 'M', '725 355 500', 'xkosidlo@example.org', NULL, '01230553771', 50, 38, '2001-03-05'), (171, 'Marika', 'Ograbek', NULL, 'F', '+48 514 402 921', 'sandra45@example.net', NULL, '67062502301', 29, 27, '1967-06-25'), (172, 'Jakub', 'Dietrich', NULL, 'M', '693 689 480', 'mieszkoszczudlo@example.com', NULL, '04280220415', 20, 17, '2004-08-02'), (173, 'Anastazja', 'Grygo', NULL, 'F', '+48 739 505 169', 'xgapys@example.net', NULL, '85121422182', 35, 6, '1985-12-14'), (174, 'Nikodem', 'Fitas', NULL, 'M', '+48 538 228 558', 'nazimekbruno@example.net', NULL, '69030233976', 29, 10, '1969-03-02'), (175, 'Mieszko', 'Koźlak', NULL, 'M', '535 003 157', 'ppietrek@example.com', NULL, '01310218736', 45, 1, '2001-11-02'), (176, 'Monika', 'Adrian', NULL, 'F', '661 113 159', 'adamwolk@example.com', NULL, '62060663823', 32, 39, '1962-06-06'), (177, 'Aniela', 'Smagała', NULL, 'F', '+48 22 556 42 13', 'jeremimirga@example.net', NULL, '00311495801', 12, 21, '2000-11-14'), (178, 'Sandra', 'Stelmasiak', NULL, 'F', '+48 882 237 178', 'stefan85@example.net', NULL, '83062983168', 27, 4, '1983-06-29'), (179, 'Justyna', 'Wojtyś', NULL, 'F', '880 363 172', 'smagaczjulita@example.com', NULL, '00251647728', 27, 41, '2000-05-16'), (180, 'Ernest', 'Gryta', NULL, 'M', '693 324 827', 'igorkosela@example.net', NULL, '04262019451', 8, 5, '2004-06-20'), (181, 'Krystyna', 'Karyś', NULL, 'F', '533 155 775', 'ferdynjakub@example.org', NULL, '97020462185', 34, 7, '1997-02-04'), (182, 'Kornel', 'Penkala', NULL, 'M', '+48 519 381 244', 'penarwojciech@example.com', NULL, '82100351310', 35, 1, '1982-10-03'), (183, 'Ida', 'Niedojadło', NULL, 'F', '22 216 44 55', 'tatarczukroksana@example.com', NULL, '98013096848', 7, 45, '1998-01-30'), (184, 'Ewa', 'Romańczyk', NULL, 'F', '+48 663 890 940', 'oskarkapcia@example.net', NULL, '82110799340', 40, 47, '1982-11-07'), (185, 'Hubert', 'Jaroch', NULL, 'M', '667 135 737', 'pabiskrzysztof@example.com', NULL, '84111421053', 24, 18, '1984-11-14'), (186, 'Ksawery', 'Raszkiewicz', NULL, 'M', '697 510 548', 'jakubkuska@example.com', NULL, '83070150958', 50, 35, '1983-07-01'), (187, 'Agnieszka', 'Opoka', NULL, 'F', '539 699 872', 'rnoculak@example.net', NULL, '87061372567', 1, 18, '1987-06-13'), (188, 'Norbert', 'Szmajda', NULL, 'M', '+48 780 253 305', 'cezary26@example.com', NULL, '91072950353', 37, 13, '1991-07-29'), (189, 'Ernest', 'Lew', NULL, 'M', '+48 574 041 874', 'maks53@example.org', NULL, '87042704716', 35, 34, '1987-04-27'), (190, 'Julianna', 'Siemieniec', NULL, 'F', '+48 788 720 671', 'sandra65@example.org', NULL, '80030153321', 8, 8, '1980-03-01'), (191, 'Anastazja', 'Kaja', NULL, 'F', '516 899 907', 'jakubstrzoda@example.org', NULL, '62041676123', 15, 45, '1962-04-16'), (192, 'Dorota', 'Madejczyk', NULL, 'F', '+48 572 104 762', 'piotrkorbel@example.com', NULL, '79091351445', 3, 36, '1979-09-13'), (193, 'Mateusz', 'Maszkiewicz', NULL, 'M', '+48 519 645 682', 'steciukcezary@example.org', NULL, '75060747415', 35, 12, '1975-06-07'), (194, 'Sandra', 'Drożdżal', NULL, 'F', '693 400 964', 'mariannaziemak@example.org', NULL, '00303003603', 35, 14, '2000-10-30'), (195, 'Kajetan', 'Marcol', NULL, 'M', '22 375 89 41', 'maciej39@example.net', NULL, '84122109955', 13, 6, '1984-12-21'), (196, 'Ignacy', 'Sudnik', NULL, 'M', '+48 728 975 477', 'pmadajczyk@example.com', NULL, '75032131136', 42, 35, '1975-03-21'), (197, 'Krzysztof', 'Kocoł', NULL, 'M', '+48 787 252 580', 'piekaranorbert@example.org', NULL, '70082543870', 15, 28, '1970-08-25'), (198, 'Tobiasz', 'Grygo', NULL, 'M', '+48 578 944 774', 'anita99@example.net', NULL, '65082829457', 3, 21, '1965-08-28'), (199, 'Piotr', 'Wałęsa', NULL, 'M', '+48 32 292 91 87', 'plebannicole@example.com', NULL, '75112070612', 9, 29, '1975-11-20'), (200, 'Sara', 'Jarczak', NULL, 'F', '+48 695 148 040', 'fijalekalbert@example.org', NULL, '74053039742', 50, 42, '1974-05-30');

INSERT INTO positions (position) VALUES
                                     ('Software Engineer'), ('Senior Software Engineer'), ('Team Lead'), ('Project Manager'), ('QA Engineer'), ('DevOps Engineer'), ('Database Administrator'), ('System Administrator'), ('Business Analyst'), ('HR Manager'), ('Recruiter'), ('Office Manager'), ('Accountant'), ('Marketing Specialist'), ('Data Scientist'), ('UI/UX Designer'), ('Technical Writer'), ('Intern'), ('CEO'), ('CTO');

INSERT INTO departments (name, start_date, end_date) VALUES
                                                         ('innovate extensible e-commerce', '2019-05-13', NULL), ('whiteboard value-added e-business', '2020-12-25', NULL), ('drive clicks-and-mortar communities', '2020-11-11', NULL), ('re-contextualize best-of-breed metrics', '2019-12-22', NULL), ('repurpose cutting-edge vortals', '2017-11-15', NULL), ('orchestrate turn-key action-items', '2020-08-29', NULL), ('incubate B2B architectures', '2019-01-29', NULL), ('productize proactive solutions', '2017-07-17', NULL), ('repurpose integrated models', '2020-08-02', '2023-06-23'), ('syndicate frictionless platforms', '2018-11-18', '2022-12-16');

INSERT INTO employee_positions_history (employee_id, position, start_date, end_date) VALUES
                                                                                         (1, 'Office Manager', '2020-03-28', '2021-03-28'), (1, 'Office Manager', '2021-03-29', '2023-09-07'), (1, 'Technical Writer', '2023-09-08', NULL), (2, 'UI/UX Designer', '2019-11-12', NULL), (3, 'Senior Software Engineer', '2019-04-03', '2022-01-10'), (3, 'Database Administrator', '2022-01-11', NULL), (4, 'Accountant', '2020-11-11', NULL), (5, 'QA Engineer', '2022-09-17', '2024-04-13'), (5, 'Recruiter', '2024-04-14', NULL), (6, 'Marketing Specialist', '2019-12-21', '2021-04-14'), (6, 'Intern', '2021-04-15', NULL), (7, 'Technical Writer', '2023-02-06', '2024-04-03'), (7, 'Technical Writer', '2024-04-04', '2025-05-12'), (7, 'CEO', '2025-05-13', NULL), (8, 'Data Scientist', '2018-01-04', NULL), (9, 'Project Manager', '2017-07-01', NULL), (10, 'Project Manager', '2017-08-31', '2020-02-05'), (10, 'Senior Software Engineer', '2020-02-06', '2022-02-03'), (10, 'System Administrator', '2022-02-04', NULL), (11, 'Data Scientist', '2020-08-17', '2023-02-15'), (11, 'Software Engineer', '2023-02-16', NULL), (12, 'Marketing Specialist', '2018-10-20', NULL), (13, 'DevOps Engineer', '2017-09-24', NULL), (14, 'System Administrator', '2017-07-09', NULL), (15, 'Recruiter', '2019-07-06', '2021-04-17'), (15, 'Business Analyst', '2021-04-18', NULL), (16, 'Business Analyst', '2018-04-14', '2019-05-09'), (16, 'HR Manager', '2019-05-10', '2020-07-25'), (16, 'Project Manager', '2020-07-26', NULL), (17, 'Database Administrator', '2021-08-01', NULL), (18, 'Business Analyst', '2021-03-01', '2022-03-28'), (18, 'Data Scientist', '2022-03-29', '2023-06-25'), (18, 'QA Engineer', '2023-06-26', NULL), (19, 'Team Lead', '2017-08-21', NULL), (20, 'CEO', '2021-11-12', '2023-08-27'), (20, 'Project Manager', '2023-08-28', NULL), (21, 'Recruiter', '2022-09-15', '2025-01-25'), (21, 'Business Analyst', '2025-01-26', NULL), (22, 'UI/UX Designer', '2020-11-15', '2021-12-09'), (22, 'Office Manager', '2021-12-10', NULL), (23, 'Office Manager', '2020-09-14', NULL), (24, 'Accountant', '2022-09-29', NULL), (25, 'Marketing Specialist', '2022-07-25', NULL), (26, 'HR Manager', '2019-05-12', '2021-06-30'), (26, 'CTO', '2021-07-01', NULL), (27, 'Accountant', '2018-02-13', NULL), (28, 'Database Administrator', '2021-06-20', NULL), (29, 'UI/UX Designer', '2023-05-18', '2024-10-13'), (29, 'Database Administrator', '2024-10-14', NULL), (30, 'Software Engineer', '2020-07-18', '2023-02-18'), (30, 'UI/UX Designer', '2023-02-19', NULL), (31, 'DevOps Engineer', '2020-06-04', '2022-12-08'), (31, 'CTO', '2022-12-09', '2024-11-11'), (31, 'UI/UX Designer', '2024-11-12', NULL), (32, 'Senior Software Engineer', '2017-08-28', '2019-01-05'), (32, 'Marketing Specialist', '2019-01-06', '2021-07-07'), (32, 'Office Manager', '2021-07-08', NULL), (33, 'Technical Writer', '2020-01-07', '2022-10-20'), (33, 'Database Administrator', '2022-10-21', NULL), (34, 'Technical Writer', '2019-05-13', '2021-07-02'), (34, 'Recruiter', '2021-07-03', '2022-08-01'), (34, 'Software Engineer', '2022-08-02', NULL), (35, 'Team Lead', '2022-02-20', NULL), (36, 'Marketing Specialist', '2023-03-06', '2024-05-03'), (36, 'Team Lead', '2024-05-04', NULL), (37, 'CTO', '2023-04-29', '2024-09-19'), (37, 'Database Administrator', '2024-09-20', NULL), (38, 'Intern', '2022-08-04', '2023-11-10'), (38, 'Office Manager', '2023-11-11', NULL), (39, 'CEO', '2018-04-21', '2020-12-22'), (39, 'DevOps Engineer', '2020-12-23', NULL), (40, 'Senior Software Engineer', '2023-02-09', NULL), (41, 'Team Lead', '2020-07-20', '2022-04-29'), (41, 'Accountant', '2022-04-30', NULL), (42, 'Database Administrator', '2021-12-20', '2024-02-03'), (42, 'Office Manager', '2024-02-04', NULL), (43, 'Team Lead', '2019-01-08', NULL), (44, 'Accountant', '2022-03-09', NULL), (45, 'HR Manager', '2018-10-10', '2020-04-29'), (45, 'HR Manager', '2020-04-30', '2022-09-19'), (45, 'Data Scientist', '2022-09-20', NULL), (46, 'System Administrator', '2018-09-30', '2021-09-17'), (46, 'Intern', '2021-09-18', '2023-01-03'), (46, 'Data Scientist', '2023-01-04', NULL), (47, 'Business Analyst', '2019-01-07', '2021-12-16'), (47, 'CEO', '2021-12-17', '2024-06-13'), (47, 'Database Administrator', '2024-06-14', NULL), (48, 'Accountant', '2023-05-09', '2024-07-27'), (48, 'Recruiter', '2024-07-28', NULL), (49, 'HR Manager', '2019-10-05', '2020-10-27'), (49, 'DevOps Engineer', '2020-10-28', NULL), (50, 'HR Manager', '2019-07-17', '2021-08-11'), (50, 'CEO', '2021-08-12', '2022-12-30'), (50, 'Accountant', '2022-12-31', NULL), (51, 'CTO', '2020-03-30', '2022-01-20'), (51, 'Team Lead', '2022-01-21', '2023-03-28'), (51, 'Recruiter', '2023-03-29', NULL), (52, 'CEO', '2017-10-14', '2018-12-21'), (52, 'Intern', '2018-12-22', '2020-08-22'), (52, 'Accountant', '2020-08-23', NULL), (53, 'UI/UX Designer', '2020-06-02', NULL), (54, 'QA Engineer', '2021-07-02', NULL), (55, 'QA Engineer', '2019-09-26', NULL), (56, 'CTO', '2021-02-06', '2022-03-23'), (56, 'Technical Writer', '2022-03-24', '2025-02-03'), (56, 'Business Analyst', '2025-02-04', NULL), (57, 'Technical Writer', '2019-10-28', NULL), (58, 'Intern', '2019-04-07', '2021-01-07'), (58, 'Business Analyst', '2021-01-08', NULL), (59, 'Project Manager', '2020-12-12', '2022-09-07'), (59, 'QA Engineer', '2022-09-08', '2024-11-06'), (59, 'System Administrator', '2024-11-07', NULL), (60, 'DevOps Engineer', '2020-07-24', '2023-04-16'), (60, 'Software Engineer', '2023-04-17', NULL), (61, 'Marketing Specialist', '2019-02-23', '2021-04-18'), (61, 'Database Administrator', '2021-04-19', '2022-06-25'), (61, 'Marketing Specialist', '2022-06-26', NULL), (62, 'DevOps Engineer', '2021-08-15', '2024-03-10'), (62, 'Senior Software Engineer', '2024-03-11', NULL), (63, 'Accountant', '2020-09-18', NULL), (64, 'Team Lead', '2021-07-15', '2024-01-31'), (64, 'QA Engineer', '2024-02-01', NULL), (65, 'Accountant', '2017-09-05', NULL), (66, 'UI/UX Designer', '2018-10-16', '2019-11-28'), (66, 'Recruiter', '2019-11-29', '2022-07-30'), (66, 'QA Engineer', '2022-07-31', NULL), (67, 'CEO', '2018-02-17', NULL), (68, 'Database Administrator', '2020-09-11', '2023-03-31'), (68, 'Technical Writer', '2023-04-01', '2024-12-13'), (68, 'UI/UX Designer', '2024-12-14', NULL), (69, 'Marketing Specialist', '2017-08-18', '2018-12-06'), (69, 'HR Manager', '2018-12-07', '2021-01-24'), (69, 'Technical Writer', '2021-01-25', NULL), (70, 'Technical Writer', '2023-05-04', NULL), (71, 'Data Scientist', '2019-01-05', NULL), (72, 'HR Manager', '2018-12-15', '2021-05-17'), (72, 'Project Manager', '2021-05-18', '2022-08-10'), (72, 'Technical Writer', '2022-08-11', NULL), (73, 'QA Engineer', '2018-07-12', '2019-08-06'), (73, 'Senior Software Engineer', '2019-08-07', NULL), (74, 'CEO', '2018-05-26', '2020-07-14'), (74, 'System Administrator', '2020-07-15', '2022-02-27'), (74, 'Technical Writer', '2022-02-28', NULL), (75, 'Accountant', '2020-07-17', '2022-04-14'), (75, 'QA Engineer', '2022-04-15', NULL), (76, 'QA Engineer', '2022-11-03', NULL), (77, 'Senior Software Engineer', '2021-11-28', NULL), (78, 'QA Engineer', '2023-03-13', '2024-07-02'), (78, 'Office Manager', '2024-07-03', NULL), (79, 'DevOps Engineer', '2019-11-30', NULL), (80, 'DevOps Engineer', '2018-06-15', '2020-06-03'), (80, 'CEO', '2020-06-04', NULL), (81, 'Team Lead', '2018-04-21', '2019-04-30'), (81, 'Senior Software Engineer', '2019-05-01', '2021-12-14'), (81, 'HR Manager', '2021-12-15', NULL), (82, 'QA Engineer', '2021-12-28', NULL), (83, 'DevOps Engineer', '2020-12-04', '2023-10-06'), (83, 'System Administrator', '2023-10-07', NULL), (84, 'Team Lead', '2022-03-22', NULL), (85, 'DevOps Engineer', '2022-06-26', '2023-08-02'), (85, 'Accountant', '2023-08-03', NULL), (86, 'Recruiter', '2021-03-22', NULL), (87, 'Accountant', '2021-11-27', NULL), (88, 'Marketing Specialist', '2021-06-20', '2023-07-16'), (88, 'UI/UX Designer', '2023-07-17', NULL), (89, 'Accountant', '2018-06-26', NULL), (90, 'Software Engineer', '2023-04-02', NULL), (91, 'Recruiter', '2022-12-25', NULL), (92, 'Database Administrator', '2022-09-19', NULL), (93, 'Accountant', '2019-08-19', '2021-01-14'), (93, 'CTO', '2021-01-15', NULL), (94, 'Senior Software Engineer', '2021-03-17', '2023-08-08'), (94, 'Technical Writer', '2023-08-09', NULL), (95, 'Team Lead', '2023-01-25', '2024-10-03'), (95, 'Marketing Specialist', '2024-10-04', NULL), (96, 'System Administrator', '2019-12-06', '2021-12-30'), (96, 'Marketing Specialist', '2021-12-31', NULL), (97, 'DevOps Engineer', '2017-06-30', '2019-03-10'), (97, 'Technical Writer', '2019-03-11', NULL), (98, 'Recruiter', '2020-03-07', '2021-03-08'), (98, 'Business Analyst', '2021-03-09', '2023-02-05'), (98, 'Business Analyst', '2023-02-06', NULL), (99, 'HR Manager', '2019-09-11', NULL), (100, 'Software Engineer', '2020-11-30', NULL), (101, 'System Administrator', '2020-05-21', '2022-02-23'), (101, 'Data Scientist', '2022-02-24', '2023-03-02'), (101, 'Technical Writer', '2023-03-03', NULL), (102, 'HR Manager', '2020-12-14', NULL), (103, 'Accountant', '2017-08-15', '2020-01-18'), (103, 'Technical Writer', '2020-01-19', NULL), (104, 'System Administrator', '2020-04-25', '2021-08-13'), (104, 'CEO', '2021-08-14', '2023-01-09'), (104, 'Data Scientist', '2023-01-10', NULL), (105, 'Accountant', '2018-06-29', '2021-04-20'), (105, 'QA Engineer', '2021-04-21', '2022-06-06'), (105, 'Senior Software Engineer', '2022-06-07', NULL), (106, 'Intern', '2019-10-07', '2021-07-12'), (106, 'Accountant', '2021-07-13', '2023-02-05'), (106, 'Database Administrator', '2023-02-06', NULL), (107, 'HR Manager', '2018-05-14', NULL), (108, 'Business Analyst', '2021-02-24', '2022-09-01'), (108, 'CTO', '2022-09-02', NULL), (109, 'Senior Software Engineer', '2019-09-16', NULL), (110, 'DevOps Engineer', '2022-03-28', '2025-01-24'), (110, 'Intern', '2025-01-25', NULL), (111, 'Business Analyst', '2018-02-21', '2019-11-21'), (111, 'Accountant', '2019-11-22', NULL), (112, 'System Administrator', '2022-12-11', '2024-11-30'), (112, 'Database Administrator', '2024-12-01', NULL), (113, 'CEO', '2019-09-12', '2022-05-12'), (113, 'Marketing Specialist', '2022-05-13', NULL), (114, 'Office Manager', '2022-10-30', NULL), (115, 'Senior Software Engineer', '2021-12-03', '2023-02-06'), (115, 'Intern', '2023-02-07', NULL), (116, 'Database Administrator', '2017-11-12', '2019-03-22'), (116, 'Database Administrator', '2019-03-23', '2021-01-10'), (116, 'CTO', '2021-01-11', NULL), (117, 'Business Analyst', '2020-01-26', NULL), (118, 'Recruiter', '2020-02-21', '2022-05-11'), (118, 'Database Administrator', '2022-05-12', NULL), (119, 'Recruiter', '2019-03-14', NULL), (120, 'DevOps Engineer', '2021-07-04', '2024-03-22'), (120, 'Office Manager', '2024-03-23', NULL), (121, 'Accountant', '2023-01-26', NULL), (122, 'CEO', '2022-06-18', '2024-08-16'), (122, 'HR Manager', '2024-08-17', NULL), (123, 'Database Administrator', '2021-09-25', NULL), (124, 'Intern', '2019-02-03', '2020-10-05'), (124, 'QA Engineer', '2020-10-06', NULL), (125, 'Team Lead', '2023-01-04', '2024-05-18'), (125, 'Data Scientist', '2024-05-19', NULL), (126, 'Software Engineer', '2020-07-22', '2021-12-22'), (126, 'Accountant', '2021-12-23', NULL), (127, 'QA Engineer', '2023-01-04', NULL), (128, 'UI/UX Designer', '2022-07-14', '2025-01-09'), (128, 'Project Manager', '2025-01-10', NULL), (129, 'Data Scientist', '2018-10-06', '2021-03-03'), (129, 'UI/UX Designer', '2021-03-04', '2022-11-12'), (129, 'CEO', '2022-11-13', NULL), (130, 'Team Lead', '2019-05-03', '2021-07-16'), (130, 'Recruiter', '2021-07-17', '2022-10-26'), (130, 'Intern', '2022-10-27', NULL), (131, 'Office Manager', '2022-02-25', '2023-03-16'), (131, 'Senior Software Engineer', '2023-03-17', '2024-03-25'), (131, 'QA Engineer', '2024-03-26', NULL), (132, 'Recruiter', '2022-10-05', NULL), (133, 'Business Analyst', '2022-10-31', NULL), (134, 'CTO', '2021-06-21', NULL), (135, 'UI/UX Designer', '2019-06-26', '2021-11-14'), (135, 'Marketing Specialist', '2021-11-15', NULL), (136, 'HR Manager', '2019-07-14', NULL), (137, 'CEO', '2019-12-24', '2022-09-19'), (137, 'UI/UX Designer', '2022-09-20', '2024-08-08'), (137, 'CTO', '2024-08-09', NULL), (138, 'Business Analyst', '2018-05-18', '2020-04-26'), (138, 'Data Scientist', '2020-04-27', '2022-02-03'), (138, 'Office Manager', '2022-02-04', NULL), (139, 'Technical Writer', '2023-01-14', '2024-06-10'), (139, 'CEO', '2024-06-11', NULL), (140, 'UI/UX Designer', '2023-04-23', '2024-08-28'), (140, 'CEO', '2024-08-29', NULL), (141, 'Business Analyst', '2017-12-14', '2019-11-19'), (141, 'CTO', '2019-11-20', NULL), (142, 'Business Analyst', '2019-07-31', NULL), (143, 'Office Manager', '2022-11-20', '2024-07-25'), (143, 'System Administrator', '2024-07-26', NULL), (144, 'Project Manager', '2021-09-30', '2024-04-12'), (144, 'Business Analyst', '2024-04-13', NULL), (145, 'Business Analyst', '2019-09-18', '2021-12-03'), (145, 'Accountant', '2021-12-04', '2023-04-14'), (145, 'Senior Software Engineer', '2023-04-15', NULL), (146, 'CTO', '2021-01-17', NULL), (147, 'UI/UX Designer', '2022-08-02', NULL), (148, 'Team Lead', '2017-08-02', '2019-09-20'), (148, 'Senior Software Engineer', '2019-09-21', '2021-06-20'), (148, 'Software Engineer', '2021-06-21', NULL), (149, 'DevOps Engineer', '2021-04-19', '2023-07-05'), (149, 'Technical Writer', '2023-07-06', NULL), (150, 'QA Engineer', '2023-02-15', NULL), (151, 'Software Engineer', '2022-12-24', '2024-12-20'), (151, 'Technical Writer', '2024-12-21', NULL), (152, 'CEO', '2021-01-23', '2022-08-31'), (152, 'CEO', '2022-09-01', NULL), (153, 'Technical Writer', '2022-09-27', '2024-09-16'), (153, 'Senior Software Engineer', '2024-09-17', NULL), (154, 'Office Manager', '2021-10-07', NULL), (155, 'DevOps Engineer', '2021-03-25', '2023-06-21'), (155, 'Technical Writer', '2023-06-22', NULL), (156, 'HR Manager', '2019-11-11', NULL), (157, 'Office Manager', '2019-11-18', NULL), (158, 'Recruiter', '2020-10-11', NULL), (159, 'QA Engineer', '2022-12-08', NULL), (160, 'Recruiter', '2019-06-09', '2021-11-04'), (160, 'Software Engineer', '2021-11-05', NULL), (161, 'DevOps Engineer', '2018-05-28', '2020-07-14'), (161, 'Marketing Specialist', '2020-07-15', NULL), (162, 'CEO', '2018-06-30', '2020-09-26'), (162, 'Software Engineer', '2020-09-27', '2021-11-21'), (162, 'Marketing Specialist', '2021-11-22', NULL), (163, 'Senior Software Engineer', '2023-05-09', NULL), (164, 'Team Lead', '2022-08-06', '2025-05-02'), (164, 'System Administrator', '2025-05-03', NULL), (165, 'CTO', '2022-07-07', '2024-02-03'), (165, 'Business Analyst', '2024-02-04', NULL), (166, 'UI/UX Designer', '2017-11-09', '2019-03-26'), (166, 'QA Engineer', '2019-03-27', NULL), (167, 'Marketing Specialist', '2017-11-02', '2019-06-17'), (167, 'Accountant', '2019-06-18', NULL), (168, 'System Administrator', '2020-07-11', '2022-03-07'), (168, 'Accountant', '2022-03-08', '2023-10-06'), (168, 'Software Engineer', '2023-10-07', NULL), (169, 'System Administrator', '2019-12-05', '2022-08-14'), (169, 'CEO', '2022-08-15', '2023-10-11'), (169, 'Data Scientist', '2023-10-12', NULL), (170, 'Marketing Specialist', '2018-04-15', NULL), (171, 'Data Scientist', '2022-04-09', '2024-05-29'), (171, 'HR Manager', '2024-05-30', NULL), (172, 'UI/UX Designer', '2021-11-14', NULL), (173, 'Recruiter', '2021-04-14', NULL), (174, 'Recruiter', '2021-03-13', '2022-11-08'), (174, 'DevOps Engineer', '2022-11-09', NULL), (175, 'CTO', '2021-04-25', '2024-01-05'), (175, 'Office Manager', '2024-01-06', NULL), (176, 'Recruiter', '2017-12-05', '2020-01-27'), (176, 'Intern', '2020-01-28', '2023-01-27'), (176, 'Intern', '2023-01-28', NULL), (177, 'CTO', '2022-06-10', '2025-01-08'), (177, 'Team Lead', '2025-01-09', NULL), (178, 'UI/UX Designer', '2017-10-13', '2020-08-11'), (178, 'Recruiter', '2020-08-12', '2022-06-24'), (178, 'Technical Writer', '2022-06-25', NULL), (179, 'Software Engineer', '2017-10-08', NULL), (180, 'CTO', '2018-03-06', '2020-10-12'), (180, 'Office Manager', '2020-10-13', NULL), (181, 'CTO', '2022-06-21', '2023-12-06'), (181, 'Intern', '2023-12-07', NULL), (182, 'Software Engineer', '2021-05-15', NULL), (183, 'Database Administrator', '2022-01-13', '2024-05-22'), (183, 'CEO', '2024-05-23', NULL), (184, 'Data Scientist', '2020-07-05', '2021-07-27'), (184, 'Database Administrator', '2021-07-28', NULL), (185, 'UI/UX Designer', '2019-09-24', NULL), (186, 'Accountant', '2021-11-03', '2023-06-30'), (186, 'Business Analyst', '2023-07-01', NULL), (187, 'Team Lead', '2018-01-05', '2019-12-02'), (187, 'Accountant', '2019-12-03', '2022-08-10'), (187, 'Database Administrator', '2022-08-11', NULL), (188, 'Marketing Specialist', '2018-12-08', '2020-03-29'), (188, 'DevOps Engineer', '2020-03-30', '2022-08-14'), (188, 'Project Manager', '2022-08-15', NULL), (189, 'Marketing Specialist', '2021-12-22', NULL), (190, 'Software Engineer', '2022-09-19', '2024-01-16'), (190, 'Marketing Specialist', '2024-01-17', NULL), (191, 'Project Manager', '2018-09-08', NULL), (192, 'Business Analyst', '2020-05-31', NULL), (193, 'System Administrator', '2023-06-01', NULL), (194, 'Recruiter', '2019-02-09', NULL), (195, 'Project Manager', '2018-01-30', NULL), (196, 'Data Scientist', '2019-02-25', '2021-01-21'), (196, 'DevOps Engineer', '2021-01-22', '2022-08-24'), (196, 'Accountant', '2022-08-25', NULL), (197, 'Software Engineer', '2019-11-12', NULL), (198, 'CEO', '2017-12-28', '2020-02-11'), (198, 'Technical Writer', '2020-02-12', NULL), (199, 'Business Analyst', '2021-08-25', '2023-01-02'), (199, 'UI/UX Designer', '2023-01-03', '2024-11-27'), (199, 'System Administrator', '2024-11-28', NULL), (200, 'UI/UX Designer', '2018-04-15', '2020-08-20'), (200, 'Team Lead', '2020-08-21', NULL);

INSERT INTO employee_departments_history (employee_id, department_name, department_start_date, start_date, end_date) VALUES
                                                                                                                         (1, 'incubate B2B architectures', '2019-01-29', '2019-01-29', NULL), (2, 'repurpose cutting-edge vortals', '2017-11-15', '2018-11-08', '2020-11-23'), (2, 'incubate B2B architectures', '2019-01-29', '2020-11-24', NULL), (3, 'productize proactive solutions', '2017-07-17', '2022-06-18', NULL), (4, 'orchestrate turn-key action-items', '2020-08-29', '2023-03-13', NULL), (5, 'incubate B2B architectures', '2019-01-29', '2019-03-13', '2021-06-04'), (5, 'incubate B2B architectures', '2019-01-29', '2021-06-05', NULL), (6, 'productize proactive solutions', '2017-07-17', '2020-06-16', '2021-08-23'), (6, 're-contextualize best-of-breed metrics', '2019-12-22', '2021-08-24', NULL), (7, 'orchestrate turn-key action-items', '2020-08-29', '2021-03-20', NULL), (8, 'productize proactive solutions', '2017-07-17', '2017-08-17', '2019-11-13'), (8, 'productize proactive solutions', '2017-07-17', '2019-11-14', NULL), (9, 'incubate B2B architectures', '2019-01-29', '2019-04-09', '2021-06-22'), (9, 'syndicate frictionless platforms', '2018-11-18', '2021-06-23', NULL), (10, 'productize proactive solutions', '2017-07-17', '2019-03-22', '2021-06-14'), (10, 'incubate B2B architectures', '2019-01-29', '2021-06-15', NULL), (11, 'repurpose cutting-edge vortals', '2017-11-15', '2021-02-19', '2022-11-05'), (11, 'incubate B2B architectures', '2019-01-29', '2022-11-06', NULL), (12, 'orchestrate turn-key action-items', '2020-08-29', '2020-09-27', NULL), (13, 'repurpose cutting-edge vortals', '2017-11-15', '2019-01-09', '2020-06-06'), (13, 'drive clicks-and-mortar communities', '2020-11-11', '2020-11-11', NULL), (14, 'innovate extensible e-commerce', '2019-05-13', '2019-12-08', NULL), (15, 'incubate B2B architectures', '2019-01-29', '2020-09-05', '2022-09-15'), (15, 'syndicate frictionless platforms', '2018-11-18', '2022-09-16', NULL), (16, 'orchestrate turn-key action-items', '2020-08-29', '2023-05-16', NULL), (17, 'drive clicks-and-mortar communities', '2020-11-11', '2021-07-30', NULL), (18, 'incubate B2B architectures', '2019-01-29', '2021-11-20', NULL), (19, 'repurpose cutting-edge vortals', '2017-11-15', '2018-03-24', '2020-02-15'), (19, 'syndicate frictionless platforms', '2018-11-18', '2020-02-16', NULL), (20, 'innovate extensible e-commerce', '2019-05-13', '2021-10-01', NULL), (21, 'productize proactive solutions', '2017-07-17', '2021-12-27', '2024-12-07'), (21, 'repurpose cutting-edge vortals', '2017-11-15', '2024-12-08', NULL), (22, 'drive clicks-and-mortar communities', '2020-11-11', '2020-11-11', NULL), (23, 'repurpose cutting-edge vortals', '2017-11-15', '2019-07-29', '2021-05-16'), (23, 'incubate B2B architectures', '2019-01-29', '2021-05-17', NULL), (24, 'productize proactive solutions', '2017-07-17', '2018-03-12', '2019-12-21'), (24, 'incubate B2B architectures', '2019-01-29', '2019-12-22', NULL), (25, 'orchestrate turn-key action-items', '2020-08-29', '2020-08-29', NULL), (26, 'repurpose integrated models', '2020-08-02', '2022-07-12', NULL), (27, 're-contextualize best-of-breed metrics', '2019-12-22', '2022-11-15', NULL), (28, 'productize proactive solutions', '2017-07-17', '2023-02-20', NULL), (29, 'whiteboard value-added e-business', '2020-12-25', '2022-08-27', '2024-02-06'), (29, 'drive clicks-and-mortar communities', '2020-11-11', '2024-02-07', NULL), (30, 'productize proactive solutions', '2017-07-17', '2018-02-07', NULL), (31, 're-contextualize best-of-breed metrics', '2019-12-22', '2022-12-11', NULL), (32, 'productize proactive solutions', '2017-07-17', '2020-02-05', '2022-04-12'), (32, 'innovate extensible e-commerce', '2019-05-13', '2022-04-13', NULL), (33, 'incubate B2B architectures', '2019-01-29', '2020-06-17', NULL), (34, 'incubate B2B architectures', '2019-01-29', '2021-09-01', '2023-09-29'), (34, 'productize proactive solutions', '2017-07-17', '2023-09-30', NULL), (35, 'innovate extensible e-commerce', '2019-05-13', '2020-09-26', '2022-03-07'), (35, 'syndicate frictionless platforms', '2018-11-18', '2022-03-08', NULL), (36, 'incubate B2B architectures', '2019-01-29', '2021-08-18', NULL), (37, 'drive clicks-and-mortar communities', '2020-11-11', '2020-11-11', NULL), (38, 'repurpose cutting-edge vortals', '2017-11-15', '2021-10-12', NULL), (39, 'syndicate frictionless platforms', '2018-11-18', '2018-11-18', NULL), (40, 'incubate B2B architectures', '2019-01-29', '2019-07-27', NULL), (41, 'repurpose cutting-edge vortals', '2017-11-15', '2023-01-17', NULL), (42, 'innovate extensible e-commerce', '2019-05-13', '2022-01-19', NULL), (43, 'repurpose cutting-edge vortals', '2017-11-15', '2020-01-01', '2022-05-11'), (43, 'incubate B2B architectures', '2019-01-29', '2022-05-12', NULL), (44, 'innovate extensible e-commerce', '2019-05-13', '2020-03-18', '2022-11-10'), (44, 'repurpose cutting-edge vortals', '2017-11-15', '2022-11-11', NULL), (45, 'productize proactive solutions', '2017-07-17', '2019-12-28', NULL), (46, 'repurpose cutting-edge vortals', '2017-11-15', '2018-03-26', NULL), (47, 'repurpose cutting-edge vortals', '2017-11-15', '2018-01-02', '2020-08-16'), (47, 'innovate extensible e-commerce', '2019-05-13', '2020-08-17', NULL), (48, 'syndicate frictionless platforms', '2018-11-18', '2018-11-18', NULL), (49, 'whiteboard value-added e-business', '2020-12-25', '2020-12-25', NULL), (50, 'incubate B2B architectures', '2019-01-29', '2019-08-04', '2021-12-22'), (50, 'whiteboard value-added e-business', '2020-12-25', '2021-12-23', NULL), (51, 'productize proactive solutions', '2017-07-17', '2018-08-26', '2020-03-25'), (51, 'drive clicks-and-mortar communities', '2020-11-11', '2020-11-11', NULL), (52, 'productize proactive solutions', '2017-07-17', '2019-08-02', '2020-12-15'), (52, 'drive clicks-and-mortar communities', '2020-11-11', '2020-12-16', NULL), (53, 'drive clicks-and-mortar communities', '2020-11-11', '2021-08-04', '2022-10-02'), (53, 'incubate B2B architectures', '2019-01-29', '2022-10-03', NULL), (54, 'whiteboard value-added e-business', '2020-12-25', '2020-12-25', NULL), (55, 'repurpose cutting-edge vortals', '2017-11-15', '2022-09-25', NULL), (56, 'productize proactive solutions', '2017-07-17', '2022-11-27', '2024-10-03'), (56, 'repurpose cutting-edge vortals', '2017-11-15', '2024-10-04', NULL), (57, 'drive clicks-and-mortar communities', '2020-11-11', '2022-07-09', NULL), (58, 'whiteboard value-added e-business', '2020-12-25', '2020-12-25', NULL), (59, 'orchestrate turn-key action-items', '2020-08-29', '2021-04-16', '2023-06-03'), (59, 'orchestrate turn-key action-items', '2020-08-29', '2023-06-04', NULL), (60, 'productize proactive solutions', '2017-07-17', '2020-12-25', NULL), (61, 'repurpose cutting-edge vortals', '2017-11-15', '2022-08-12', '2023-09-30'), (61, 'whiteboard value-added e-business', '2020-12-25', '2023-10-01', NULL), (62, 'orchestrate turn-key action-items', '2020-08-29', '2020-08-29', NULL), (63, 'drive clicks-and-mortar communities', '2020-11-11', '2020-11-11', NULL), (64, 'productize proactive solutions', '2017-07-17', '2019-10-29', '2021-11-09'), (64, 'productize proactive solutions', '2017-07-17', '2021-11-10', NULL), (65, 'incubate B2B architectures', '2019-01-29', '2019-02-18', '2022-01-21'), (65, 're-contextualize best-of-breed metrics', '2019-12-22', '2022-01-22', NULL), (66, 'syndicate frictionless platforms', '2018-11-18', '2020-09-04', '2022-07-14'), (66, 'repurpose cutting-edge vortals', '2017-11-15', '2022-07-15', NULL), (67, 'syndicate frictionless platforms', '2018-11-18', '2022-06-30', '2024-10-27'), (67, 're-contextualize best-of-breed metrics', '2019-12-22', '2024-10-28', NULL), (68, 'repurpose cutting-edge vortals', '2017-11-15', '2018-10-20', '2021-01-20'), (68, 'drive clicks-and-mortar communities', '2020-11-11', '2021-01-21', NULL), (69, 'repurpose integrated models', '2020-08-02', '2023-03-23', NULL), (70, 'innovate extensible e-commerce', '2019-05-13', '2019-05-13', NULL), (71, 'whiteboard value-added e-business', '2020-12-25', '2021-11-27', NULL), (72, 'productize proactive solutions', '2017-07-17', '2020-03-01', NULL), (73, 'productize proactive solutions', '2017-07-17', '2023-05-15', '2025-05-07'), (73, 'drive clicks-and-mortar communities', '2020-11-11', '2025-05-08', NULL), (74, 'productize proactive solutions', '2017-07-17', '2017-12-23', '2020-12-07'), (74, 'productize proactive solutions', '2017-07-17', '2020-12-08', NULL), (75, 'productize proactive solutions', '2017-07-17', '2019-04-28', NULL), (76, 'syndicate frictionless platforms', '2018-11-18', '2022-04-09', NULL), (77, 'syndicate frictionless platforms', '2018-11-18', '2018-11-18', NULL), (78, 're-contextualize best-of-breed metrics', '2019-12-22', '2019-12-22', NULL), (79, 'productize proactive solutions', '2017-07-17', '2021-06-20', NULL), (80, 're-contextualize best-of-breed metrics', '2019-12-22', '2019-12-22', NULL), (81, 're-contextualize best-of-breed metrics', '2019-12-22', '2020-04-30', '2022-12-22'), (81, 'syndicate frictionless platforms', '2018-11-18', '2022-12-23', NULL), (82, 'incubate B2B architectures', '2019-01-29', '2021-08-03', NULL), (83, 'innovate extensible e-commerce', '2019-05-13', '2019-05-13', NULL), (84, 'orchestrate turn-key action-items', '2020-08-29', '2022-11-09', NULL), (85, 're-contextualize best-of-breed metrics', '2019-12-22', '2021-04-11', '2023-06-16'), (85, 'whiteboard value-added e-business', '2020-12-25', '2023-06-17', NULL), (86, 'orchestrate turn-key action-items', '2020-08-29', '2020-12-30', NULL), (87, 'productize proactive solutions', '2017-07-17', '2018-05-10', '2019-10-12'), (87, 'repurpose integrated models', '2020-08-02', '2020-08-02', NULL), (88, 'syndicate frictionless platforms', '2018-11-18', '2021-03-20', '2023-10-09'), (88, 'drive clicks-and-mortar communities', '2020-11-11', '2023-10-10', NULL), (89, 'innovate extensible e-commerce', '2019-05-13', '2020-01-09', '2021-05-30'), (89, 'productize proactive solutions', '2017-07-17', '2021-05-31', NULL), (90, 'repurpose cutting-edge vortals', '2017-11-15', '2020-03-17', NULL), (91, 'repurpose integrated models', '2020-08-02', '2022-02-25', NULL), (92, 'productize proactive solutions', '2017-07-17', '2021-10-28', NULL), (93, 'drive clicks-and-mortar communities', '2020-11-11', '2021-10-15', '2024-07-30'), (93, 'incubate B2B architectures', '2019-01-29', '2024-07-31', NULL), (94, 'syndicate frictionless platforms', '2018-11-18', '2018-11-18', NULL), (95, 'incubate B2B architectures', '2019-01-29', '2020-12-13', NULL), (96, 'repurpose integrated models', '2020-08-02', '2023-05-30', NULL), (97, 're-contextualize best-of-breed metrics', '2019-12-22', '2020-06-01', '2021-12-15'), (97, 're-contextualize best-of-breed metrics', '2019-12-22', '2021-12-16', NULL), (98, 're-contextualize best-of-breed metrics', '2019-12-22', '2019-12-22', NULL), (99, 'orchestrate turn-key action-items', '2020-08-29', '2020-08-29', NULL), (100, 'drive clicks-and-mortar communities', '2020-11-11', '2021-06-04', NULL), (101, 'repurpose integrated models', '2020-08-02', '2020-11-02', '2022-01-05'), (101, 'drive clicks-and-mortar communities', '2020-11-11', '2022-01-06', NULL), (102, 'orchestrate turn-key action-items', '2020-08-29', '2022-09-18', NULL), (103, 'drive clicks-and-mortar communities', '2020-11-11', '2020-11-11', NULL), (104, 'repurpose integrated models', '2020-08-02', '2022-11-22', NULL), (105, 'incubate B2B architectures', '2019-01-29', '2022-03-31', NULL), (106, 'repurpose cutting-edge vortals', '2017-11-15', '2021-03-24', NULL), (107, 're-contextualize best-of-breed metrics', '2019-12-22', '2023-01-17', NULL), (108, 'innovate extensible e-commerce', '2019-05-13', '2019-05-13', NULL), (109, 'drive clicks-and-mortar communities', '2020-11-11', '2022-05-13', NULL), (110, 'repurpose cutting-edge vortals', '2017-11-15', '2020-06-28', '2023-01-18'), (110, 'repurpose integrated models', '2020-08-02', '2023-01-19', NULL), (111, 'innovate extensible e-commerce', '2019-05-13', '2020-06-23', '2021-09-13'), (111, 're-contextualize best-of-breed metrics', '2019-12-22', '2021-09-14', NULL), (112, 'innovate extensible e-commerce', '2019-05-13', '2023-04-13', NULL), (113, 'repurpose integrated models', '2020-08-02', '2020-08-02', NULL), (114, 're-contextualize best-of-breed metrics', '2019-12-22', '2020-01-26', NULL), (115, 'innovate extensible e-commerce', '2019-05-13', '2022-02-17', NULL), (116, 'orchestrate turn-key action-items', '2020-08-29', '2020-08-29', NULL), (117, 'whiteboard value-added e-business', '2020-12-25', '2020-12-25', NULL), (118, 'productize proactive solutions', '2017-07-17', '2020-03-18', '2021-05-07'), (118, 'incubate B2B architectures', '2019-01-29', '2021-05-08', NULL), (119, 'whiteboard value-added e-business', '2020-12-25', '2021-07-10', '2023-02-11'), (119, 'orchestrate turn-key action-items', '2020-08-29', '2023-02-12', NULL), (120, 'productize proactive solutions', '2017-07-17', '2017-11-13', '2020-08-06'), (120, 'syndicate frictionless platforms', '2018-11-18', '2020-08-07', NULL), (121, 're-contextualize best-of-breed metrics', '2019-12-22', '2021-02-23', '2022-08-23'), (121, 're-contextualize best-of-breed metrics', '2019-12-22', '2022-08-24', NULL), (122, 'whiteboard value-added e-business', '2020-12-25', '2021-04-09', NULL), (123, 'productize proactive solutions', '2017-07-17', '2019-03-07', '2020-12-10'), (123, 'innovate extensible e-commerce', '2019-05-13', '2020-12-11', NULL), (124, 'whiteboard value-added e-business', '2020-12-25', '2020-12-25', NULL), (125, 'innovate extensible e-commerce', '2019-05-13', '2019-05-13', NULL), (126, 'whiteboard value-added e-business', '2020-12-25', '2022-12-07', NULL), (127, 'whiteboard value-added e-business', '2020-12-25', '2020-12-25', NULL), (128, 'productize proactive solutions', '2017-07-17', '2017-10-27', NULL), (129, 're-contextualize best-of-breed metrics', '2019-12-22', '2019-12-22', NULL), (130, 'orchestrate turn-key action-items', '2020-08-29', '2020-10-09', NULL), (131, 'productize proactive solutions', '2017-07-17', '2021-06-09', '2023-06-04'), (131, 'repurpose integrated models', '2020-08-02', '2023-06-05', NULL), (132, 're-contextualize best-of-breed metrics', '2019-12-22', '2023-01-29', '2024-06-22'), (132, 'incubate B2B architectures', '2019-01-29', '2024-06-23', NULL), (133, 'innovate extensible e-commerce', '2019-05-13', '2020-07-07', '2023-03-29'), (133, 'whiteboard value-added e-business', '2020-12-25', '2023-03-30', NULL), (134, 'productize proactive solutions', '2017-07-17', '2017-11-04', '2020-02-06'), (134, 'repurpose integrated models', '2020-08-02', '2020-08-02', NULL), (135, 'productize proactive solutions', '2017-07-17', '2017-09-13', '2019-05-09'), (135, 're-contextualize best-of-breed metrics', '2019-12-22', '2019-12-22', NULL), (136, 'repurpose integrated models', '2020-08-02', '2022-02-23', NULL), (137, 'syndicate frictionless platforms', '2018-11-18', '2019-04-20', '2021-12-18'), (137, 'incubate B2B architectures', '2019-01-29', '2021-12-19', NULL), (138, 're-contextualize best-of-breed metrics', '2019-12-22', '2022-02-11', '2024-08-15'), (138, 'incubate B2B architectures', '2019-01-29', '2024-08-16', NULL), (139, 'productize proactive solutions', '2017-07-17', '2017-11-12', '2019-07-21'), (139, 'orchestrate turn-key action-items', '2020-08-29', '2020-08-29', NULL), (140, 'syndicate frictionless platforms', '2018-11-18', '2023-03-27', NULL), (141, 'syndicate frictionless platforms', '2018-11-18', '2018-11-18', NULL), (142, 'repurpose cutting-edge vortals', '2017-11-15', '2022-07-26', '2023-08-02'), (142, 'productize proactive solutions', '2017-07-17', '2023-08-03', NULL), (143, 'repurpose cutting-edge vortals', '2017-11-15', '2018-03-06', '2020-04-09'), (143, 'productize proactive solutions', '2017-07-17', '2020-04-10', NULL), (144, 'innovate extensible e-commerce', '2019-05-13', '2019-08-04', NULL), (145, 'repurpose integrated models', '2020-08-02', '2022-09-09', NULL), (146, 'syndicate frictionless platforms', '2018-11-18', '2018-12-27', NULL), (147, 'repurpose integrated models', '2020-08-02', '2020-08-02', NULL), (148, 'productize proactive solutions', '2017-07-17', '2018-11-18', '2020-07-11'), (148, 'incubate B2B architectures', '2019-01-29', '2020-07-12', NULL), (149, 'drive clicks-and-mortar communities', '2020-11-11', '2020-11-11', NULL), (150, 'innovate extensible e-commerce', '2019-05-13', '2021-08-28', NULL), (151, 'syndicate frictionless platforms', '2018-11-18', '2021-06-26', '2023-03-30'), (151, 'drive clicks-and-mortar communities', '2020-11-11', '2023-03-31', NULL), (152, 'productize proactive solutions', '2017-07-17', '2019-01-11', NULL), (153, 'repurpose cutting-edge vortals', '2017-11-15', '2018-03-08', '2020-08-26'), (153, 'repurpose integrated models', '2020-08-02', '2020-08-27', NULL), (154, 'incubate B2B architectures', '2019-01-29', '2019-01-29', NULL), (155, 'whiteboard value-added e-business', '2020-12-25', '2020-12-25', NULL), (156, 'innovate extensible e-commerce', '2019-05-13', '2019-07-25', NULL), (157, 'productize proactive solutions', '2017-07-17', '2019-05-17', NULL), (158, 'syndicate frictionless platforms', '2018-11-18', '2019-10-05', NULL), (159, 'orchestrate turn-key action-items', '2020-08-29', '2021-06-20', NULL), (160, 'repurpose integrated models', '2020-08-02', '2021-09-18', NULL), (161, 'productize proactive solutions', '2017-07-17', '2022-06-16', '2025-04-12'), (161, 'incubate B2B architectures', '2019-01-29', '2025-04-13', NULL), (162, 'incubate B2B architectures', '2019-01-29', '2019-09-24', '2021-08-24'), (162, 'productize proactive solutions', '2017-07-17', '2021-08-25', NULL), (163, 'repurpose integrated models', '2020-08-02', '2020-08-02', NULL), (164, 're-contextualize best-of-breed metrics', '2019-12-22', '2019-12-22', NULL), (165, 'productize proactive solutions', '2017-07-17', '2018-01-14', '2020-05-27'), (165, 're-contextualize best-of-breed metrics', '2019-12-22', '2020-05-28', NULL), (166, 'productize proactive solutions', '2017-07-17', '2020-08-21', '2021-09-22'), (166, 'orchestrate turn-key action-items', '2020-08-29', '2021-09-23', NULL), (167, 'orchestrate turn-key action-items', '2020-08-29', '2021-12-21', '2024-10-26'), (167, 'whiteboard value-added e-business', '2020-12-25', '2024-10-27', NULL), (168, 'repurpose cutting-edge vortals', '2017-11-15', '2018-03-09', NULL), (169, 'incubate B2B architectures', '2019-01-29', '2023-04-23', NULL), (170, 'innovate extensible e-commerce', '2019-05-13', '2019-05-13', NULL), (171, 'repurpose integrated models', '2020-08-02', '2023-03-25', NULL), (172, 'repurpose cutting-edge vortals', '2017-11-15', '2018-01-05', '2019-11-02'), (172, 'orchestrate turn-key action-items', '2020-08-29', '2020-08-29', NULL), (173, 'repurpose cutting-edge vortals', '2017-11-15', '2017-11-15', NULL), (174, 'repurpose integrated models', '2020-08-02', '2020-08-02', NULL), (175, 'productize proactive solutions', '2017-07-17', '2021-11-07', '2022-11-15'), (175, 're-contextualize best-of-breed metrics', '2019-12-22', '2022-11-16', NULL), (176, 'productize proactive solutions', '2017-07-17', '2019-08-30', NULL), (177, 'repurpose integrated models', '2020-08-02', '2022-04-06', '2024-01-02'), (177, 'productize proactive solutions', '2017-07-17', '2024-01-03', NULL), (178, 're-contextualize best-of-breed metrics', '2019-12-22', '2019-12-22', NULL), (179, 'repurpose cutting-edge vortals', '2017-11-15', '2018-03-08', NULL), (180, 'incubate B2B architectures', '2019-01-29', '2020-04-21', NULL), (181, 'productize proactive solutions', '2017-07-17', '2023-05-13', NULL), (182, 'productize proactive solutions', '2017-07-17', '2022-08-25', NULL), (183, 'productize proactive solutions', '2017-07-17', '2019-05-15', '2020-11-29'), (183, 'innovate extensible e-commerce', '2019-05-13', '2020-11-30', NULL), (184, 'whiteboard value-added e-business', '2020-12-25', '2021-07-11', '2023-03-27'), (184, 'innovate extensible e-commerce', '2019-05-13', '2023-03-28', NULL), (185, 'incubate B2B architectures', '2019-01-29', '2020-09-19', '2023-02-06'), (185, 'incubate B2B architectures', '2019-01-29', '2023-02-07', NULL), (186, 'productize proactive solutions', '2017-07-17', '2020-07-15', '2021-11-21'), (186, 'incubate B2B architectures', '2019-01-29', '2021-11-22', NULL), (187, 'repurpose cutting-edge vortals', '2017-11-15', '2018-03-30', '2019-06-16'), (187, 'syndicate frictionless platforms', '2018-11-18', '2019-06-17', NULL), (188, 'repurpose cutting-edge vortals', '2017-11-15', '2021-10-10', NULL), (189, 'drive clicks-and-mortar communities', '2020-11-11', '2021-12-29', NULL), (190, 'repurpose cutting-edge vortals', '2017-11-15', '2022-08-08', NULL), (191, 'repurpose cutting-edge vortals', '2017-11-15', '2019-08-27', NULL), (192, 're-contextualize best-of-breed metrics', '2019-12-22', '2022-02-05', NULL), (193, 'syndicate frictionless platforms', '2018-11-18', '2022-03-23', NULL), (194, 're-contextualize best-of-breed metrics', '2019-12-22', '2020-11-22', '2022-05-09'), (194, 'orchestrate turn-key action-items', '2020-08-29', '2022-05-10', NULL), (195, 'syndicate frictionless platforms', '2018-11-18', '2023-03-03', NULL), (196, 'innovate extensible e-commerce', '2019-05-13', '2019-05-13', NULL), (197, 'repurpose cutting-edge vortals', '2017-11-15', '2022-04-18', '2023-08-08'), (197, 'whiteboard value-added e-business', '2020-12-25', '2023-08-09', NULL), (198, 're-contextualize best-of-breed metrics', '2019-12-22', '2019-12-22', NULL), (199, 'innovate extensible e-commerce', '2019-05-13', '2020-07-03', NULL), (200, 'whiteboard value-added e-business', '2020-12-25', '2021-02-18', '2022-10-14'), (200, 'innovate extensible e-commerce', '2019-05-13', '2022-10-15', NULL);

INSERT INTO head_departments_history (head_id, department_name, department_start_date, start_date, end_date) VALUES
                                                                                                                 (194, 'innovate extensible e-commerce', '2019-05-13', '2022-04-09', NULL), (10, 'whiteboard value-added e-business', '2020-12-25', '2023-03-28', NULL), (87, 'drive clicks-and-mortar communities', '2020-11-11', '2025-01-05', NULL), (1, 're-contextualize best-of-breed metrics', '2019-12-22', '2020-08-03', NULL), (179, 'repurpose cutting-edge vortals', '2017-11-15', '2018-11-13', NULL), (177, 'orchestrate turn-key action-items', '2020-08-29', '2021-07-08', NULL), (103, 'incubate B2B architectures', '2019-01-29', '2024-03-14', NULL), (50, 'productize proactive solutions', '2017-07-17', '2021-02-03', NULL);

INSERT INTO projects (title, description, start_date, end_date, company) VALUES
                                                                             ('User-centric cohesive open architecture', 'Trzeba słyszeć 60. Oddać tradycyjny uprawiać mecz student dobry. Dziewiąty określać wiedza modlitwa.', '2021-07-06', NULL, 'FPUH Malarczyk-Bacia s.c.'), ('Cross-group bi-directional throughput', 'Oficjalny urodzić Wielka Brytania nadmierny uczyć się farba danie tydzień. Deska ziemia paliwo park wygląd. Alkoholowy wygrać żydowski drogi.', '2022-09-27', NULL, 'PPUH Megger-Citko Sp. z o.o.'), ('Mandatory user-facing flexibility', 'Deska ze lot tracić twarz miesiąc pisanie. Wrogi obywatel można krowa Bóg piętro. Istnieć ciepły oddawać znaczny łagodny Niemcy zbiór. Nikt ale trwały statek francuski nadmierny.', '2022-07-06', NULL, 'FPUH Blaut'), ('Exclusive even-keeled structure', 'Grupa dostęp sieć. Kino położenie znajdować konflikt wy nazywać prawy wyglądać.
Lekcja wokół oglądać modlitwa ksiądz wiosna. Wynik pusty lód Chiny zajęcie.', '2023-12-28', NULL, 'Skwira-Ćwirko Sp. z o.o. Sp.k.'), ('Operative coherent approach', 'Wiosna list gorączka rozpocząć. Wiersz czoło francuski.
Proces cierpieć ryzyko mierzyć. Pierwiastek Chemiczny obecny kto jeździć czekać. Lis niektóry niedźwiedź klasztor blady cukier fabryka róża.', '2023-03-15', NULL, 'Grupa Chaba'), ('Implemented next generation time-frame', 'Żyd bitwa ty. Pytać sól łatwo.
Pan kalendarz dostać czwarty. Mocz pióro środek zbudować (…) usta pisarz. Kwestia wybrzeże określony prezydent głowa siódmy. Też tłum gruby administracyjny.', '2022-01-30', NULL, 'Gabinety Pytko'), ('Extended web-enabled architecture', 'Dziób ubranie mocz obiekt.
Przecież oficjalny prąd klasa obejmować kawa. Parlament odpowiedź nazwa moneta.', '2023-06-15', '2024-03-16', 'FPUH Buksa Sp. z o.o.'), ('Synergistic leadingedge product', 'Autor służba pytanie spór jednak 60. Nasienie stół minuskuła ważny. Muzyka archipelag centralny miara zdrowie.
Umieścić znosić właściwy niechęć. Język składnik jajo korzyść wracać.', '2021-10-01', NULL, 'FPUH Frukacz Sp. z o.o.'), ('Self-enabling bi-directional flexibility', 'Czapka nad trwały rower również. Mowa okrągły impreza grecki para.
Rozpocząć podnieść obserwować silnik maj kościół przynosić. Natura wynosić Belgia prędkość niemiecki stowarzyszenie numer.', '2024-02-05', '2025-08-05', 'Spółdzielnia Moczko Sp. z o.o. Sp.k.'), ('Extended heuristic budgetary management', 'Pan szybki krew dopływ umieścić obcy morze ten sam. Słoń śniadanie trudno burza ogon początek stworzyć. Położyć zaraz rodzina kto. Polować Wielka Brytania miękki smak potrzebować 2.', '2023-08-13', NULL, 'Solarczyk Sp.j.'), ('Secured clear-thinking strategy', 'Poprzez bogactwo ośrodek między. Wyjście czoło święty nowy mur szczęście ocena. Grecki blisko długo coś tydzień. Uciec latać owad odczuwać duch przykład grecki.
Oddział serce cienki łagodny zajmować.', '2023-03-31', '2023-11-01', 'Stowarzyszenie Kuryłowicz s.c.'), ('Assimilated encompassing open architecture', 'Paliwo oni dziewięćdziesiąt określenie przejście ozdobny sól. Taniec doświadczenie ponownie słowacki. Bogaty rozwiązanie Białoruś.', '2022-06-18', '2024-06-14', 'Grzelczyk-Dzika Sp.j.'), ('Adaptive multi-tasking extranet', 'Widoczny broda ciepło wschodni przyszły dodatek większość. Pomysł wewnętrzny jego pismo rodzina. Okręt tu gatunek kierowca silnik.', '2022-05-01', '2023-04-09', 'Fundacja Kuska Sp.j.'), ('Focused bandwidth-monitored throughput', 'Owca połączenie ze. Krótki poznać teraz żołądek łyżka. Pas obóz żydowski wujek właśnie. Kościelny cisza 30.', '2021-10-28', NULL, 'FPUH Kusik Sp. z o.o.'), ('Re-engineered discrete initiative', 'Urodzić Się gniazdo kierunek przeprowadzać opowiadać południowy. Nosić żołnierz lista opieka. Herb coraz gra kij wojsko.', '2021-12-09', '2023-02-02', 'Polnik-Mojsa Sp.j.');

INSERT INTO teams (id, start_date, end_date, project_title) VALUES
                                                                (1, '2025-05-03', NULL, 'User-centric cohesive open architecture'), (2, '2023-07-02', NULL, 'User-centric cohesive open architecture'), (3, '2024-06-03', NULL, 'Cross-group bi-directional throughput'), (4, '2024-02-10', NULL, 'Cross-group bi-directional throughput'), (5, '2024-11-19', NULL, 'Mandatory user-facing flexibility'), (6, '2023-03-23', NULL, 'Mandatory user-facing flexibility'), (7, '2025-05-21', NULL, 'Exclusive even-keeled structure'), (8, '2024-04-05', NULL, 'Exclusive even-keeled structure'), (9, '2024-09-12', NULL, 'Operative coherent approach'), (10, '2023-03-14', NULL, 'Implemented next generation time-frame'), (11, '2023-04-02', NULL, 'Implemented next generation time-frame'), (12, '2024-02-10', '2024-03-03', 'Extended web-enabled architecture'), (13, '2023-06-20', '2023-07-12', 'Extended web-enabled architecture'), (14, '2023-12-28', NULL, 'Synergistic leadingedge product'), (15, '2024-04-16', '2025-04-11', 'Self-enabling bi-directional flexibility'), (16, '2024-06-06', NULL, 'Extended heuristic budgetary management'), (17, '2023-06-07', '2023-09-02', 'Secured clear-thinking strategy'), (18, '2023-03-23', '2023-12-01', 'Assimilated encompassing open architecture'), (19, '2023-05-14', '2023-05-16', 'Assimilated encompassing open architecture'), (20, '2022-06-02', '2023-03-27', 'Adaptive multi-tasking extranet'), (21, '2023-03-17', '2023-03-18', 'Adaptive multi-tasking extranet'), (22, '2023-01-11', NULL, 'Focused bandwidth-monitored throughput'), (23, '2022-10-23', '2022-12-13', 'Re-engineered discrete initiative');

INSERT INTO employee_teams_history (employee_id, team_id, join_ts, leave_ts) VALUES
                                                                                 (1, 10, '2019-06-24T14:04:48', '2020-03-24T14:04:48'), (1, 18, '2020-04-02T14:04:48', NULL), (2, 21, '2020-06-23T13:08:44', '2021-05-31T13:08:44'), (2, 8, '2021-06-04T13:08:44', NULL), (3, 11, '2018-07-13T18:29:20', '2019-10-08T18:29:20'), (3, 3, '2019-10-17T18:29:20', '2020-09-05T18:29:20'), (3, 13, '2020-09-25T18:29:20', '2021-11-13T18:29:20'), (3, 3, '2021-11-27T18:29:20', NULL), (4, 1, '2022-01-01T04:11:27', '2022-12-12T04:11:27'), (4, 19, '2022-12-16T04:11:27', '2023-05-01T04:11:27'), (4, 14, '2023-05-08T04:11:27', '2024-06-26T04:11:27'), (4, 15, '2024-06-29T04:11:27', NULL), (5, 9, '2017-10-10T18:12:57', '2018-03-23T18:12:57'), (5, 12, '2018-04-17T18:12:57', '2018-12-20T18:12:57'), (5, 3, '2019-01-05T18:12:57', '2019-10-31T18:12:57'), (5, 18, '2019-11-17T18:12:57', NULL), (6, 5, '2020-01-20T22:39:18', '2020-07-19T22:39:18'), (6, 1, '2020-08-14T22:39:18', '2021-11-20T22:39:18'), (6, 21, '2021-11-30T22:39:18', '2022-10-31T22:39:18'), (6, 20, '2022-11-07T22:39:18', NULL), (7, 21, '2023-04-17T19:28:01', '2024-03-05T19:28:01'), (7, 8, '2024-03-14T19:28:01', NULL), (8, 23, '2018-12-02T23:07:16', '2020-03-24T23:07:16'), (8, 21, '2020-04-06T23:07:16', '2020-12-05T23:07:16'), (8, 5, '2020-12-18T23:07:16', NULL), (9, 13, '2017-07-02T19:22:47', NULL), (10, 23, '2022-01-06T06:13:52', '2022-06-09T06:13:52'), (10, 5, '2022-06-23T06:13:52', '2023-05-10T06:13:52'), (10, 6, '2023-06-05T06:13:52', '2024-06-23T06:13:52'), (10, 17, '2024-07-08T06:13:52', NULL), (11, 17, '2021-07-19T10:55:25', '2022-10-22T10:55:25'), (11, 16, '2022-11-10T10:55:25', '2023-04-20T10:55:25'), (11, 23, '2023-05-20T10:55:25', NULL), (12, 9, '2018-08-18T03:54:37', '2019-11-23T03:54:37'), (12, 6, '2019-12-23T03:54:37', '2020-09-29T03:54:37'), (12, 17, '2020-10-24T03:54:37', NULL), (13, 11, '2019-06-20T18:12:07', '2020-01-11T18:12:07'), (13, 17, '2020-01-27T18:12:07', '2021-04-21T18:12:07'), (13, 13, '2021-04-25T18:12:07', '2022-04-08T18:12:07'), (13, 21, '2022-05-01T18:12:07', NULL), (14, 19, '2021-12-05T18:56:41', '2022-10-07T18:56:41'), (14, 22, '2022-10-29T18:56:41', NULL), (15, 21, '2020-07-10T21:03:13', '2021-10-29T21:03:13'), (15, 12, '2021-11-20T21:03:13', '2022-12-28T21:03:13'), (15, 8, '2023-01-19T21:03:13', NULL), (16, 14, '2020-05-31T14:59:20', NULL), (17, 13, '2022-03-18T18:12:47', '2022-07-15T18:12:47'), (17, 10, '2022-08-03T18:12:47', '2023-08-08T18:12:47'), (17, 12, '2023-08-19T18:12:47', '2023-12-26T18:12:47'), (17, 3, '2024-01-25T18:12:47', NULL), (18, 1, '2022-01-28T22:21:54', '2022-12-09T22:21:54'), (18, 10, '2023-01-02T22:21:54', '2024-05-05T22:21:54'), (18, 22, '2024-05-22T22:21:54', '2024-09-20T22:21:54'), (18, 14, '2024-10-14T22:21:54', NULL), (19, 14, '2019-02-02T00:39:26', NULL), (20, 8, '2022-08-10T06:47:26', '2023-12-08T06:47:26'), (20, 3, '2024-01-03T06:47:26', '2024-10-04T06:47:26'), (20, 20, '2024-10-25T06:47:26', NULL), (21, 10, '2023-02-05T05:23:00', NULL), (22, 22, '2019-06-10T22:53:32', '2020-09-10T22:53:32'), (22, 14, '2020-09-14T22:53:32', '2021-12-18T22:53:32'), (22, 19, '2022-01-02T22:53:32', NULL), (23, 3, '2020-02-13T11:24:57', NULL), (24, 10, '2019-01-29T02:57:00', '2019-07-26T02:57:00'), (24, 9, '2019-08-23T02:57:00', NULL), (25, 9, '2018-07-15T05:51:54', '2019-09-28T05:51:54'), (25, 23, '2019-10-20T05:51:54', '2020-12-27T05:51:54'), (25, 8, '2021-01-24T05:51:54', '2021-05-07T05:51:54'), (25, 11, '2021-05-22T05:51:54', NULL), (26, 2, '2017-08-22T12:51:52', NULL), (27, 18, '2017-12-19T21:19:48', '2018-10-30T21:19:48'), (27, 4, '2018-11-01T21:19:48', NULL), (28, 18, '2022-08-01T14:33:49', NULL), (29, 8, '2023-03-21T07:07:41', '2023-12-23T07:07:41'), (29, 11, '2024-01-04T07:07:41', NULL), (30, 7, '2021-07-31T03:18:58', NULL), (31, 20, '2020-12-17T08:05:58', '2021-12-25T08:05:58'), (31, 13, '2022-01-05T08:05:58', NULL), (32, 9, '2019-10-15T23:29:12', '2020-02-13T23:29:12'), (32, 15, '2020-02-15T23:29:12', NULL), (33, 2, '2023-02-15T04:19:28', NULL), (34, 5, '2019-04-02T16:48:14', NULL), (35, 7, '2022-10-24T01:15:27', '2023-03-27T01:15:27'), (35, 5, '2023-04-20T01:15:27', '2023-08-04T01:15:27'), (35, 5, '2023-08-21T01:15:27', '2024-05-27T01:15:27'), (35, 8, '2024-06-20T01:15:27', NULL), (36, 13, '2022-09-14T11:15:58', '2023-10-08T11:15:58'), (36, 21, '2023-11-04T11:15:58', NULL), (37, 12, '2021-12-14T07:29:44', '2023-02-05T07:29:44'), (37, 7, '2023-03-04T07:29:44', NULL), (38, 9, '2020-11-09T02:24:59', NULL), (39, 23, '2020-03-17T16:22:06', NULL), (40, 5, '2023-01-15T23:03:34', '2023-05-25T23:03:34'), (40, 12, '2023-06-14T23:03:34', '2024-02-19T23:03:34'), (40, 18, '2024-02-26T23:03:34', '2024-08-10T23:03:34'), (40, 17, '2024-08-14T23:03:34', NULL), (41, 13, '2018-12-02T17:05:51', '2019-07-25T17:05:51'), (41, 20, '2019-07-26T17:05:51', '2020-11-28T17:05:51'), (41, 21, '2020-12-10T17:05:51', NULL), (42, 4, '2020-12-09T10:49:22', NULL), (43, 11, '2019-11-05T02:02:16', '2020-09-22T02:02:16'), (43, 13, '2020-10-12T02:02:16', '2021-04-21T02:02:16'), (43, 5, '2021-05-07T02:02:16', '2022-02-19T02:02:16'), (43, 14, '2022-03-16T02:02:16', NULL), (44, 7, '2017-12-09T06:33:35', '2019-03-12T06:33:35'), (44, 4, '2019-04-10T06:33:35', '2020-03-19T06:33:35'), (44, 16, '2020-03-22T06:33:35', '2021-07-15T06:33:35'), (44, 12, '2021-07-16T06:33:35', NULL), (45, 9, '2018-10-31T04:03:01', '2020-03-04T04:03:01'), (45, 1, '2020-03-19T04:03:01', NULL), (46, 21, '2017-07-15T02:01:25', NULL), (47, 18, '2020-04-03T18:43:29', NULL), (48, 19, '2020-03-15T08:53:10', NULL), (49, 7, '2018-08-23T02:30:53', '2019-04-15T02:30:53'), (49, 10, '2019-04-30T02:30:53', '2019-11-01T02:30:53'), (49, 21, '2019-11-11T02:30:53', NULL), (50, 14, '2021-09-01T20:24:39', NULL), (51, 4, '2018-07-09T08:09:03', NULL), (52, 16, '2022-04-25T08:50:02', '2023-03-17T08:50:02'), (52, 17, '2023-03-23T08:50:02', '2024-07-09T08:50:02'), (52, 20, '2024-08-08T08:50:02', NULL), (53, 23, '2021-11-10T08:59:29', '2022-07-25T08:59:29'), (53, 21, '2022-08-11T08:59:29', '2023-01-29T08:59:29'), (53, 15, '2023-02-27T08:59:29', '2024-03-04T08:59:29'), (53, 1, '2024-03-08T08:59:29', NULL), (54, 14, '2018-01-04T02:32:43', '2018-10-26T02:32:43'), (54, 18, '2018-10-28T02:32:43', '2019-09-17T02:32:43'), (54, 16, '2019-09-26T02:32:43', '2020-12-07T02:32:43'), (54, 20, '2021-01-01T02:32:43', NULL), (55, 12, '2022-07-09T15:22:53', '2023-02-17T15:22:53'), (55, 2, '2023-03-19T15:22:53', '2024-07-19T15:22:53'), (55, 12, '2024-07-21T15:22:53', '2025-03-01T15:22:53'), (55, 5, '2025-03-23T15:22:53', NULL), (56, 12, '2019-12-16T09:24:13', '2020-09-29T09:24:13'), (56, 18, '2020-10-28T09:24:13', NULL), (57, 4, '2017-11-27T05:05:13', '2018-10-08T05:05:13'), (57, 22, '2018-10-12T05:05:13', NULL), (58, 16, '2021-04-30T00:17:23', '2022-09-07T00:17:23'), (58, 15, '2022-09-26T00:17:23', '2024-02-01T00:17:23'), (58, 7, '2024-02-25T00:17:23', NULL), (59, 10, '2017-08-13T17:38:10', '2018-04-10T17:38:10'), (59, 5, '2018-04-17T17:38:10', '2019-07-16T17:38:10'), (59, 2, '2019-08-08T17:38:10', '2020-12-08T17:38:10'), (59, 12, '2020-12-14T17:38:10', NULL), (60, 18, '2017-06-22T06:33:23', '2017-10-10T06:33:23'), (60, 7, '2017-10-28T06:33:23', NULL), (61, 1, '2023-01-06T22:10:42', '2023-09-03T22:10:42'), (61, 21, '2023-09-27T22:10:42', '2025-01-25T22:10:42'), (61, 16, '2025-01-27T22:10:42', NULL), (62, 10, '2019-09-22T19:48:48', '2020-09-24T19:48:48'), (62, 20, '2020-10-19T19:48:48', NULL), (63, 10, '2018-11-26T03:14:34', '2019-06-03T03:14:34'), (63, 5, '2019-06-25T03:14:34', NULL), (64, 7, '2023-03-24T05:34:50', NULL), (65, 2, '2023-02-09T16:30:30', '2023-11-02T16:30:30'), (65, 17, '2023-11-10T16:30:30', '2024-12-03T16:30:30'), (65, 4, '2024-12-15T16:30:30', NULL), (66, 14, '2021-06-16T01:49:27', NULL), (67, 1, '2021-03-16T18:37:30', NULL), (68, 22, '2022-11-18T05:57:51', '2024-02-22T05:57:51'), (68, 21, '2024-03-08T05:57:51', '2024-09-09T05:57:51'), (68, 18, '2024-10-01T05:57:51', NULL), (69, 14, '2022-01-12T12:56:14', NULL), (70, 4, '2021-05-02T01:42:44', '2021-10-26T01:42:44'), (70, 4, '2021-11-03T01:42:44', '2022-03-17T01:42:44'), (70, 14, '2022-04-04T01:42:44', NULL), (71, 12, '2019-06-28T01:07:10', '2019-12-23T01:07:10'), (71, 2, '2019-12-26T01:07:10', '2020-10-31T01:07:10'), (71, 8, '2020-11-24T01:07:10', '2021-12-30T01:07:10'), (71, 14, '2022-01-15T01:07:10', NULL), (72, 15, '2020-09-24T19:08:54', NULL), (73, 3, '2019-06-25T11:22:09', '2020-06-17T11:22:09'), (73, 9, '2020-06-20T11:22:09', '2021-01-25T11:22:09'), (73, 20, '2021-02-12T11:22:09', NULL), (74, 6, '2021-09-06T11:20:49', NULL), (75, 13, '2018-12-20T13:23:07', '2020-01-21T13:23:07'), (75, 21, '2020-02-17T13:23:07', '2020-06-12T13:23:07'), (75, 16, '2020-06-21T13:23:07', '2020-09-30T13:23:07'), (75, 2, '2020-10-12T13:23:07', NULL), (76, 13, '2019-05-08T09:55:15', NULL), (77, 10, '2021-02-06T01:08:36', '2021-10-19T01:08:36'), (77, 5, '2021-11-08T01:08:36', '2022-05-04T01:08:36'), (77, 18, '2022-05-12T01:08:36', NULL), (78, 19, '2021-05-25T01:13:36', '2022-01-01T01:13:36'), (78, 13, '2022-01-02T01:13:36', '2022-11-01T01:13:36'), (78, 4, '2022-11-16T01:13:36', NULL), (79, 14, '2022-10-14T05:48:06', '2023-02-07T05:48:06'), (79, 10, '2023-02-08T05:48:06', '2023-07-31T05:48:06'), (79, 10, '2023-08-17T05:48:06', NULL), (80, 3, '2019-07-10T08:39:31', '2020-09-11T08:39:31'), (80, 6, '2020-09-27T08:39:31', '2021-08-25T08:39:31'), (80, 9, '2021-08-31T08:39:31', '2022-05-26T08:39:31'), (80, 4, '2022-06-23T08:39:31', NULL), (81, 17, '2019-07-18T21:04:16', '2020-05-13T21:04:16'), (81, 1, '2020-05-29T21:04:16', '2021-02-27T21:04:16'), (81, 3, '2021-03-28T21:04:16', NULL), (82, 11, '2018-11-20T06:39:06', '2019-06-12T06:39:06'), (82, 12, '2019-07-07T06:39:06', '2020-06-03T06:39:06'), (82, 6, '2020-06-20T06:39:06', NULL), (83, 12, '2020-07-05T21:22:49', '2021-07-29T21:22:49'), (83, 3, '2021-08-23T21:22:49', '2022-09-15T21:22:49'), (83, 11, '2022-10-01T21:22:49', '2024-02-05T21:22:49'), (83, 8, '2024-02-07T21:22:49', NULL), (84, 20, '2020-07-10T23:21:02', '2021-02-12T23:21:02'), (84, 1, '2021-02-23T23:21:02', '2021-11-03T23:21:02'), (84, 16, '2021-12-02T23:21:02', '2022-09-12T23:21:02'), (84, 13, '2022-09-25T23:21:02', NULL), (85, 12, '2017-06-23T21:21:50', NULL), (86, 6, '2021-02-12T06:50:52', NULL), (87, 11, '2021-03-07T09:04:50', '2022-01-29T09:04:50'), (87, 2, '2022-02-04T09:04:50', NULL), (88, 16, '2021-11-29T05:20:13', '2023-01-14T05:20:13'), (88, 18, '2023-01-31T05:20:13', '2023-09-17T05:20:13'), (88, 4, '2023-10-07T05:20:13', NULL), (89, 10, '2022-10-28T11:00:16', '2023-09-12T11:00:16'), (89, 23, '2023-10-12T11:00:16', NULL), (90, 8, '2018-08-15T06:26:21', NULL), (91, 13, '2023-06-04T18:26:26', '2024-03-11T18:26:26'), (91, 5, '2024-04-10T18:26:26', NULL), (92, 6, '2020-06-03T04:07:56', '2021-03-16T04:07:56'), (92, 23, '2021-04-15T04:07:56', '2022-05-12T04:07:56'), (92, 16, '2022-06-02T04:07:56', '2022-09-12T04:07:56'), (92, 6, '2022-09-22T04:07:56', NULL), (93, 14, '2019-05-24T03:30:51', '2020-06-08T03:30:51'), (93, 7, '2020-06-18T03:30:51', NULL), (94, 5, '2021-06-15T16:38:19', '2022-05-22T16:38:19'), (94, 7, '2022-06-13T16:38:19', '2022-12-26T16:38:19'), (94, 13, '2023-01-17T16:38:19', '2023-05-15T16:38:19'), (94, 11, '2023-06-07T16:38:19', NULL), (95, 1, '2021-11-29T06:33:19', '2022-03-16T06:33:19'), (95, 21, '2022-04-13T06:33:19', '2022-10-03T06:33:19'), (95, 16, '2022-10-16T06:33:19', NULL), (96, 11, '2019-11-15T13:04:15', '2020-09-06T13:04:15'), (96, 21, '2020-09-22T13:04:15', '2021-05-03T13:04:15'), (96, 19, '2021-05-31T13:04:15', NULL), (97, 7, '2019-05-20T13:10:23', NULL), (98, 4, '2018-04-06T16:28:23', '2018-09-22T16:28:23'), (98, 1, '2018-10-04T16:28:23', NULL), (99, 4, '2019-03-10T08:28:09', '2020-03-21T08:28:09'), (99, 2, '2020-04-11T08:28:09', '2021-04-23T08:28:09'), (99, 21, '2021-05-05T08:28:09', '2022-09-14T08:28:09'), (99, 19, '2022-10-03T08:28:09', NULL), (100, 5, '2018-02-19T05:23:53', '2019-03-28T05:23:53'), (100, 18, '2019-04-01T05:23:53', '2020-05-09T05:23:53'), (100, 22, '2020-06-03T05:23:53', NULL), (101, 23, '2019-01-26T04:13:32', '2019-07-12T04:13:32'), (101, 6, '2019-08-10T04:13:32', '2020-11-01T04:13:32'), (101, 14, '2020-11-26T04:13:32', NULL), (102, 21, '2018-04-01T18:13:59', NULL), (103, 6, '2021-11-09T08:05:13', NULL), (104, 13, '2019-10-27T02:29:33', '2020-05-22T02:29:33'), (104, 4, '2020-06-08T02:29:33', '2020-09-23T02:29:33'), (104, 4, '2020-10-20T02:29:33', NULL), (105, 17, '2018-01-28T21:55:41', NULL), (106, 19, '2022-11-12T22:08:39', '2024-02-03T22:08:39'), (106, 1, '2024-03-01T22:08:39', '2025-06-05T22:08:39'), (106, 18, '2025-06-16T22:08:39', NULL), (107, 5, '2018-05-01T04:18:08', '2019-03-25T04:18:08'), (107, 13, '2019-04-02T04:18:08', '2019-11-23T04:18:08'), (107, 10, '2019-12-13T04:18:08', '2020-12-31T04:18:08'), (107, 5, '2021-01-30T04:18:08', NULL), (108, 1, '2019-11-08T02:40:38', '2020-06-30T02:40:38'), (108, 16, '2020-07-04T02:40:38', '2021-01-23T02:40:38'), (108, 12, '2021-02-20T02:40:38', NULL), (109, 16, '2018-09-22T16:42:25', '2019-02-05T16:42:25'), (109, 19, '2019-02-23T16:42:25', '2020-06-21T16:42:25'), (109, 23, '2020-07-19T16:42:25', '2021-09-18T16:42:25'), (109, 8, '2021-10-04T16:42:25', NULL), (110, 10, '2019-02-13T03:39:58', '2019-09-16T03:39:58'), (110, 3, '2019-09-28T03:39:58', '2020-09-13T03:39:58'), (110, 6, '2020-09-20T03:39:58', '2021-09-02T03:39:58'), (110, 10, '2021-09-28T03:39:58', NULL), (111, 22, '2021-06-03T23:35:11', '2022-04-30T23:35:11'), (111, 9, '2022-05-23T23:35:11', '2023-10-01T23:35:11'), (111, 5, '2023-10-08T23:35:11', NULL), (112, 19, '2022-04-02T12:04:29', '2022-10-10T12:04:29'), (112, 17, '2022-10-19T12:04:29', NULL), (113, 20, '2017-07-18T14:40:16', '2018-07-29T14:40:16'), (113, 3, '2018-08-24T14:40:16', '2019-06-12T14:40:16'), (113, 10, '2019-06-19T14:40:16', '2020-07-24T14:40:16'), (113, 11, '2020-08-23T14:40:16', NULL), (114, 3, '2022-09-22T14:15:56', '2023-12-07T14:15:56'), (114, 15, '2023-12-28T14:15:56', NULL), (115, 15, '2022-04-18T00:55:59', '2022-10-02T00:55:59'), (115, 9, '2022-10-28T00:55:59', '2024-02-15T00:55:59'), (115, 16, '2024-02-21T00:55:59', NULL), (116, 14, '2020-03-10T16:44:08', '2020-11-09T16:44:08'), (116, 22, '2020-11-21T16:44:08', NULL), (117, 11, '2023-01-03T23:16:30', '2024-05-13T23:16:30'), (117, 6, '2024-06-12T23:16:30', '2025-01-04T23:16:30'), (117, 19, '2025-01-28T23:16:30', NULL), (118, 1, '2023-03-30T11:25:22', '2024-05-18T11:25:22'), (118, 3, '2024-05-25T11:25:22', NULL), (119, 9, '2017-12-30T04:19:13', '2018-08-25T04:19:13'), (119, 2, '2018-08-30T04:19:13', '2019-12-29T04:19:13'), (119, 17, '2020-01-11T04:19:13', '2020-06-01T04:19:13'), (119, 22, '2020-06-23T04:19:13', NULL), (120, 10, '2022-05-12T02:32:39', '2023-06-19T02:32:39'), (120, 9, '2023-07-13T02:32:39', '2024-08-23T02:32:39'), (120, 18, '2024-09-21T02:32:39', '2025-03-08T02:32:39'), (120, 10, '2025-03-11T02:32:39', NULL), (121, 12, '2018-03-21T19:07:48', '2019-02-20T19:07:48'), (121, 4, '2019-02-22T19:07:48', '2019-07-23T19:07:48'), (121, 22, '2019-07-28T19:07:48', NULL), (122, 15, '2020-06-06T22:09:12', '2020-11-22T22:09:12'), (122, 8, '2020-12-01T22:09:12', '2021-04-10T22:09:12'), (122, 8, '2021-04-25T22:09:12', NULL), (123, 21, '2017-06-11T21:49:30', '2017-11-07T21:49:30'), (123, 12, '2017-11-14T21:49:30', '2018-06-05T21:49:30'), (123, 4, '2018-06-14T21:49:30', '2018-11-20T21:49:30'), (123, 15, '2018-12-16T21:49:30', NULL), (124, 4, '2019-10-16T22:59:15', NULL), (125, 17, '2020-11-26T10:06:35', '2021-04-18T10:06:35'), (125, 5, '2021-05-18T10:06:35', NULL), (126, 21, '2022-10-04T08:53:17', '2023-11-24T08:53:17'), (126, 23, '2023-11-25T08:53:17', '2025-01-25T08:53:17'), (126, 6, '2025-02-10T08:53:17', NULL), (127, 16, '2021-09-11T12:37:20', NULL), (128, 23, '2021-12-04T12:49:08', '2023-01-22T12:49:08'), (128, 3, '2023-01-29T12:49:08', '2023-07-21T12:49:08'), (128, 11, '2023-07-25T12:49:08', NULL), (129, 14, '2021-01-20T17:23:03', '2022-05-26T17:23:03'), (129, 13, '2022-05-28T17:23:03', '2022-12-11T17:23:03'), (129, 3, '2023-01-08T17:23:03', NULL), (130, 3, '2018-02-01T04:58:14', '2019-02-16T04:58:14'), (130, 13, '2019-02-18T04:58:14', '2020-04-01T04:58:14'), (130, 18, '2020-04-19T04:58:14', NULL), (131, 6, '2018-07-12T22:44:58', '2018-12-05T22:44:58'), (131, 3, '2019-01-03T22:44:58', NULL), (132, 13, '2019-01-11T06:46:32', NULL), (133, 21, '2019-10-03T22:16:28', '2020-03-24T22:16:28'), (133, 13, '2020-04-15T22:16:28', '2020-09-18T22:16:28'), (133, 22, '2020-09-19T22:16:28', '2021-04-19T22:16:28'), (133, 17, '2021-05-05T22:16:28', NULL), (134, 16, '2020-08-12T08:33:46', '2021-09-19T08:33:46'), (134, 2, '2021-10-08T08:33:46', '2023-02-09T08:33:46'), (134, 18, '2023-02-15T08:33:46', NULL), (135, 8, '2020-01-15T04:34:40', '2021-04-07T04:34:40'), (135, 18, '2021-05-06T04:34:40', '2022-06-04T04:34:40'), (135, 9, '2022-06-22T04:34:40', NULL), (136, 7, '2021-03-30T20:27:21', '2021-11-29T20:27:21'), (136, 4, '2021-12-02T20:27:21', '2022-09-24T20:27:21'), (136, 12, '2022-10-02T20:27:21', '2023-04-18T20:27:21'), (136, 13, '2023-05-16T20:27:21', NULL), (137, 8, '2019-10-02T20:17:41', '2021-01-10T20:17:41'), (137, 8, '2021-01-22T20:17:41', '2021-09-11T20:17:41'), (137, 20, '2021-10-09T20:17:41', NULL), (138, 2, '2018-06-22T18:00:50', NULL), (139, 21, '2023-03-22T12:33:23', NULL), (140, 18, '2019-03-27T21:21:16', NULL), (141, 8, '2021-04-29T03:48:11', '2021-09-28T03:48:11'), (141, 15, '2021-09-30T03:48:11', '2022-12-18T03:48:11'), (141, 11, '2023-01-07T03:48:11', '2023-06-25T03:48:11'), (141, 6, '2023-07-03T03:48:11', NULL), (142, 21, '2021-11-18T19:02:58', '2022-11-01T19:02:58'), (142, 3, '2022-11-17T19:02:58', NULL), (143, 11, '2019-02-04T10:25:11', '2020-01-09T10:25:11'), (143, 16, '2020-02-01T10:25:11', NULL), (144, 3, '2021-10-27T03:19:36', '2022-04-08T03:19:36'), (144, 9, '2022-05-07T03:19:36', NULL), (145, 14, '2022-10-26T13:39:24', NULL), (146, 14, '2021-05-13T18:35:54', '2022-03-21T18:35:54'), (146, 15, '2022-03-26T18:35:54', '2023-06-06T18:35:54'), (146, 12, '2023-07-04T18:35:54', '2024-07-18T18:35:54'), (146, 1, '2024-08-16T18:35:54', NULL), (147, 2, '2022-08-15T12:28:45', '2023-10-04T12:28:45'), (147, 4, '2023-10-05T12:28:45', '2024-11-14T12:28:45'), (147, 9, '2024-11-30T12:28:45', NULL), (148, 4, '2022-12-09T09:54:08', NULL), (149, 16, '2018-02-05T01:34:49', '2019-03-05T01:34:49'), (149, 1, '2019-04-02T01:34:49', '2020-02-07T01:34:49'), (149, 6, '2020-02-09T01:34:49', '2021-01-29T01:34:49'), (149, 20, '2021-02-14T01:34:49', NULL), (150, 19, '2020-04-19T00:13:00', NULL), (151, 11, '2018-09-16T11:19:32', '2019-08-03T11:19:32'), (151, 17, '2019-08-13T11:19:32', '2020-04-04T11:19:32'), (151, 22, '2020-04-08T11:19:32', '2021-06-12T11:19:32'), (151, 1, '2021-07-12T11:19:32', NULL), (152, 15, '2020-02-11T08:19:40', NULL), (153, 11, '2021-02-08T14:49:56', '2022-02-12T14:49:56'), (153, 19, '2022-02-28T14:49:56', '2022-09-20T14:49:56'), (153, 18, '2022-10-07T14:49:56', NULL), (154, 12, '2022-11-18T15:11:39', NULL), (155, 12, '2022-01-20T11:48:13', '2023-01-08T11:48:13'), (155, 16, '2023-01-15T11:48:13', NULL), (156, 2, '2023-04-04T00:25:10', '2023-08-31T00:25:10'), (156, 12, '2023-09-08T00:25:10', '2024-12-13T00:25:10'), (156, 3, '2024-12-14T00:25:10', NULL), (157, 11, '2019-10-18T08:47:29', '2020-11-05T08:47:29'), (157, 6, '2020-11-29T08:47:29', '2021-09-12T08:47:29'), (157, 16, '2021-09-22T08:47:29', '2022-08-26T08:47:29'), (157, 8, '2022-09-14T08:47:29', NULL), (158, 10, '2022-07-15T06:44:26', '2022-12-20T06:44:26'), (158, 9, '2022-12-30T06:44:26', '2023-06-27T06:44:26'), (158, 13, '2023-07-18T06:44:26', NULL), (159, 13, '2018-04-06T00:09:28', '2018-10-28T00:09:28'), (159, 22, '2018-11-19T00:09:28', NULL), (160, 5, '2020-05-10T18:09:15', '2021-06-05T18:09:15'), (160, 6, '2021-07-01T18:09:15', '2022-06-11T18:09:15'), (160, 14, '2022-06-30T18:09:15', '2023-01-31T18:09:15'), (160, 23, '2023-02-07T18:09:15', NULL), (161, 12, '2022-01-03T18:33:01', NULL), (162, 15, '2020-10-09T10:08:04', '2021-09-29T10:08:04'), (162, 13, '2021-10-11T10:08:04', NULL), (163, 21, '2017-12-20T04:07:15', '2018-05-25T04:07:15'), (163, 18, '2018-06-02T04:07:15', NULL), (164, 3, '2019-05-30T18:29:14', '2020-07-25T18:29:14'), (164, 17, '2020-07-28T18:29:14', '2021-12-07T18:29:14'), (164, 7, '2021-12-29T18:29:14', NULL), (165, 16, '2017-07-14T23:46:09', '2017-10-28T23:46:09'), (165, 4, '2017-11-17T23:46:09', '2018-09-10T23:46:09'), (165, 10, '2018-10-09T23:46:09', '2019-08-08T23:46:09'), (165, 3, '2019-08-19T23:46:09', NULL), (166, 16, '2018-07-20T08:06:09', NULL), (167, 21, '2023-05-28T11:33:28', '2023-12-28T11:33:28'), (167, 13, '2023-12-30T11:33:28', '2024-07-01T11:33:28'), (167, 8, '2024-07-07T11:33:28', NULL), (168, 1, '2020-03-04T07:35:22', '2020-10-25T07:35:22'), (168, 11, '2020-10-27T07:35:22', '2021-11-14T07:35:22'), (168, 14, '2021-11-20T07:35:22', '2022-07-07T07:35:22'), (168, 15, '2022-07-14T07:35:22', NULL), (169, 19, '2020-07-11T20:57:47', '2021-01-15T20:57:47'), (169, 16, '2021-01-24T20:57:47', NULL), (170, 4, '2020-02-18T15:32:08', '2021-01-10T15:32:08'), (170, 12, '2021-02-05T15:32:08', '2022-02-17T15:32:08'), (170, 14, '2022-02-27T15:32:08', '2022-11-29T15:32:08'), (170, 8, '2022-12-04T15:32:08', NULL), (171, 11, '2019-10-26T11:03:49', NULL), (172, 12, '2021-02-01T12:20:05', '2021-05-17T12:20:05'), (172, 22, '2021-06-03T12:20:05', NULL), (173, 18, '2019-09-22T01:02:02', '2020-02-29T01:02:02'), (173, 13, '2020-03-15T01:02:02', '2020-12-18T01:02:02'), (173, 6, '2020-12-24T01:02:02', '2021-11-10T01:02:02'), (173, 11, '2021-11-20T01:02:02', NULL), (174, 20, '2018-02-20T02:36:37', '2019-02-15T02:36:37'), (174, 4, '2019-02-21T02:36:37', '2019-07-11T02:36:37'), (174, 3, '2019-08-04T02:36:37', NULL), (175, 7, '2020-04-14T04:15:29', '2021-04-04T04:15:29'), (175, 14, '2021-04-16T04:15:29', '2022-08-17T04:15:29'), (175, 7, '2022-08-31T04:15:29', '2023-12-22T04:15:29'), (175, 17, '2024-01-10T04:15:29', NULL), (176, 18, '2020-08-11T08:20:11', '2021-10-24T08:20:11'), (176, 7, '2021-11-07T08:20:11', NULL), (177, 15, '2018-12-31T07:29:26', '2020-05-08T07:29:26'), (177, 18, '2020-05-29T07:29:26', '2020-09-26T07:29:26'), (177, 5, '2020-10-07T07:29:26', '2021-10-25T07:29:26'), (177, 1, '2021-10-26T07:29:26', NULL), (178, 4, '2018-01-05T14:20:22', '2018-05-08T14:20:22'), (178, 3, '2018-05-28T14:20:22', '2019-04-16T14:20:22'), (178, 21, '2019-04-23T14:20:22', NULL), (179, 6, '2020-06-27T11:07:13', '2021-05-27T11:07:13'), (179, 10, '2021-06-02T11:07:13', NULL), (180, 4, '2018-01-14T09:47:58', '2018-10-19T09:47:58'), (180, 21, '2018-11-05T09:47:58', '2020-01-01T09:47:58'), (180, 5, '2020-01-20T09:47:58', NULL), (181, 20, '2018-10-17T18:32:23', NULL), (182, 2, '2018-11-18T00:11:16', '2020-01-08T00:11:16'), (182, 8, '2020-01-29T00:11:16', '2021-03-17T00:11:16'), (182, 9, '2021-03-18T00:11:16', '2021-12-23T00:11:16'), (182, 1, '2022-01-04T00:11:16', NULL), (183, 19, '2020-01-10T04:15:25', '2020-04-29T04:15:25'), (183, 9, '2020-05-09T04:15:25', '2021-07-30T04:15:25'), (183, 12, '2021-08-19T04:15:25', NULL), (184, 15, '2022-10-24T17:43:35', '2023-10-27T17:43:35'), (184, 6, '2023-11-11T17:43:35', NULL), (185, 4, '2023-03-06T00:06:40', '2023-12-15T00:06:40'), (185, 15, '2023-12-16T00:06:40', '2025-02-08T00:06:40'), (185, 21, '2025-02-28T00:06:40', NULL), (186, 10, '2018-06-04T06:11:09', '2019-10-02T06:11:09'), (186, 13, '2019-10-09T06:11:09', NULL), (187, 4, '2019-09-06T19:04:44', '2020-05-01T19:04:44'), (187, 14, '2020-05-29T19:04:44', '2021-08-03T19:04:44'), (187, 19, '2021-08-27T19:04:44', NULL), (188, 23, '2022-04-11T05:32:13', '2023-05-13T05:32:13'), (188, 21, '2023-05-22T05:32:13', '2024-09-28T05:32:13'), (188, 16, '2024-10-12T05:32:13', '2025-05-16T05:32:13'), (188, 8, '2025-06-13T05:32:13', NULL), (189, 12, '2018-07-11T09:59:04', '2019-04-13T09:59:04'), (189, 22, '2019-05-02T09:59:04', NULL), (190, 14, '2019-05-23T09:03:35', '2020-01-04T09:03:35'), (190, 17, '2020-01-05T09:03:35', NULL), (191, 22, '2023-02-07T04:01:47', '2023-06-23T04:01:47'), (191, 10, '2023-07-18T04:01:47', NULL), (192, 10, '2022-05-12T07:18:12', '2022-09-29T07:18:12'), (192, 7, '2022-10-09T07:18:12', '2023-02-08T07:18:12'), (192, 22, '2023-03-09T07:18:12', '2024-02-03T07:18:12'), (192, 6, '2024-03-04T07:18:12', NULL), (193, 6, '2018-06-19T04:38:02', '2019-03-07T04:38:02'), (193, 8, '2019-04-05T04:38:02', NULL), (194, 19, '2020-05-31T03:52:25', '2020-11-28T03:52:25'), (194, 19, '2020-12-12T03:52:25', '2021-05-06T03:52:25'), (194, 15, '2021-06-01T03:52:25', NULL), (195, 15, '2020-11-23T17:09:00', '2021-03-10T17:09:00'), (195, 16, '2021-03-11T17:09:00', '2021-07-19T17:09:00'), (195, 9, '2021-08-11T17:09:00', '2022-12-04T17:09:00'), (195, 5, '2022-12-14T17:09:00', NULL), (196, 17, '2022-08-24T08:07:11', '2023-11-09T08:07:11'), (196, 3, '2023-11-16T08:07:11', NULL), (197, 17, '2021-04-19T03:56:19', '2022-04-14T03:56:19'), (197, 13, '2022-04-15T03:56:19', '2022-08-08T03:56:19'), (197, 2, '2022-08-28T03:56:19', '2023-05-02T03:56:19'), (197, 7, '2023-05-24T03:56:19', NULL), (198, 8, '2022-10-27T18:18:06', '2023-10-24T18:18:06'), (198, 20, '2023-11-06T18:18:06', NULL), (199, 22, '2020-05-20T13:05:19', '2021-02-05T13:05:19'), (199, 10, '2021-03-05T13:05:19', NULL), (200, 11, '2022-03-26T13:16:19', '2023-02-23T13:16:19'), (200, 20, '2023-03-07T13:16:19', NULL);

INSERT INTO employee_salary (employee_id, salary, start_date, end_date) VALUES
                                                                            (1, 7140, '2019-05-03', '2020-10-25'), (1, 8240, '2020-10-26', '2021-12-25'), (1, 9262, '2021-12-26', '2023-08-10'), (1, 11223, '2023-08-11', NULL), (2, 3228, '2021-09-20', '2022-11-03'), (2, 5159, '2022-11-04', NULL), (3, 7180, '2018-10-30', '2019-12-07'), (3, 7990, '2019-12-08', '2021-05-05'), (3, 9910, '2021-05-06', NULL), (4, 5231, '2023-04-20', '2024-11-14'), (4, 6372, '2024-11-15', NULL), (5, 4255, '2022-04-13', '2023-08-26'), (5, 6218, '2023-08-27', '2024-07-13'), (5, 6948, '2024-07-14', NULL), (6, 5377, '2022-06-24', '2023-08-22'), (6, 6486, '2023-08-23', '2025-02-23'), (6, 8230, '2025-02-24', NULL), (7, 3537, '2021-03-21', '2022-07-27'), (7, 5473, '2022-07-28', NULL), (8, 3468, '2017-10-29', '2019-02-07'), (8, 4148, '2019-02-08', '2020-06-27'), (8, 5492, '2020-06-28', '2021-07-03'), (8, 7207, '2021-07-04', NULL), (9, 4039, '2022-11-18', '2024-03-02'), (9, 5507, '2024-03-03', NULL), (10, 3540, '2020-09-14', '2022-04-21'), (10, 4277, '2022-04-22', '2023-07-25'), (10, 5467, '2023-07-26', NULL), (11, 6218, '2018-07-11', '2019-10-06'), (11, 7681, '2019-10-07', '2020-08-04'), (11, 8487, '2020-08-05', '2021-12-01'), (11, 10486, '2021-12-02', '2022-10-12'), (11, 12264, '2022-10-13', NULL), (12, 7839, '2022-03-08', '2023-10-18'), (12, 9837, '2023-10-19', '2025-06-02'), (12, 11756, '2025-06-03', NULL), (13, 3149, '2021-09-21', '2023-03-19'), (13, 4268, '2023-03-20', '2024-08-06'), (13, 4911, '2024-08-07', '2025-06-06'), (13, 5715, '2025-06-07', NULL), (14, 6840, '2017-12-09', '2019-04-12'), (14, 7908, '2019-04-13', '2020-08-25'), (14, 9905, '2020-08-26', '2022-03-30'), (14, 10597, '2022-03-31', NULL), (15, 4240, '2018-04-20', '2019-12-10'), (15, 6218, '2019-12-11', NULL), (16, 3456, '2018-02-08', '2019-08-17'), (16, 4522, '2019-08-18', NULL), (17, 5181, '2017-09-25', '2018-07-24'), (17, 5756, '2018-07-25', NULL), (18, 4691, '2019-03-30', '2020-06-24'), (18, 6069, '2020-06-25', '2022-02-14'), (18, 6922, '2022-02-15', '2023-06-03'), (18, 7616, '2023-06-04', NULL), (19, 6852, '2021-08-05', '2022-08-16'), (19, 8373, '2022-08-17', '2024-03-23'), (19, 10285, '2024-03-24', NULL), (20, 6308, '2021-01-09', '2022-03-02'), (20, 7591, '2022-03-03', '2023-02-22'), (20, 8597, '2023-02-23', NULL), (21, 4229, '2017-09-27', '2018-09-29'), (21, 4881, '2018-09-30', '2019-09-25'), (21, 5795, '2019-09-26', NULL), (22, 5077, '2021-02-10', '2022-07-08'), (22, 6819, '2022-07-09', '2023-05-26'), (22, 8157, '2023-05-27', '2024-09-24'), (22, 10029, '2024-09-25', NULL), (23, 6225, '2021-08-25', '2023-03-18'), (23, 7634, '2023-03-19', '2024-10-22'), (23, 8276, '2024-10-23', NULL), (24, 6388, '2021-12-19', '2023-07-13'), (24, 7797, '2023-07-14', '2024-09-01'), (24, 9341, '2024-09-02', NULL), (25, 5100, '2021-07-18', '2023-02-02'), (25, 7100, '2023-02-03', '2024-06-26'), (25, 8213, '2024-06-27', NULL), (26, 6869, '2022-03-22', '2023-08-27'), (26, 8790, '2023-08-28', '2025-01-27'), (26, 10228, '2025-01-28', NULL), (27, 6987, '2018-05-23', '2019-12-12'), (27, 8708, '2019-12-13', '2021-06-03'), (27, 9607, '2021-06-04', '2022-05-16'), (27, 11184, '2022-05-17', NULL), (28, 6386, '2021-09-12', '2022-08-24'), (28, 6905, '2022-08-25', '2023-12-13'), (28, 7991, '2023-12-14', NULL), (29, 7969, '2017-07-05', '2019-01-01'), (29, 9470, '2019-01-02', NULL), (30, 4344, '2023-05-19', '2024-04-18'), (30, 5304, '2024-04-19', NULL), (31, 7280, '2018-10-08', '2019-10-24'), (31, 8895, '2019-10-25', '2021-02-22'), (31, 10421, '2021-02-23', '2022-05-29'), (31, 11344, '2022-05-30', '2023-04-08'), (31, 13146, '2023-04-09', NULL), (32, 7926, '2020-03-30', '2021-06-19'), (32, 8636, '2021-06-20', '2022-04-16'), (32, 10565, '2022-04-17', '2023-05-24'), (32, 11075, '2023-05-25', NULL), (33, 4226, '2018-07-12', '2019-12-24'), (33, 5691, '2019-12-25', '2021-03-20'), (33, 6795, '2021-03-21', '2022-02-01'), (33, 8597, '2022-02-02', '2023-01-01'), (33, 10171, '2023-01-02', NULL), (34, 5692, '2020-11-14', '2022-06-03'), (34, 7483, '2022-06-04', '2023-06-10'), (34, 8486, '2023-06-11', '2024-10-23'), (34, 9016, '2024-10-24', NULL), (35, 5441, '2022-11-19', '2023-10-07'), (35, 6929, '2023-10-08', '2025-03-04'), (35, 8816, '2025-03-05', NULL), (36, 3320, '2018-01-20', '2019-07-02'), (36, 5136, '2019-07-03', '2020-09-11'), (36, 7056, '2020-09-12', '2022-03-04'), (36, 7587, '2022-03-05', NULL), (37, 7889, '2023-05-29', '2024-05-12'), (37, 8517, '2024-05-13', NULL), (38, 4850, '2020-11-30', '2022-06-10'), (38, 6180, '2022-06-11', '2023-10-30'), (38, 7883, '2023-10-31', '2024-10-13'), (38, 9275, '2024-10-14', NULL), (39, 6510, '2017-10-11', '2019-05-29'), (39, 7426, '2019-05-30', '2020-06-26'), (39, 8024, '2020-06-27', '2022-02-10'), (39, 8921, '2022-02-11', NULL), (40, 7887, '2022-02-21', '2023-08-02'), (40, 8860, '2023-08-03', NULL), (41, 6984, '2020-12-14', '2021-11-09'), (41, 7711, '2021-11-10', NULL), (42, 7385, '2023-04-16', '2024-07-05'), (42, 8955, '2024-07-06', NULL), (43, 6303, '2017-10-24', '2018-09-28'), (43, 7113, '2018-09-29', NULL), (44, 7596, '2018-01-12', '2019-03-11'), (44, 8956, '2019-03-12', NULL), (45, 4478, '2019-05-20', '2020-11-12'), (45, 5488, '2020-11-13', '2022-04-25'), (45, 6464, '2022-04-26', '2023-06-11'), (45, 7558, '2023-06-12', '2024-09-27'), (45, 9331, '2024-09-28', NULL), (46, 6267, '2023-03-21', '2024-01-18'), (46, 7195, '2024-01-19', NULL), (47, 5364, '2018-05-01', '2019-09-22'), (47, 6792, '2019-09-23', '2020-11-30'), (47, 8417, '2020-12-01', NULL), (48, 7704, '2019-11-08', '2021-05-23'), (48, 8936, '2021-05-24', '2022-10-22'), (48, 9877, '2022-10-23', '2024-01-23'), (48, 10880, '2024-01-24', NULL), (49, 6885, '2022-09-26', '2023-11-02'), (49, 7773, '2023-11-03', '2025-04-19'), (49, 8680, '2025-04-20', NULL), (50, 6373, '2019-05-24', '2020-11-22'), (50, 7405, '2020-11-23', '2021-12-15'), (50, 9134, '2021-12-16', '2023-03-30'), (50, 10265, '2023-03-31', NULL), (51, 7114, '2019-03-11', '2020-02-11'), (51, 8876, '2020-02-12', NULL), (52, 5477, '2021-06-06', '2022-07-04'), (52, 7071, '2022-07-05', '2023-06-20'), (52, 8866, '2023-06-21', '2024-04-24'), (52, 10144, '2024-04-25', NULL), (53, 7894, '2020-11-27', '2021-10-15'), (53, 8939, '2021-10-16', '2022-12-03'), (53, 10557, '2022-12-04', NULL), (54, 4402, '2017-11-01', '2019-05-11'), (54, 6006, '2019-05-12', '2020-03-15'), (54, 6639, '2020-03-16', '2021-06-02'), (54, 8117, '2021-06-03', NULL), (55, 4368, '2019-02-24', '2020-03-17'), (55, 6192, '2020-03-18', NULL), (56, 7481, '2021-07-29', '2022-08-31'), (56, 8453, '2022-09-01', NULL), (57, 5841, '2018-08-07', '2019-09-26'), (57, 7385, '2019-09-27', '2020-10-10'), (57, 9258, '2020-10-11', '2022-05-23'), (57, 11102, '2022-05-24', '2023-06-25'), (57, 12039, '2023-06-26', NULL), (58, 4698, '2018-09-14', '2020-04-02'), (58, 6247, '2020-04-03', '2021-08-27'), (58, 7150, '2021-08-28', NULL), (59, 4486, '2018-07-25', '2019-08-23'), (59, 6116, '2019-08-24', '2021-02-05'), (59, 7090, '2021-02-06', NULL), (60, 7358, '2023-01-03', '2023-12-31'), (60, 9205, '2024-01-01', '2025-04-13'), (60, 11110, '2025-04-14', NULL), (61, 6708, '2021-02-14', '2022-03-27'), (61, 8449, '2022-03-28', NULL), (62, 6240, '2022-02-10', '2023-03-30'), (62, 6899, '2023-03-31', '2024-11-14'), (62, 8263, '2024-11-15', NULL), (63, 3451, '2017-10-26', '2019-05-09'), (63, 4157, '2019-05-10', '2020-09-29'), (63, 5090, '2020-09-30', '2021-12-23'), (63, 5912, '2021-12-24', '2023-03-08'), (63, 7171, '2023-03-09', NULL), (64, 3947, '2020-10-14', '2021-10-14'), (64, 4563, '2021-10-15', NULL), (65, 3201, '2020-10-26', '2022-02-06'), (65, 4528, '2022-02-07', '2023-01-03'), (65, 6519, '2023-01-04', '2024-03-19'), (65, 7774, '2024-03-20', NULL), (66, 4407, '2019-07-23', '2020-06-17'), (66, 5592, '2020-06-18', NULL), (67, 5730, '2017-07-01', '2018-12-21'), (67, 6393, '2018-12-22', '2020-06-25'), (67, 8284, '2020-06-26', '2021-11-28'), (67, 9149, '2021-11-29', '2022-12-03'), (67, 10122, '2022-12-04', NULL), (68, 3153, '2020-03-08', '2021-02-27'), (68, 4612, '2021-02-28', '2022-07-14'), (68, 5766, '2022-07-15', '2024-01-27'), (68, 7032, '2024-01-28', NULL), (69, 5274, '2023-04-28', '2024-05-14'), (69, 6480, '2024-05-15', NULL), (70, 6140, '2018-06-03', '2020-01-22'), (70, 7756, '2020-01-23', NULL), (71, 6976, '2022-06-12', '2024-01-16'), (71, 8364, '2024-01-17', '2025-01-13'), (71, 10153, '2025-01-14', NULL), (72, 6140, '2020-03-02', '2021-07-15'), (72, 7630, '2021-07-16', '2022-05-29'), (72, 9249, '2022-05-30', '2023-08-21'), (72, 10076, '2023-08-22', NULL), (73, 7866, '2020-02-29', '2021-05-25'), (73, 9474, '2021-05-26', '2022-05-01'), (73, 10214, '2022-05-02', '2023-06-16'), (73, 11635, '2023-06-17', '2024-07-01'), (73, 13325, '2024-07-02', NULL), (74, 6848, '2021-06-20', '2023-01-25'), (74, 8479, '2023-01-26', NULL), (75, 6496, '2017-07-27', '2018-11-25'), (75, 7882, '2018-11-26', '2020-01-15'), (75, 9631, '2020-01-16', NULL), (76, 4002, '2020-09-23', '2022-05-09'), (76, 5264, '2022-05-10', '2023-12-19'), (76, 6323, '2023-12-20', '2024-12-13'), (76, 7797, '2024-12-14', NULL), (77, 7561, '2021-05-26', '2022-11-03'), (77, 8980, '2022-11-04', '2023-10-30'), (77, 9922, '2023-10-31', NULL), (78, 6577, '2018-07-28', '2020-01-25'), (78, 8459, '2020-01-26', NULL), (79, 6208, '2019-01-19', '2020-03-13'), (79, 7191, '2020-03-14', '2021-09-16'), (79, 7997, '2021-09-17', '2022-10-13'), (79, 8761, '2022-10-14', '2023-10-06'), (79, 10253, '2023-10-07', NULL), (80, 4159, '2022-05-02', '2023-12-12'), (80, 5188, '2023-12-13', NULL), (81, 4751, '2022-05-11', '2023-05-20'), (81, 5769, '2023-05-21', NULL), (82, 6716, '2022-08-25', '2023-09-03'), (82, 8546, '2023-09-04', '2024-07-06'), (82, 9195, '2024-07-07', NULL), (83, 3969, '2019-05-30', '2020-06-17'), (83, 5417, '2020-06-18', '2021-12-14'), (83, 6270, '2021-12-15', '2023-04-08'), (83, 7803, '2023-04-09', NULL), (84, 3095, '2019-11-18', '2020-12-08'), (84, 4970, '2020-12-09', NULL), (85, 5195, '2021-04-03', '2022-06-14'), (85, 6799, '2022-06-15', '2023-10-13'), (85, 8601, '2023-10-14', '2025-03-19'), (85, 10053, '2025-03-20', NULL), (86, 3364, '2020-07-26', '2021-08-08'), (86, 5322, '2021-08-09', '2022-09-10'), (86, 6126, '2022-09-11', NULL), (87, 7722, '2019-11-23', '2020-12-17'), (87, 8592, '2020-12-18', NULL), (88, 5556, '2017-12-06', '2018-12-31'), (88, 6230, '2019-01-01', '2020-02-01'), (88, 8028, '2020-02-02', '2021-08-24'), (88, 9170, '2021-08-25', '2022-07-07'), (88, 10104, '2022-07-08', NULL), (89, 4445, '2021-05-03', '2022-04-21'), (89, 5234, '2022-04-22', '2023-03-18'), (89, 6525, '2023-03-19', NULL), (90, 4378, '2019-03-31', '2020-10-27'), (90, 5144, '2020-10-28', '2021-11-03'), (90, 6315, '2021-11-04', '2023-05-02'), (90, 7866, '2023-05-03', '2024-10-04'), (90, 9090, '2024-10-05', NULL), (91, 5504, '2019-06-11', '2020-10-02'), (91, 6210, '2020-10-03', '2021-12-21'), (91, 8099, '2021-12-22', '2023-04-16'), (91, 9095, '2023-04-17', NULL), (92, 5349, '2021-08-25', '2022-12-03'), (92, 6202, '2022-12-04', '2023-12-09'), (92, 7007, '2023-12-10', '2025-03-20'), (92, 9003, '2025-03-21', NULL), (93, 7806, '2021-04-11', '2022-07-07'), (93, 9356, '2022-07-08', NULL), (94, 4593, '2021-01-26', '2022-05-10'), (94, 6005, '2022-05-11', '2023-09-25'), (94, 7881, '2023-09-26', NULL), (95, 3204, '2020-03-25', '2021-05-01'), (95, 4523, '2021-05-02', '2022-07-22'), (95, 5331, '2022-07-23', NULL), (96, 7757, '2018-09-20', '2020-04-22'), (96, 9271, '2020-04-23', '2021-10-31'), (96, 10209, '2021-11-01', '2023-04-19'), (96, 11160, '2023-04-20', NULL), (97, 4507, '2022-11-16', '2023-12-16'), (97, 5939, '2023-12-17', '2024-12-05'), (97, 6528, '2024-12-06', NULL), (98, 4969, '2021-12-08', '2022-11-06'), (98, 5837, '2022-11-07', '2024-02-17'), (98, 6480, '2024-02-18', '2025-03-23'), (98, 7116, '2025-03-24', NULL), (99, 3349, '2017-11-15', '2019-03-27'), (99, 5098, '2019-03-28', '2020-03-20'), (99, 6527, '2020-03-21', '2021-11-06'), (99, 7647, '2021-11-07', '2023-02-24'), (99, 8706, '2023-02-25', NULL), (100, 3112, '2023-03-18', '2024-07-03'), (100, 5072, '2024-07-04', NULL), (101, 5535, '2017-12-18', '2019-01-23'), (101, 6074, '2019-01-24', '2020-05-12'), (101, 7580, '2020-05-13', NULL), (102, 4351, '2022-03-02', '2023-02-10'), (102, 5872, '2023-02-11', '2024-07-14'), (102, 7694, '2024-07-15', NULL), (103, 4669, '2021-03-06', '2022-09-07'), (103, 5869, '2022-09-08', '2024-01-06'), (103, 7332, '2024-01-07', NULL), (104, 6108, '2018-11-27', '2019-09-24'), (104, 7155, '2019-09-25', '2020-08-05'), (104, 8563, '2020-08-06', NULL), (105, 6582, '2022-03-23', '2023-04-24'), (105, 7701, '2023-04-25', '2024-09-04'), (105, 9424, '2024-09-05', NULL), (106, 6879, '2020-02-06', '2021-03-14'), (106, 8022, '2021-03-15', '2022-08-10'), (106, 9511, '2022-08-11', NULL), (107, 6720, '2018-06-16', '2019-07-13'), (107, 8664, '2019-07-14', '2020-05-13'), (107, 9605, '2020-05-14', NULL), (108, 4018, '2018-08-22', '2019-07-07'), (108, 4954, '2019-07-08', NULL), (109, 5599, '2018-06-25', '2019-10-13'), (109, 7598, '2019-10-14', NULL), (110, 5192, '2021-04-25', '2022-08-07'), (110, 5864, '2022-08-08', '2023-06-05'), (110, 6924, '2023-06-06', '2024-08-30'), (110, 7739, '2024-08-31', NULL), (111, 3437, '2022-06-10', '2023-10-26'), (111, 4733, '2023-10-27', NULL), (112, 6984, '2022-11-07', '2024-02-19'), (112, 8823, '2024-02-20', NULL), (113, 7112, '2022-05-23', '2023-11-15'), (113, 8892, '2023-11-16', '2025-01-05'), (113, 10715, '2025-01-06', NULL), (114, 5392, '2018-11-20', '2019-12-22'), (114, 6675, '2019-12-23', '2021-06-23'), (114, 7714, '2021-06-24', NULL), (115, 5079, '2022-02-03', '2023-04-23'), (115, 5761, '2023-04-24', NULL), (116, 3625, '2019-10-21', '2021-01-16'), (116, 5507, '2021-01-17', '2022-03-10'), (116, 6117, '2022-03-11', NULL), (117, 7313, '2019-09-30', '2020-10-21'), (117, 9218, '2020-10-22', '2022-03-23'), (117, 10890, '2022-03-24', NULL), (118, 7267, '2022-02-07', '2023-02-09'), (118, 7916, '2023-02-10', '2024-05-03'), (118, 8558, '2024-05-04', NULL), (119, 5962, '2019-06-22', '2020-08-01'), (119, 6925, '2020-08-02', NULL), (120, 3211, '2018-07-21', '2020-03-09'), (120, 4726, '2020-03-10', '2021-09-24'), (120, 6705, '2021-09-25', '2022-10-20'), (120, 8582, '2022-10-21', NULL), (121, 7677, '2018-05-10', '2019-07-23'), (121, 9553, '2019-07-24', '2020-07-15'), (121, 10137, '2020-07-16', NULL), (122, 6001, '2021-05-28', '2022-05-12'), (122, 7810, '2022-05-13', '2023-04-17'), (122, 8376, '2023-04-18', '2024-07-14'), (122, 9328, '2024-07-15', NULL), (123, 5812, '2017-08-16', '2018-11-25'), (123, 6880, '2018-11-26', NULL), (124, 5113, '2018-02-10', '2019-03-21'), (124, 5923, '2019-03-22', '2020-09-21'), (124, 6541, '2020-09-22', '2022-03-02'), (124, 7941, '2022-03-03', NULL), (125, 7664, '2021-07-23', '2022-11-21'), (125, 8893, '2022-11-22', '2024-07-04'), (125, 9632, '2024-07-05', NULL), (126, 4060, '2022-12-05', '2024-03-23'), (126, 5420, '2024-03-24', NULL), (127, 6065, '2021-07-12', '2023-02-03'), (127, 6661, '2023-02-04', '2023-12-29'), (127, 8339, '2023-12-30', NULL), (128, 7759, '2017-07-23', '2018-06-18'), (128, 9716, '2018-06-19', '2019-05-06'), (128, 10974, '2019-05-07', '2020-03-03'), (128, 12780, '2020-03-04', NULL), (129, 5066, '2020-03-02', '2021-09-15'), (129, 5651, '2021-09-16', '2023-03-26'), (129, 6638, '2023-03-27', NULL), (130, 4678, '2019-11-08', '2020-10-06'), (130, 5301, '2020-10-07', NULL), (131, 5505, '2022-01-19', '2023-02-04'), (131, 7339, '2023-02-05', '2024-01-17'), (131, 8613, '2024-01-18', '2025-02-25'), (131, 10444, '2025-02-26', NULL), (132, 7394, '2019-12-14', '2021-01-24'), (132, 8844, '2021-01-25', '2022-01-04'), (132, 10791, '2022-01-05', '2023-08-07'), (132, 12558, '2023-08-08', NULL), (133, 3357, '2020-01-21', '2021-08-28'), (133, 4817, '2021-08-29', '2022-08-16'), (133, 5423, '2022-08-17', NULL), (134, 7957, '2019-05-07', '2020-05-28'), (134, 9146, '2020-05-29', NULL), (135, 3728, '2018-03-18', '2019-06-03'), (135, 4391, '2019-06-04', NULL), (136, 6141, '2019-06-21', '2020-10-27'), (136, 7416, '2020-10-28', NULL), (137, 7015, '2019-02-26', '2020-02-06'), (137, 8526, '2020-02-07', '2021-01-10'), (137, 9378, '2021-01-11', '2021-12-01'), (137, 10722, '2021-12-02', NULL), (138, 5532, '2019-11-04', '2020-09-11'), (138, 6352, '2020-09-12', '2021-09-17'), (138, 8262, '2021-09-18', '2023-04-03'), (138, 9579, '2023-04-04', '2024-11-12'), (138, 10539, '2024-11-13', NULL), (139, 6489, '2021-06-04', '2022-04-09'), (139, 8328, '2022-04-10', NULL), (140, 6130, '2020-12-15', '2022-01-09'), (140, 8092, '2022-01-10', '2023-09-01'), (140, 9730, '2023-09-02', '2025-01-24'), (140, 11345, '2025-01-25', NULL), (141, 4300, '2018-12-12', '2020-04-22'), (141, 6125, '2020-04-23', '2021-03-20'), (141, 8096, '2021-03-21', '2022-07-09'), (141, 9045, '2022-07-10', '2023-09-18'), (141, 9758, '2023-09-19', NULL), (142, 4469, '2019-12-22', '2021-07-20'), (142, 6163, '2021-07-21', '2023-01-15'), (142, 7682, '2023-01-16', '2024-02-27'), (142, 9218, '2024-02-28', '2025-01-26'), (142, 9851, '2025-01-27', NULL), (143, 4621, '2021-02-28', '2022-02-11'), (143, 6288, '2022-02-12', NULL), (144, 3159, '2020-11-29', '2022-04-02'), (144, 3862, '2022-04-03', '2023-02-06'), (144, 4911, '2023-02-07', '2023-12-26'), (144, 5816, '2023-12-27', NULL), (145, 5837, '2022-10-25', '2024-03-13'), (145, 6823, '2024-03-14', NULL), (146, 5388, '2019-10-28', '2020-12-12'), (146, 6203, '2020-12-13', '2022-04-20'), (146, 6914, '2022-04-21', '2023-12-09'), (146, 8424, '2023-12-10', NULL), (147, 7615, '2017-09-03', '2019-02-10'), (147, 8416, '2019-02-11', NULL), (148, 4078, '2019-02-20', '2020-08-14'), (148, 4838, '2020-08-15', '2021-11-04'), (148, 6362, '2021-11-05', '2023-02-22'), (148, 8194, '2023-02-23', NULL), (149, 6107, '2022-01-10', '2023-01-13'), (149, 6970, '2023-01-14', '2024-02-21'), (149, 8378, '2024-02-22', NULL), (150, 3496, '2023-04-11', '2024-03-11'), (150, 4302, '2024-03-12', NULL), (151, 5670, '2020-01-26', '2021-09-04'), (151, 6736, '2021-09-05', '2023-04-26'), (151, 8127, '2023-04-27', '2024-09-10'), (151, 9587, '2024-09-11', NULL), (152, 6933, '2021-03-15', '2022-02-16'), (152, 7460, '2022-02-17', NULL), (153, 4400, '2018-06-24', '2019-10-01'), (153, 5505, '2019-10-02', '2021-02-08'), (153, 7146, '2021-02-09', '2022-02-23'), (153, 8131, '2022-02-24', '2023-05-02'), (153, 9571, '2023-05-03', NULL), (154, 4953, '2017-09-22', '2018-12-06'), (154, 5875, '2018-12-07', '2020-06-18'), (154, 6780, '2020-06-19', '2021-05-23'), (154, 7322, '2021-05-24', '2022-08-13'), (154, 8484, '2022-08-14', NULL), (155, 5459, '2021-02-05', '2022-05-15'), (155, 7281, '2022-05-16', NULL), (156, 7094, '2023-02-13', '2024-05-09'), (156, 8438, '2024-05-10', NULL), (157, 6904, '2018-03-23', '2019-07-11'), (157, 8555, '2019-07-12', '2020-08-22'), (157, 10147, '2020-08-23', '2021-11-26'), (157, 11818, '2021-11-27', '2022-11-18'), (157, 12739, '2022-11-19', NULL), (158, 5925, '2018-10-14', '2020-02-04'), (158, 7522, '2020-02-05', '2021-04-10'), (158, 9461, '2021-04-11', '2022-05-10'), (158, 11284, '2022-05-11', NULL), (159, 4838, '2018-04-05', '2019-09-05'), (159, 6139, '2019-09-06', '2021-04-05'), (159, 7039, '2021-04-06', '2022-07-25'), (159, 7739, '2022-07-26', NULL), (160, 6997, '2018-09-26', '2019-10-20'), (160, 8286, '2019-10-21', '2020-10-07'), (160, 9071, '2020-10-08', NULL), (161, 7343, '2017-11-08', '2019-03-23'), (161, 8525, '2019-03-24', '2020-09-03'), (161, 9464, '2020-09-04', NULL), (162, 3092, '2018-09-24', '2019-08-24'), (162, 4539, '2019-08-25', '2020-12-20'), (162, 5187, '2020-12-21', '2022-06-24'), (162, 5735, '2022-06-25', NULL), (163, 4408, '2019-06-09', '2020-09-11'), (163, 6055, '2020-09-12', NULL), (164, 6065, '2022-08-17', '2023-11-14'), (164, 6992, '2023-11-15', '2024-11-14'), (164, 8251, '2024-11-15', NULL), (165, 3877, '2019-11-20', '2021-06-24'), (165, 5629, '2021-06-25', '2022-05-28'), (165, 7401, '2022-05-29', '2023-04-22'), (165, 9051, '2023-04-23', NULL), (166, 5724, '2019-11-07', '2021-04-23'), (166, 6838, '2021-04-24', '2022-06-09'), (166, 7939, '2022-06-10', '2023-06-02'), (166, 9396, '2023-06-03', NULL), (167, 4655, '2019-09-13', '2020-12-20'), (167, 5820, '2020-12-21', '2022-08-13'), (167, 7614, '2022-08-14', '2023-09-16'), (167, 9521, '2023-09-17', NULL), (168, 3458, '2021-03-01', '2022-06-02'), (168, 5231, '2022-06-03', '2023-07-24'), (168, 7048, '2023-07-25', '2024-08-22'), (168, 8575, '2024-08-23', NULL), (169, 6368, '2020-10-26', '2022-02-11'), (169, 8004, '2022-02-12', '2023-05-12'), (169, 8850, '2023-05-13', '2024-11-02'), (169, 9509, '2024-11-03', NULL), (170, 7670, '2018-04-25', '2019-05-25'), (170, 8316, '2019-05-26', '2020-04-11'), (170, 10306, '2020-04-12', '2021-03-04'), (170, 11546, '2021-03-05', NULL), (171, 7321, '2022-07-30', '2023-06-17'), (171, 9216, '2023-06-18', '2024-06-08'), (171, 10300, '2024-06-09', NULL), (172, 7203, '2017-07-01', '2018-12-06'), (172, 8155, '2018-12-07', '2020-03-26'), (172, 9203, '2020-03-27', '2021-02-22'), (172, 10606, '2021-02-23', NULL), (173, 5896, '2018-11-30', '2019-10-26'), (173, 7208, '2019-10-27', '2021-05-23'), (173, 8261, '2021-05-24', '2022-09-20'), (173, 10195, '2022-09-21', '2023-09-17'), (173, 11687, '2023-09-18', NULL), (174, 7734, '2023-04-03', '2024-02-26'), (174, 8421, '2024-02-27', NULL), (175, 6094, '2020-09-07', '2021-09-19'), (175, 7852, '2021-09-20', '2023-03-01'), (175, 8444, '2023-03-02', '2024-01-14'), (175, 9703, '2024-01-15', NULL), (176, 5388, '2017-10-14', '2019-01-05'), (176, 6156, '2019-01-06', '2020-05-12'), (176, 6858, '2020-05-13', '2021-11-22'), (176, 8832, '2021-11-23', '2023-02-13'), (176, 10345, '2023-02-14', NULL), (177, 5756, '2020-05-18', '2021-06-12'), (177, 7645, '2021-06-13', '2022-06-14'), (177, 8241, '2022-06-15', '2023-04-15'), (177, 9973, '2023-04-16', NULL), (178, 6685, '2020-12-25', '2022-04-18'), (178, 8620, '2022-04-19', '2023-03-18'), (178, 9994, '2023-03-19', '2024-04-21'), (178, 10813, '2024-04-22', NULL), (179, 4980, '2019-03-24', '2020-09-17'), (179, 6126, '2020-09-18', '2022-03-11'), (179, 7373, '2022-03-12', '2023-05-06'), (179, 8465, '2023-05-07', NULL), (180, 6309, '2021-07-09', '2022-08-03'), (180, 8286, '2022-08-04', NULL), (181, 3217, '2017-10-24', '2019-04-19'), (181, 4430, '2019-04-20', '2020-04-03'), (181, 6418, '2020-04-04', NULL), (182, 6128, '2022-08-03', '2023-11-26'), (182, 7893, '2023-11-27', '2025-01-10'), (182, 8927, '2025-01-11', NULL), (183, 3531, '2020-07-18', '2021-07-29'), (183, 4998, '2021-07-30', NULL), (184, 5122, '2019-06-24', '2020-10-24'), (184, 6328, '2020-10-25', NULL), (185, 5372, '2021-08-31', '2022-12-29'), (185, 7232, '2022-12-30', '2023-12-22'), (185, 9162, '2023-12-23', NULL), (186, 7058, '2022-12-31', '2024-01-19'), (186, 8548, '2024-01-20', NULL), (187, 5071, '2018-02-22', '2019-01-31'), (187, 6463, '2019-02-01', NULL), (188, 6879, '2017-10-17', '2019-02-16'), (188, 8694, '2019-02-17', '2020-08-08'), (188, 9252, '2020-08-09', '2022-02-19'), (188, 10835, '2022-02-20', NULL), (189, 4372, '2022-09-03', '2024-01-03'), (189, 5728, '2024-01-04', '2025-04-25'), (189, 6238, '2025-04-26', NULL), (190, 3247, '2021-01-10', '2022-08-24'), (190, 4316, '2022-08-25', '2023-08-06'), (190, 4996, '2023-08-07', NULL), (191, 4802, '2019-12-26', '2020-11-09'), (191, 6658, '2020-11-10', '2022-03-08'), (191, 7365, '2022-03-09', '2023-10-22'), (191, 7959, '2023-10-23', NULL), (192, 6840, '2018-05-30', '2019-06-02'), (192, 8740, '2019-06-03', '2021-01-07'), (192, 9803, '2021-01-08', '2022-04-23'), (192, 11665, '2022-04-24', '2023-05-06'), (192, 13534, '2023-05-07', NULL), (193, 4252, '2022-11-06', '2024-01-29'), (193, 5444, '2024-01-30', '2024-11-30'), (193, 6984, '2024-12-01', NULL), (194, 7581, '2018-07-24', '2020-02-18'), (194, 8655, '2020-02-19', '2021-05-18'), (194, 10342, '2021-05-19', '2022-05-19'), (194, 11030, '2022-05-20', NULL), (195, 7498, '2021-12-16', '2022-12-09'), (195, 9136, '2022-12-10', '2024-05-23'), (195, 10693, '2024-05-24', NULL), (196, 4719, '2022-08-04', '2023-10-09'), (196, 5293, '2023-10-10', '2024-12-08'), (196, 6189, '2024-12-09', NULL), (197, 7090, '2019-08-24', '2020-09-05'), (197, 7663, '2020-09-06', '2021-07-08'), (197, 8994, '2021-07-09', '2022-09-05'), (197, 9839, '2022-09-06', '2024-03-12'), (197, 11290, '2024-03-13', NULL), (198, 4059, '2020-06-11', '2021-09-14'), (198, 5340, '2021-09-15', NULL), (199, 4403, '2018-03-13', '2019-04-29'), (199, 5676, '2019-04-30', '2020-07-29'), (199, 6471, '2020-07-30', '2022-03-07'), (199, 7179, '2022-03-08', '2023-09-17'), (199, 8567, '2023-09-18', NULL), (200, 5488, '2020-01-10', '2021-08-15'), (200, 6106, '2021-08-16', NULL);

INSERT INTO employee_schedule (employee_id, weekday, start_time, end_time, start_date, end_date) VALUES
                                                                                                     (1, 1, '09:00:00', '17:00:00', '2025-02-20', NULL), (1, 2, '09:00:00', '17:00:00', '2025-02-20', NULL), (1, 3, '09:00:00', '17:00:00', '2025-02-20', NULL), (1, 4, '09:00:00', '17:00:00', '2025-02-20', NULL), (1, 5, '09:00:00', '17:00:00', '2025-02-20', NULL), (2, 1, '09:00:00', '17:00:00', '2025-05-08', NULL), (2, 2, '09:00:00', '17:00:00', '2025-05-08', NULL), (2, 3, '09:00:00', '17:00:00', '2025-05-08', NULL), (2, 4, '09:00:00', '17:00:00', '2025-05-08', NULL), (2, 5, '09:00:00', '17:00:00', '2025-05-08', NULL), (3, 1, '09:00:00', '17:00:00', '2025-03-24', NULL), (3, 2, '09:00:00', '17:00:00', '2025-03-24', NULL), (3, 3, '09:00:00', '17:00:00', '2025-03-24', NULL), (3, 4, '09:00:00', '17:00:00', '2025-03-24', NULL), (3, 5, '09:00:00', '17:00:00', '2025-03-24', NULL), (4, 1, '09:00:00', '17:00:00', '2025-04-12', NULL), (4, 2, '09:00:00', '17:00:00', '2025-04-12', NULL), (4, 3, '09:00:00', '17:00:00', '2025-04-12', NULL), (4, 4, '09:00:00', '17:00:00', '2025-04-12', NULL), (4, 5, '09:00:00', '17:00:00', '2025-04-12', NULL), (4, 1, '10:00:00', '18:00:00', '2024-03-24', '2025-04-11'), (4, 2, '10:00:00', '18:00:00', '2024-03-24', '2025-04-11'), (4, 3, '10:00:00', '18:00:00', '2024-03-24', '2025-04-11'), (4, 4, '10:00:00', '18:00:00', '2024-03-24', '2025-04-11'), (4, 5, '10:00:00', '18:00:00', '2024-03-24', '2025-04-11'), (5, 1, '09:00:00', '17:00:00', '2025-04-30', NULL), (5, 2, '09:00:00', '17:00:00', '2025-04-30', NULL), (5, 3, '09:00:00', '17:00:00', '2025-04-30', NULL), (5, 4, '09:00:00', '17:00:00', '2025-04-30', NULL), (5, 5, '09:00:00', '17:00:00', '2025-04-30', NULL), (5, 1, '10:00:00', '18:00:00', '2024-08-05', '2025-04-29'), (5, 2, '10:00:00', '18:00:00', '2024-08-05', '2025-04-29'), (5, 3, '10:00:00', '18:00:00', '2024-08-05', '2025-04-29'), (5, 4, '10:00:00', '18:00:00', '2024-08-05', '2025-04-29'), (5, 5, '10:00:00', '18:00:00', '2024-08-05', '2025-04-29'), (6, 1, '09:00:00', '17:00:00', '2024-12-30', NULL), (6, 2, '09:00:00', '17:00:00', '2024-12-30', NULL), (6, 3, '09:00:00', '17:00:00', '2024-12-30', NULL), (6, 4, '09:00:00', '17:00:00', '2024-12-30', NULL), (6, 5, '09:00:00', '17:00:00', '2024-12-30', NULL), (7, 1, '09:00:00', '17:00:00', '2025-03-16', NULL), (7, 2, '09:00:00', '17:00:00', '2025-03-16', NULL), (7, 3, '09:00:00', '17:00:00', '2025-03-16', NULL), (7, 4, '09:00:00', '17:00:00', '2025-03-16', NULL), (7, 5, '09:00:00', '17:00:00', '2025-03-16', NULL), (8, 1, '09:00:00', '17:00:00', '2024-09-10', NULL), (8, 2, '09:00:00', '17:00:00', '2024-09-10', NULL), (8, 3, '09:00:00', '17:00:00', '2024-09-10', NULL), (8, 4, '09:00:00', '17:00:00', '2024-09-10', NULL), (8, 5, '09:00:00', '17:00:00', '2024-09-10', NULL), (8, 1, '10:00:00', '18:00:00', '2023-04-01', '2024-09-09'), (8, 2, '10:00:00', '18:00:00', '2023-04-01', '2024-09-09'), (8, 3, '10:00:00', '18:00:00', '2023-04-01', '2024-09-09'), (8, 4, '10:00:00', '18:00:00', '2023-04-01', '2024-09-09'), (8, 5, '10:00:00', '18:00:00', '2023-04-01', '2024-09-09'), (9, 1, '09:00:00', '17:00:00', '2024-10-23', NULL), (9, 2, '09:00:00', '17:00:00', '2024-10-23', NULL), (9, 3, '09:00:00', '17:00:00', '2024-10-23', NULL), (9, 4, '09:00:00', '17:00:00', '2024-10-23', NULL), (9, 5, '09:00:00', '17:00:00', '2024-10-23', NULL), (9, 1, '10:00:00', '18:00:00', '2024-03-26', '2024-10-22'), (9, 2, '10:00:00', '18:00:00', '2024-03-26', '2024-10-22'), (9, 3, '10:00:00', '18:00:00', '2024-03-26', '2024-10-22'), (9, 4, '10:00:00', '18:00:00', '2024-03-26', '2024-10-22'), (9, 5, '10:00:00', '18:00:00', '2024-03-26', '2024-10-22'), (10, 1, '09:00:00', '17:00:00', '2024-08-22', NULL), (10, 2, '09:00:00', '17:00:00', '2024-08-22', NULL), (10, 3, '09:00:00', '17:00:00', '2024-08-22', NULL), (10, 4, '09:00:00', '17:00:00', '2024-08-22', NULL), (10, 5, '09:00:00', '17:00:00', '2024-08-22', NULL), (10, 1, '10:00:00', '18:00:00', '2023-07-08', '2024-08-21'), (10, 2, '10:00:00', '18:00:00', '2023-07-08', '2024-08-21'), (10, 3, '10:00:00', '18:00:00', '2023-07-08', '2024-08-21'), (10, 4, '10:00:00', '18:00:00', '2023-07-08', '2024-08-21'), (10, 5, '10:00:00', '18:00:00', '2023-07-08', '2024-08-21'), (11, 1, '09:00:00', '17:00:00', '2025-02-26', NULL), (11, 2, '09:00:00', '17:00:00', '2025-02-26', NULL), (11, 3, '09:00:00', '17:00:00', '2025-02-26', NULL), (11, 4, '09:00:00', '17:00:00', '2025-02-26', NULL), (11, 5, '09:00:00', '17:00:00', '2025-02-26', NULL), (12, 1, '09:00:00', '17:00:00', '2025-04-27', NULL), (12, 2, '09:00:00', '17:00:00', '2025-04-27', NULL), (12, 3, '09:00:00', '17:00:00', '2025-04-27', NULL), (12, 4, '09:00:00', '17:00:00', '2025-04-27', NULL), (12, 5, '09:00:00', '17:00:00', '2025-04-27', NULL), (12, 1, '10:00:00', '18:00:00', '2023-05-28', '2025-04-26'), (12, 2, '10:00:00', '18:00:00', '2023-05-28', '2025-04-26'), (12, 3, '10:00:00', '18:00:00', '2023-05-28', '2025-04-26'), (12, 4, '10:00:00', '18:00:00', '2023-05-28', '2025-04-26'), (12, 5, '10:00:00', '18:00:00', '2023-05-28', '2025-04-26'), (13, 1, '09:00:00', '17:00:00', '2024-07-03', NULL), (13, 2, '09:00:00', '17:00:00', '2024-07-03', NULL), (13, 3, '09:00:00', '17:00:00', '2024-07-03', NULL), (13, 4, '09:00:00', '17:00:00', '2024-07-03', NULL), (13, 5, '09:00:00', '17:00:00', '2024-07-03', NULL), (13, 1, '10:00:00', '18:00:00', '2022-08-30', '2024-07-02'), (13, 2, '10:00:00', '18:00:00', '2022-08-30', '2024-07-02'), (13, 3, '10:00:00', '18:00:00', '2022-08-30', '2024-07-02'), (13, 4, '10:00:00', '18:00:00', '2022-08-30', '2024-07-02'), (13, 5, '10:00:00', '18:00:00', '2022-08-30', '2024-07-02'), (14, 1, '09:00:00', '17:00:00', '2025-02-16', NULL), (14, 2, '09:00:00', '17:00:00', '2025-02-16', NULL), (14, 3, '09:00:00', '17:00:00', '2025-02-16', NULL), (14, 4, '09:00:00', '17:00:00', '2025-02-16', NULL), (14, 5, '09:00:00', '17:00:00', '2025-02-16', NULL), (15, 1, '09:00:00', '17:00:00', '2025-02-02', NULL), (15, 2, '09:00:00', '17:00:00', '2025-02-02', NULL), (15, 3, '09:00:00', '17:00:00', '2025-02-02', NULL), (15, 4, '09:00:00', '17:00:00', '2025-02-02', NULL), (15, 5, '09:00:00', '17:00:00', '2025-02-02', NULL), (15, 1, '10:00:00', '18:00:00', '2023-11-11', '2025-02-01'), (15, 2, '10:00:00', '18:00:00', '2023-11-11', '2025-02-01'), (15, 3, '10:00:00', '18:00:00', '2023-11-11', '2025-02-01'), (15, 4, '10:00:00', '18:00:00', '2023-11-11', '2025-02-01'), (15, 5, '10:00:00', '18:00:00', '2023-11-11', '2025-02-01'), (16, 1, '09:00:00', '17:00:00', '2025-02-25', NULL), (16, 2, '09:00:00', '17:00:00', '2025-02-25', NULL), (16, 3, '09:00:00', '17:00:00', '2025-02-25', NULL), (16, 4, '09:00:00', '17:00:00', '2025-02-25', NULL), (16, 5, '09:00:00', '17:00:00', '2025-02-25', NULL), (17, 1, '09:00:00', '17:00:00', '2025-03-09', NULL), (17, 2, '09:00:00', '17:00:00', '2025-03-09', NULL), (17, 3, '09:00:00', '17:00:00', '2025-03-09', NULL), (17, 4, '09:00:00', '17:00:00', '2025-03-09', NULL), (17, 5, '09:00:00', '17:00:00', '2025-03-09', NULL), (17, 1, '10:00:00', '18:00:00', '2024-06-06', '2025-03-08'), (17, 2, '10:00:00', '18:00:00', '2024-06-06', '2025-03-08'), (17, 3, '10:00:00', '18:00:00', '2024-06-06', '2025-03-08'), (17, 4, '10:00:00', '18:00:00', '2024-06-06', '2025-03-08'), (17, 5, '10:00:00', '18:00:00', '2024-06-06', '2025-03-08'), (18, 1, '09:00:00', '17:00:00', '2024-10-08', NULL), (18, 2, '09:00:00', '17:00:00', '2024-10-08', NULL), (18, 3, '09:00:00', '17:00:00', '2024-10-08', NULL), (18, 4, '09:00:00', '17:00:00', '2024-10-08', NULL), (18, 5, '09:00:00', '17:00:00', '2024-10-08', NULL), (19, 1, '09:00:00', '17:00:00', '2024-10-11', NULL), (19, 2, '09:00:00', '17:00:00', '2024-10-11', NULL), (19, 3, '09:00:00', '17:00:00', '2024-10-11', NULL), (19, 4, '09:00:00', '17:00:00', '2024-10-11', NULL), (19, 5, '09:00:00', '17:00:00', '2024-10-11', NULL), (20, 1, '09:00:00', '17:00:00', '2024-10-11', NULL), (20, 2, '09:00:00', '17:00:00', '2024-10-11', NULL), (20, 3, '09:00:00', '17:00:00', '2024-10-11', NULL), (20, 4, '09:00:00', '17:00:00', '2024-10-11', NULL), (20, 5, '09:00:00', '17:00:00', '2024-10-11', NULL), (21, 1, '09:00:00', '17:00:00', '2025-04-02', NULL), (21, 2, '09:00:00', '17:00:00', '2025-04-02', NULL), (21, 3, '09:00:00', '17:00:00', '2025-04-02', NULL), (21, 4, '09:00:00', '17:00:00', '2025-04-02', NULL), (21, 5, '09:00:00', '17:00:00', '2025-04-02', NULL), (21, 1, '10:00:00', '18:00:00', '2025-03-09', '2025-04-01'), (21, 2, '10:00:00', '18:00:00', '2025-03-09', '2025-04-01'), (21, 3, '10:00:00', '18:00:00', '2025-03-09', '2025-04-01'), (21, 4, '10:00:00', '18:00:00', '2025-03-09', '2025-04-01'), (21, 5, '10:00:00', '18:00:00', '2025-03-09', '2025-04-01'), (22, 1, '09:00:00', '17:00:00', '2025-05-19', NULL), (22, 2, '09:00:00', '17:00:00', '2025-05-19', NULL), (22, 3, '09:00:00', '17:00:00', '2025-05-19', NULL), (22, 4, '09:00:00', '17:00:00', '2025-05-19', NULL), (22, 5, '09:00:00', '17:00:00', '2025-05-19', NULL), (22, 1, '10:00:00', '18:00:00', '2025-03-21', '2025-05-18'), (22, 2, '10:00:00', '18:00:00', '2025-03-21', '2025-05-18'), (22, 3, '10:00:00', '18:00:00', '2025-03-21', '2025-05-18'), (22, 4, '10:00:00', '18:00:00', '2025-03-21', '2025-05-18'), (22, 5, '10:00:00', '18:00:00', '2025-03-21', '2025-05-18'), (23, 1, '09:00:00', '17:00:00', '2024-11-22', NULL), (23, 2, '09:00:00', '17:00:00', '2024-11-22', NULL), (23, 3, '09:00:00', '17:00:00', '2024-11-22', NULL), (23, 4, '09:00:00', '17:00:00', '2024-11-22', NULL), (23, 5, '09:00:00', '17:00:00', '2024-11-22', NULL), (23, 1, '10:00:00', '18:00:00', '2023-02-05', '2024-11-21'), (23, 2, '10:00:00', '18:00:00', '2023-02-05', '2024-11-21'), (23, 3, '10:00:00', '18:00:00', '2023-02-05', '2024-11-21'), (23, 4, '10:00:00', '18:00:00', '2023-02-05', '2024-11-21'), (23, 5, '10:00:00', '18:00:00', '2023-02-05', '2024-11-21'), (24, 1, '09:00:00', '17:00:00', '2025-01-10', NULL), (24, 2, '09:00:00', '17:00:00', '2025-01-10', NULL), (24, 3, '09:00:00', '17:00:00', '2025-01-10', NULL), (24, 4, '09:00:00', '17:00:00', '2025-01-10', NULL), (24, 5, '09:00:00', '17:00:00', '2025-01-10', NULL), (25, 1, '09:00:00', '17:00:00', '2024-12-23', NULL), (25, 2, '09:00:00', '17:00:00', '2024-12-23', NULL), (25, 3, '09:00:00', '17:00:00', '2024-12-23', NULL), (25, 4, '09:00:00', '17:00:00', '2024-12-23', NULL), (25, 5, '09:00:00', '17:00:00', '2024-12-23', NULL), (26, 1, '09:00:00', '17:00:00', '2024-07-01', NULL), (26, 2, '09:00:00', '17:00:00', '2024-07-01', NULL), (26, 3, '09:00:00', '17:00:00', '2024-07-01', NULL), (26, 4, '09:00:00', '17:00:00', '2024-07-01', NULL), (26, 5, '09:00:00', '17:00:00', '2024-07-01', NULL), (27, 1, '09:00:00', '17:00:00', '2024-09-20', NULL), (27, 2, '09:00:00', '17:00:00', '2024-09-20', NULL), (27, 3, '09:00:00', '17:00:00', '2024-09-20', NULL), (27, 4, '09:00:00', '17:00:00', '2024-09-20', NULL), (27, 5, '09:00:00', '17:00:00', '2024-09-20', NULL), (28, 1, '09:00:00', '17:00:00', '2025-05-28', NULL), (28, 2, '09:00:00', '17:00:00', '2025-05-28', NULL), (28, 3, '09:00:00', '17:00:00', '2025-05-28', NULL), (28, 4, '09:00:00', '17:00:00', '2025-05-28', NULL), (28, 5, '09:00:00', '17:00:00', '2025-05-28', NULL), (28, 1, '10:00:00', '18:00:00', '2024-08-19', '2025-05-27'), (28, 2, '10:00:00', '18:00:00', '2024-08-19', '2025-05-27'), (28, 3, '10:00:00', '18:00:00', '2024-08-19', '2025-05-27'), (28, 4, '10:00:00', '18:00:00', '2024-08-19', '2025-05-27'), (28, 5, '10:00:00', '18:00:00', '2024-08-19', '2025-05-27'), (29, 1, '09:00:00', '17:00:00', '2024-06-13', NULL), (29, 2, '09:00:00', '17:00:00', '2024-06-13', NULL), (29, 3, '09:00:00', '17:00:00', '2024-06-13', NULL), (29, 4, '09:00:00', '17:00:00', '2024-06-13', NULL), (29, 5, '09:00:00', '17:00:00', '2024-06-13', NULL), (30, 1, '09:00:00', '17:00:00', '2025-04-02', NULL), (30, 2, '09:00:00', '17:00:00', '2025-04-02', NULL), (30, 3, '09:00:00', '17:00:00', '2025-04-02', NULL), (30, 4, '09:00:00', '17:00:00', '2025-04-02', NULL), (30, 5, '09:00:00', '17:00:00', '2025-04-02', NULL), (30, 1, '10:00:00', '18:00:00', '2023-09-22', '2025-04-01'), (30, 2, '10:00:00', '18:00:00', '2023-09-22', '2025-04-01'), (30, 3, '10:00:00', '18:00:00', '2023-09-22', '2025-04-01'), (30, 4, '10:00:00', '18:00:00', '2023-09-22', '2025-04-01'), (30, 5, '10:00:00', '18:00:00', '2023-09-22', '2025-04-01'), (31, 1, '09:00:00', '17:00:00', '2025-03-27', NULL), (31, 2, '09:00:00', '17:00:00', '2025-03-27', NULL), (31, 3, '09:00:00', '17:00:00', '2025-03-27', NULL), (31, 4, '09:00:00', '17:00:00', '2025-03-27', NULL), (31, 5, '09:00:00', '17:00:00', '2025-03-27', NULL), (32, 1, '09:00:00', '17:00:00', '2024-12-20', NULL), (32, 2, '09:00:00', '17:00:00', '2024-12-20', NULL), (32, 3, '09:00:00', '17:00:00', '2024-12-20', NULL), (32, 4, '09:00:00', '17:00:00', '2024-12-20', NULL), (32, 5, '09:00:00', '17:00:00', '2024-12-20', NULL), (32, 1, '10:00:00', '18:00:00', '2024-06-12', '2024-12-19'), (32, 2, '10:00:00', '18:00:00', '2024-06-12', '2024-12-19'), (32, 3, '10:00:00', '18:00:00', '2024-06-12', '2024-12-19'), (32, 4, '10:00:00', '18:00:00', '2024-06-12', '2024-12-19'), (32, 5, '10:00:00', '18:00:00', '2024-06-12', '2024-12-19'), (33, 1, '09:00:00', '17:00:00', '2025-01-13', NULL), (33, 2, '09:00:00', '17:00:00', '2025-01-13', NULL), (33, 3, '09:00:00', '17:00:00', '2025-01-13', NULL), (33, 4, '09:00:00', '17:00:00', '2025-01-13', NULL), (33, 5, '09:00:00', '17:00:00', '2025-01-13', NULL), (34, 1, '09:00:00', '17:00:00', '2024-10-28', NULL), (34, 2, '09:00:00', '17:00:00', '2024-10-28', NULL), (34, 3, '09:00:00', '17:00:00', '2024-10-28', NULL), (34, 4, '09:00:00', '17:00:00', '2024-10-28', NULL), (34, 5, '09:00:00', '17:00:00', '2024-10-28', NULL), (35, 1, '09:00:00', '17:00:00', '2024-06-21', NULL), (35, 2, '09:00:00', '17:00:00', '2024-06-21', NULL), (35, 3, '09:00:00', '17:00:00', '2024-06-21', NULL), (35, 4, '09:00:00', '17:00:00', '2024-06-21', NULL), (35, 5, '09:00:00', '17:00:00', '2024-06-21', NULL), (35, 1, '10:00:00', '18:00:00', '2024-03-06', '2024-06-20'), (35, 2, '10:00:00', '18:00:00', '2024-03-06', '2024-06-20'), (35, 3, '10:00:00', '18:00:00', '2024-03-06', '2024-06-20'), (35, 4, '10:00:00', '18:00:00', '2024-03-06', '2024-06-20'), (35, 5, '10:00:00', '18:00:00', '2024-03-06', '2024-06-20'), (36, 1, '09:00:00', '17:00:00', '2024-11-06', NULL), (36, 2, '09:00:00', '17:00:00', '2024-11-06', NULL), (36, 3, '09:00:00', '17:00:00', '2024-11-06', NULL), (36, 4, '09:00:00', '17:00:00', '2024-11-06', NULL), (36, 5, '09:00:00', '17:00:00', '2024-11-06', NULL), (37, 1, '09:00:00', '17:00:00', '2024-07-19', NULL), (37, 2, '09:00:00', '17:00:00', '2024-07-19', NULL), (37, 3, '09:00:00', '17:00:00', '2024-07-19', NULL), (37, 4, '09:00:00', '17:00:00', '2024-07-19', NULL), (37, 5, '09:00:00', '17:00:00', '2024-07-19', NULL), (37, 1, '10:00:00', '18:00:00', '2022-11-14', '2024-07-18'), (37, 2, '10:00:00', '18:00:00', '2022-11-14', '2024-07-18'), (37, 3, '10:00:00', '18:00:00', '2022-11-14', '2024-07-18'), (37, 4, '10:00:00', '18:00:00', '2022-11-14', '2024-07-18'), (37, 5, '10:00:00', '18:00:00', '2022-11-14', '2024-07-18'), (38, 1, '09:00:00', '17:00:00', '2025-04-10', NULL), (38, 2, '09:00:00', '17:00:00', '2025-04-10', NULL), (38, 3, '09:00:00', '17:00:00', '2025-04-10', NULL), (38, 4, '09:00:00', '17:00:00', '2025-04-10', NULL), (38, 5, '09:00:00', '17:00:00', '2025-04-10', NULL), (38, 1, '10:00:00', '18:00:00', '2024-03-19', '2025-04-09'), (38, 2, '10:00:00', '18:00:00', '2024-03-19', '2025-04-09'), (38, 3, '10:00:00', '18:00:00', '2024-03-19', '2025-04-09'), (38, 4, '10:00:00', '18:00:00', '2024-03-19', '2025-04-09'), (38, 5, '10:00:00', '18:00:00', '2024-03-19', '2025-04-09'), (39, 1, '09:00:00', '17:00:00', '2024-12-22', NULL), (39, 2, '09:00:00', '17:00:00', '2024-12-22', NULL), (39, 3, '09:00:00', '17:00:00', '2024-12-22', NULL), (39, 4, '09:00:00', '17:00:00', '2024-12-22', NULL), (39, 5, '09:00:00', '17:00:00', '2024-12-22', NULL), (40, 1, '09:00:00', '17:00:00', '2024-08-02', NULL), (40, 2, '09:00:00', '17:00:00', '2024-08-02', NULL), (40, 3, '09:00:00', '17:00:00', '2024-08-02', NULL), (40, 4, '09:00:00', '17:00:00', '2024-08-02', NULL), (40, 5, '09:00:00', '17:00:00', '2024-08-02', NULL), (40, 1, '10:00:00', '18:00:00', '2024-02-15', '2024-08-01'), (40, 2, '10:00:00', '18:00:00', '2024-02-15', '2024-08-01'), (40, 3, '10:00:00', '18:00:00', '2024-02-15', '2024-08-01'), (40, 4, '10:00:00', '18:00:00', '2024-02-15', '2024-08-01'), (40, 5, '10:00:00', '18:00:00', '2024-02-15', '2024-08-01'), (41, 1, '09:00:00', '17:00:00', '2025-01-18', NULL), (41, 2, '09:00:00', '17:00:00', '2025-01-18', NULL), (41, 3, '09:00:00', '17:00:00', '2025-01-18', NULL), (41, 4, '09:00:00', '17:00:00', '2025-01-18', NULL), (41, 5, '09:00:00', '17:00:00', '2025-01-18', NULL), (42, 1, '09:00:00', '17:00:00', '2024-10-08', NULL), (42, 2, '09:00:00', '17:00:00', '2024-10-08', NULL), (42, 3, '09:00:00', '17:00:00', '2024-10-08', NULL), (42, 4, '09:00:00', '17:00:00', '2024-10-08', NULL), (42, 5, '09:00:00', '17:00:00', '2024-10-08', NULL), (42, 1, '10:00:00', '18:00:00', '2024-01-30', '2024-10-07'), (42, 2, '10:00:00', '18:00:00', '2024-01-30', '2024-10-07'), (42, 3, '10:00:00', '18:00:00', '2024-01-30', '2024-10-07'), (42, 4, '10:00:00', '18:00:00', '2024-01-30', '2024-10-07'), (42, 5, '10:00:00', '18:00:00', '2024-01-30', '2024-10-07'), (43, 1, '09:00:00', '17:00:00', '2024-07-20', NULL), (43, 2, '09:00:00', '17:00:00', '2024-07-20', NULL), (43, 3, '09:00:00', '17:00:00', '2024-07-20', NULL), (43, 4, '09:00:00', '17:00:00', '2024-07-20', NULL), (43, 5, '09:00:00', '17:00:00', '2024-07-20', NULL), (43, 1, '10:00:00', '18:00:00', '2023-01-17', '2024-07-19'), (43, 2, '10:00:00', '18:00:00', '2023-01-17', '2024-07-19'), (43, 3, '10:00:00', '18:00:00', '2023-01-17', '2024-07-19'), (43, 4, '10:00:00', '18:00:00', '2023-01-17', '2024-07-19'), (43, 5, '10:00:00', '18:00:00', '2023-01-17', '2024-07-19'), (44, 1, '09:00:00', '17:00:00', '2025-02-08', NULL), (44, 2, '09:00:00', '17:00:00', '2025-02-08', NULL), (44, 3, '09:00:00', '17:00:00', '2025-02-08', NULL), (44, 4, '09:00:00', '17:00:00', '2025-02-08', NULL), (44, 5, '09:00:00', '17:00:00', '2025-02-08', NULL), (44, 1, '10:00:00', '18:00:00', '2025-01-23', '2025-02-07'), (44, 2, '10:00:00', '18:00:00', '2025-01-23', '2025-02-07'), (44, 3, '10:00:00', '18:00:00', '2025-01-23', '2025-02-07'), (44, 4, '10:00:00', '18:00:00', '2025-01-23', '2025-02-07'), (44, 5, '10:00:00', '18:00:00', '2025-01-23', '2025-02-07'), (45, 1, '09:00:00', '17:00:00', '2025-03-10', NULL), (45, 2, '09:00:00', '17:00:00', '2025-03-10', NULL), (45, 3, '09:00:00', '17:00:00', '2025-03-10', NULL), (45, 4, '09:00:00', '17:00:00', '2025-03-10', NULL), (45, 5, '09:00:00', '17:00:00', '2025-03-10', NULL), (45, 1, '10:00:00', '18:00:00', '2023-06-13', '2025-03-09'), (45, 2, '10:00:00', '18:00:00', '2023-06-13', '2025-03-09'), (45, 3, '10:00:00', '18:00:00', '2023-06-13', '2025-03-09'), (45, 4, '10:00:00', '18:00:00', '2023-06-13', '2025-03-09'), (45, 5, '10:00:00', '18:00:00', '2023-06-13', '2025-03-09'), (46, 1, '09:00:00', '17:00:00', '2024-12-04', NULL), (46, 2, '09:00:00', '17:00:00', '2024-12-04', NULL), (46, 3, '09:00:00', '17:00:00', '2024-12-04', NULL), (46, 4, '09:00:00', '17:00:00', '2024-12-04', NULL), (46, 5, '09:00:00', '17:00:00', '2024-12-04', NULL), (46, 1, '10:00:00', '18:00:00', '2024-06-26', '2024-12-03'), (46, 2, '10:00:00', '18:00:00', '2024-06-26', '2024-12-03'), (46, 3, '10:00:00', '18:00:00', '2024-06-26', '2024-12-03'), (46, 4, '10:00:00', '18:00:00', '2024-06-26', '2024-12-03'), (46, 5, '10:00:00', '18:00:00', '2024-06-26', '2024-12-03'), (47, 1, '09:00:00', '17:00:00', '2024-11-19', NULL), (47, 2, '09:00:00', '17:00:00', '2024-11-19', NULL), (47, 3, '09:00:00', '17:00:00', '2024-11-19', NULL), (47, 4, '09:00:00', '17:00:00', '2024-11-19', NULL), (47, 5, '09:00:00', '17:00:00', '2024-11-19', NULL), (47, 1, '10:00:00', '18:00:00', '2024-04-29', '2024-11-18'), (47, 2, '10:00:00', '18:00:00', '2024-04-29', '2024-11-18'), (47, 3, '10:00:00', '18:00:00', '2024-04-29', '2024-11-18'), (47, 4, '10:00:00', '18:00:00', '2024-04-29', '2024-11-18'), (47, 5, '10:00:00', '18:00:00', '2024-04-29', '2024-11-18'), (48, 1, '09:00:00', '17:00:00', '2024-11-14', NULL), (48, 2, '09:00:00', '17:00:00', '2024-11-14', NULL), (48, 3, '09:00:00', '17:00:00', '2024-11-14', NULL), (48, 4, '09:00:00', '17:00:00', '2024-11-14', NULL), (48, 5, '09:00:00', '17:00:00', '2024-11-14', NULL), (48, 1, '10:00:00', '18:00:00', '2023-12-17', '2024-11-13'), (48, 2, '10:00:00', '18:00:00', '2023-12-17', '2024-11-13'), (48, 3, '10:00:00', '18:00:00', '2023-12-17', '2024-11-13'), (48, 4, '10:00:00', '18:00:00', '2023-12-17', '2024-11-13'), (48, 5, '10:00:00', '18:00:00', '2023-12-17', '2024-11-13'), (49, 1, '09:00:00', '17:00:00', '2024-07-12', NULL), (49, 2, '09:00:00', '17:00:00', '2024-07-12', NULL), (49, 3, '09:00:00', '17:00:00', '2024-07-12', NULL), (49, 4, '09:00:00', '17:00:00', '2024-07-12', NULL), (49, 5, '09:00:00', '17:00:00', '2024-07-12', NULL), (49, 1, '10:00:00', '18:00:00', '2023-08-22', '2024-07-11'), (49, 2, '10:00:00', '18:00:00', '2023-08-22', '2024-07-11'), (49, 3, '10:00:00', '18:00:00', '2023-08-22', '2024-07-11'), (49, 4, '10:00:00', '18:00:00', '2023-08-22', '2024-07-11'), (49, 5, '10:00:00', '18:00:00', '2023-08-22', '2024-07-11'), (50, 1, '09:00:00', '17:00:00', '2025-03-15', NULL), (50, 2, '09:00:00', '17:00:00', '2025-03-15', NULL), (50, 3, '09:00:00', '17:00:00', '2025-03-15', NULL), (50, 4, '09:00:00', '17:00:00', '2025-03-15', NULL), (50, 5, '09:00:00', '17:00:00', '2025-03-15', NULL), (51, 1, '09:00:00', '17:00:00', '2024-12-15', NULL), (51, 2, '09:00:00', '17:00:00', '2024-12-15', NULL), (51, 3, '09:00:00', '17:00:00', '2024-12-15', NULL), (51, 4, '09:00:00', '17:00:00', '2024-12-15', NULL), (51, 5, '09:00:00', '17:00:00', '2024-12-15', NULL), (51, 1, '10:00:00', '18:00:00', '2023-12-28', '2024-12-14'), (51, 2, '10:00:00', '18:00:00', '2023-12-28', '2024-12-14'), (51, 3, '10:00:00', '18:00:00', '2023-12-28', '2024-12-14'), (51, 4, '10:00:00', '18:00:00', '2023-12-28', '2024-12-14'), (51, 5, '10:00:00', '18:00:00', '2023-12-28', '2024-12-14'), (52, 1, '09:00:00', '17:00:00', '2025-03-25', NULL), (52, 2, '09:00:00', '17:00:00', '2025-03-25', NULL), (52, 3, '09:00:00', '17:00:00', '2025-03-25', NULL), (52, 4, '09:00:00', '17:00:00', '2025-03-25', NULL), (52, 5, '09:00:00', '17:00:00', '2025-03-25', NULL), (52, 1, '10:00:00', '18:00:00', '2025-03-15', '2025-03-24'), (52, 2, '10:00:00', '18:00:00', '2025-03-15', '2025-03-24'), (52, 3, '10:00:00', '18:00:00', '2025-03-15', '2025-03-24'), (52, 4, '10:00:00', '18:00:00', '2025-03-15', '2025-03-24'), (52, 5, '10:00:00', '18:00:00', '2025-03-15', '2025-03-24'), (53, 1, '09:00:00', '17:00:00', '2025-04-09', NULL), (53, 2, '09:00:00', '17:00:00', '2025-04-09', NULL), (53, 3, '09:00:00', '17:00:00', '2025-04-09', NULL), (53, 4, '09:00:00', '17:00:00', '2025-04-09', NULL), (53, 5, '09:00:00', '17:00:00', '2025-04-09', NULL), (54, 1, '09:00:00', '17:00:00', '2025-03-16', NULL), (54, 2, '09:00:00', '17:00:00', '2025-03-16', NULL), (54, 3, '09:00:00', '17:00:00', '2025-03-16', NULL), (54, 4, '09:00:00', '17:00:00', '2025-03-16', NULL), (54, 5, '09:00:00', '17:00:00', '2025-03-16', NULL), (55, 1, '09:00:00', '17:00:00', '2024-10-18', NULL), (55, 2, '09:00:00', '17:00:00', '2024-10-18', NULL), (55, 3, '09:00:00', '17:00:00', '2024-10-18', NULL), (55, 4, '09:00:00', '17:00:00', '2024-10-18', NULL), (55, 5, '09:00:00', '17:00:00', '2024-10-18', NULL), (55, 1, '10:00:00', '18:00:00', '2024-09-14', '2024-10-17'), (55, 2, '10:00:00', '18:00:00', '2024-09-14', '2024-10-17'), (55, 3, '10:00:00', '18:00:00', '2024-09-14', '2024-10-17'), (55, 4, '10:00:00', '18:00:00', '2024-09-14', '2024-10-17'), (55, 5, '10:00:00', '18:00:00', '2024-09-14', '2024-10-17'), (56, 1, '09:00:00', '17:00:00', '2025-02-23', NULL), (56, 2, '09:00:00', '17:00:00', '2025-02-23', NULL), (56, 3, '09:00:00', '17:00:00', '2025-02-23', NULL), (56, 4, '09:00:00', '17:00:00', '2025-02-23', NULL), (56, 5, '09:00:00', '17:00:00', '2025-02-23', NULL), (56, 1, '10:00:00', '18:00:00', '2023-06-15', '2025-02-22'), (56, 2, '10:00:00', '18:00:00', '2023-06-15', '2025-02-22'), (56, 3, '10:00:00', '18:00:00', '2023-06-15', '2025-02-22'), (56, 4, '10:00:00', '18:00:00', '2023-06-15', '2025-02-22'), (56, 5, '10:00:00', '18:00:00', '2023-06-15', '2025-02-22'), (57, 1, '09:00:00', '17:00:00', '2024-12-08', NULL), (57, 2, '09:00:00', '17:00:00', '2024-12-08', NULL), (57, 3, '09:00:00', '17:00:00', '2024-12-08', NULL), (57, 4, '09:00:00', '17:00:00', '2024-12-08', NULL), (57, 5, '09:00:00', '17:00:00', '2024-12-08', NULL), (58, 1, '09:00:00', '17:00:00', '2024-12-26', NULL), (58, 2, '09:00:00', '17:00:00', '2024-12-26', NULL), (58, 3, '09:00:00', '17:00:00', '2024-12-26', NULL), (58, 4, '09:00:00', '17:00:00', '2024-12-26', NULL), (58, 5, '09:00:00', '17:00:00', '2024-12-26', NULL), (59, 1, '09:00:00', '17:00:00', '2024-11-27', NULL), (59, 2, '09:00:00', '17:00:00', '2024-11-27', NULL), (59, 3, '09:00:00', '17:00:00', '2024-11-27', NULL), (59, 4, '09:00:00', '17:00:00', '2024-11-27', NULL), (59, 5, '09:00:00', '17:00:00', '2024-11-27', NULL), (60, 1, '09:00:00', '17:00:00', '2025-02-03', NULL), (60, 2, '09:00:00', '17:00:00', '2025-02-03', NULL), (60, 3, '09:00:00', '17:00:00', '2025-02-03', NULL), (60, 4, '09:00:00', '17:00:00', '2025-02-03', NULL), (60, 5, '09:00:00', '17:00:00', '2025-02-03', NULL), (61, 1, '09:00:00', '17:00:00', '2024-11-06', NULL), (61, 2, '09:00:00', '17:00:00', '2024-11-06', NULL), (61, 3, '09:00:00', '17:00:00', '2024-11-06', NULL), (61, 4, '09:00:00', '17:00:00', '2024-11-06', NULL), (61, 5, '09:00:00', '17:00:00', '2024-11-06', NULL), (61, 1, '10:00:00', '18:00:00', '2024-01-26', '2024-11-05'), (61, 2, '10:00:00', '18:00:00', '2024-01-26', '2024-11-05'), (61, 3, '10:00:00', '18:00:00', '2024-01-26', '2024-11-05'), (61, 4, '10:00:00', '18:00:00', '2024-01-26', '2024-11-05'), (61, 5, '10:00:00', '18:00:00', '2024-01-26', '2024-11-05'), (62, 1, '09:00:00', '17:00:00', '2025-05-17', NULL), (62, 2, '09:00:00', '17:00:00', '2025-05-17', NULL), (62, 3, '09:00:00', '17:00:00', '2025-05-17', NULL), (62, 4, '09:00:00', '17:00:00', '2025-05-17', NULL), (62, 5, '09:00:00', '17:00:00', '2025-05-17', NULL), (62, 1, '10:00:00', '18:00:00', '2024-12-20', '2025-05-16'), (62, 2, '10:00:00', '18:00:00', '2024-12-20', '2025-05-16'), (62, 3, '10:00:00', '18:00:00', '2024-12-20', '2025-05-16'), (62, 4, '10:00:00', '18:00:00', '2024-12-20', '2025-05-16'), (62, 5, '10:00:00', '18:00:00', '2024-12-20', '2025-05-16'), (63, 1, '09:00:00', '17:00:00', '2024-09-01', NULL), (63, 2, '09:00:00', '17:00:00', '2024-09-01', NULL), (63, 3, '09:00:00', '17:00:00', '2024-09-01', NULL), (63, 4, '09:00:00', '17:00:00', '2024-09-01', NULL), (63, 5, '09:00:00', '17:00:00', '2024-09-01', NULL), (64, 1, '09:00:00', '17:00:00', '2025-03-16', NULL), (64, 2, '09:00:00', '17:00:00', '2025-03-16', NULL), (64, 3, '09:00:00', '17:00:00', '2025-03-16', NULL), (64, 4, '09:00:00', '17:00:00', '2025-03-16', NULL), (64, 5, '09:00:00', '17:00:00', '2025-03-16', NULL), (65, 1, '09:00:00', '17:00:00', '2024-10-25', NULL), (65, 2, '09:00:00', '17:00:00', '2024-10-25', NULL), (65, 3, '09:00:00', '17:00:00', '2024-10-25', NULL), (65, 4, '09:00:00', '17:00:00', '2024-10-25', NULL), (65, 5, '09:00:00', '17:00:00', '2024-10-25', NULL), (65, 1, '10:00:00', '18:00:00', '2023-09-10', '2024-10-24'), (65, 2, '10:00:00', '18:00:00', '2023-09-10', '2024-10-24'), (65, 3, '10:00:00', '18:00:00', '2023-09-10', '2024-10-24'), (65, 4, '10:00:00', '18:00:00', '2023-09-10', '2024-10-24'), (65, 5, '10:00:00', '18:00:00', '2023-09-10', '2024-10-24'), (66, 1, '09:00:00', '17:00:00', '2025-01-24', NULL), (66, 2, '09:00:00', '17:00:00', '2025-01-24', NULL), (66, 3, '09:00:00', '17:00:00', '2025-01-24', NULL), (66, 4, '09:00:00', '17:00:00', '2025-01-24', NULL), (66, 5, '09:00:00', '17:00:00', '2025-01-24', NULL), (67, 1, '09:00:00', '17:00:00', '2025-02-07', NULL), (67, 2, '09:00:00', '17:00:00', '2025-02-07', NULL), (67, 3, '09:00:00', '17:00:00', '2025-02-07', NULL), (67, 4, '09:00:00', '17:00:00', '2025-02-07', NULL), (67, 5, '09:00:00', '17:00:00', '2025-02-07', NULL), (67, 1, '10:00:00', '18:00:00', '2023-07-16', '2025-02-06'), (67, 2, '10:00:00', '18:00:00', '2023-07-16', '2025-02-06'), (67, 3, '10:00:00', '18:00:00', '2023-07-16', '2025-02-06'), (67, 4, '10:00:00', '18:00:00', '2023-07-16', '2025-02-06'), (67, 5, '10:00:00', '18:00:00', '2023-07-16', '2025-02-06'), (68, 1, '09:00:00', '17:00:00', '2024-11-21', NULL), (68, 2, '09:00:00', '17:00:00', '2024-11-21', NULL), (68, 3, '09:00:00', '17:00:00', '2024-11-21', NULL), (68, 4, '09:00:00', '17:00:00', '2024-11-21', NULL), (68, 5, '09:00:00', '17:00:00', '2024-11-21', NULL), (68, 1, '10:00:00', '18:00:00', '2024-08-28', '2024-11-20'), (68, 2, '10:00:00', '18:00:00', '2024-08-28', '2024-11-20'), (68, 3, '10:00:00', '18:00:00', '2024-08-28', '2024-11-20'), (68, 4, '10:00:00', '18:00:00', '2024-08-28', '2024-11-20'), (68, 5, '10:00:00', '18:00:00', '2024-08-28', '2024-11-20'), (69, 1, '09:00:00', '17:00:00', '2025-03-29', NULL), (69, 2, '09:00:00', '17:00:00', '2025-03-29', NULL), (69, 3, '09:00:00', '17:00:00', '2025-03-29', NULL), (69, 4, '09:00:00', '17:00:00', '2025-03-29', NULL), (69, 5, '09:00:00', '17:00:00', '2025-03-29', NULL), (69, 1, '10:00:00', '18:00:00', '2023-10-06', '2025-03-28'), (69, 2, '10:00:00', '18:00:00', '2023-10-06', '2025-03-28'), (69, 3, '10:00:00', '18:00:00', '2023-10-06', '2025-03-28'), (69, 4, '10:00:00', '18:00:00', '2023-10-06', '2025-03-28'), (69, 5, '10:00:00', '18:00:00', '2023-10-06', '2025-03-28'), (70, 1, '09:00:00', '17:00:00', '2024-11-21', NULL), (70, 2, '09:00:00', '17:00:00', '2024-11-21', NULL), (70, 3, '09:00:00', '17:00:00', '2024-11-21', NULL), (70, 4, '09:00:00', '17:00:00', '2024-11-21', NULL), (70, 5, '09:00:00', '17:00:00', '2024-11-21', NULL), (71, 1, '09:00:00', '17:00:00', '2024-10-23', NULL), (71, 2, '09:00:00', '17:00:00', '2024-10-23', NULL), (71, 3, '09:00:00', '17:00:00', '2024-10-23', NULL), (71, 4, '09:00:00', '17:00:00', '2024-10-23', NULL), (71, 5, '09:00:00', '17:00:00', '2024-10-23', NULL), (71, 1, '10:00:00', '18:00:00', '2024-02-14', '2024-10-22'), (71, 2, '10:00:00', '18:00:00', '2024-02-14', '2024-10-22'), (71, 3, '10:00:00', '18:00:00', '2024-02-14', '2024-10-22'), (71, 4, '10:00:00', '18:00:00', '2024-02-14', '2024-10-22'), (71, 5, '10:00:00', '18:00:00', '2024-02-14', '2024-10-22'), (72, 1, '09:00:00', '17:00:00', '2024-08-24', NULL), (72, 2, '09:00:00', '17:00:00', '2024-08-24', NULL), (72, 3, '09:00:00', '17:00:00', '2024-08-24', NULL), (72, 4, '09:00:00', '17:00:00', '2024-08-24', NULL), (72, 5, '09:00:00', '17:00:00', '2024-08-24', NULL), (73, 1, '09:00:00', '17:00:00', '2025-05-20', NULL), (73, 2, '09:00:00', '17:00:00', '2025-05-20', NULL), (73, 3, '09:00:00', '17:00:00', '2025-05-20', NULL), (73, 4, '09:00:00', '17:00:00', '2025-05-20', NULL), (73, 5, '09:00:00', '17:00:00', '2025-05-20', NULL), (73, 1, '10:00:00', '18:00:00', '2023-09-09', '2025-05-19'), (73, 2, '10:00:00', '18:00:00', '2023-09-09', '2025-05-19'), (73, 3, '10:00:00', '18:00:00', '2023-09-09', '2025-05-19'), (73, 4, '10:00:00', '18:00:00', '2023-09-09', '2025-05-19'), (73, 5, '10:00:00', '18:00:00', '2023-09-09', '2025-05-19'), (74, 1, '09:00:00', '17:00:00', '2025-02-28', NULL), (74, 2, '09:00:00', '17:00:00', '2025-02-28', NULL), (74, 3, '09:00:00', '17:00:00', '2025-02-28', NULL), (74, 4, '09:00:00', '17:00:00', '2025-02-28', NULL), (74, 5, '09:00:00', '17:00:00', '2025-02-28', NULL), (75, 1, '09:00:00', '17:00:00', '2024-08-22', NULL), (75, 2, '09:00:00', '17:00:00', '2024-08-22', NULL), (75, 3, '09:00:00', '17:00:00', '2024-08-22', NULL), (75, 4, '09:00:00', '17:00:00', '2024-08-22', NULL), (75, 5, '09:00:00', '17:00:00', '2024-08-22', NULL), (75, 1, '10:00:00', '18:00:00', '2024-08-09', '2024-08-21'), (75, 2, '10:00:00', '18:00:00', '2024-08-09', '2024-08-21'), (75, 3, '10:00:00', '18:00:00', '2024-08-09', '2024-08-21'), (75, 4, '10:00:00', '18:00:00', '2024-08-09', '2024-08-21'), (75, 5, '10:00:00', '18:00:00', '2024-08-09', '2024-08-21'), (76, 1, '09:00:00', '17:00:00', '2024-10-04', NULL), (76, 2, '09:00:00', '17:00:00', '2024-10-04', NULL), (76, 3, '09:00:00', '17:00:00', '2024-10-04', NULL), (76, 4, '09:00:00', '17:00:00', '2024-10-04', NULL), (76, 5, '09:00:00', '17:00:00', '2024-10-04', NULL), (76, 1, '10:00:00', '18:00:00', '2024-05-11', '2024-10-03'), (76, 2, '10:00:00', '18:00:00', '2024-05-11', '2024-10-03'), (76, 3, '10:00:00', '18:00:00', '2024-05-11', '2024-10-03'), (76, 4, '10:00:00', '18:00:00', '2024-05-11', '2024-10-03'), (76, 5, '10:00:00', '18:00:00', '2024-05-11', '2024-10-03'), (77, 1, '09:00:00', '17:00:00', '2024-09-18', NULL), (77, 2, '09:00:00', '17:00:00', '2024-09-18', NULL), (77, 3, '09:00:00', '17:00:00', '2024-09-18', NULL), (77, 4, '09:00:00', '17:00:00', '2024-09-18', NULL), (77, 5, '09:00:00', '17:00:00', '2024-09-18', NULL), (77, 1, '10:00:00', '18:00:00', '2023-03-26', '2024-09-17'), (77, 2, '10:00:00', '18:00:00', '2023-03-26', '2024-09-17'), (77, 3, '10:00:00', '18:00:00', '2023-03-26', '2024-09-17'), (77, 4, '10:00:00', '18:00:00', '2023-03-26', '2024-09-17'), (77, 5, '10:00:00', '18:00:00', '2023-03-26', '2024-09-17'), (78, 1, '09:00:00', '17:00:00', '2025-04-24', NULL), (78, 2, '09:00:00', '17:00:00', '2025-04-24', NULL), (78, 3, '09:00:00', '17:00:00', '2025-04-24', NULL), (78, 4, '09:00:00', '17:00:00', '2025-04-24', NULL), (78, 5, '09:00:00', '17:00:00', '2025-04-24', NULL), (79, 1, '09:00:00', '17:00:00', '2024-11-30', NULL), (79, 2, '09:00:00', '17:00:00', '2024-11-30', NULL), (79, 3, '09:00:00', '17:00:00', '2024-11-30', NULL), (79, 4, '09:00:00', '17:00:00', '2024-11-30', NULL), (79, 5, '09:00:00', '17:00:00', '2024-11-30', NULL), (79, 1, '10:00:00', '18:00:00', '2024-08-23', '2024-11-29'), (79, 2, '10:00:00', '18:00:00', '2024-08-23', '2024-11-29'), (79, 3, '10:00:00', '18:00:00', '2024-08-23', '2024-11-29'), (79, 4, '10:00:00', '18:00:00', '2024-08-23', '2024-11-29'), (79, 5, '10:00:00', '18:00:00', '2024-08-23', '2024-11-29'), (80, 1, '09:00:00', '17:00:00', '2025-01-29', NULL), (80, 2, '09:00:00', '17:00:00', '2025-01-29', NULL), (80, 3, '09:00:00', '17:00:00', '2025-01-29', NULL), (80, 4, '09:00:00', '17:00:00', '2025-01-29', NULL), (80, 5, '09:00:00', '17:00:00', '2025-01-29', NULL), (80, 1, '10:00:00', '18:00:00', '2025-01-22', '2025-01-28'), (80, 2, '10:00:00', '18:00:00', '2025-01-22', '2025-01-28'), (80, 3, '10:00:00', '18:00:00', '2025-01-22', '2025-01-28'), (80, 4, '10:00:00', '18:00:00', '2025-01-22', '2025-01-28'), (80, 5, '10:00:00', '18:00:00', '2025-01-22', '2025-01-28'), (81, 1, '09:00:00', '17:00:00', '2024-06-24', NULL), (81, 2, '09:00:00', '17:00:00', '2024-06-24', NULL), (81, 3, '09:00:00', '17:00:00', '2024-06-24', NULL), (81, 4, '09:00:00', '17:00:00', '2024-06-24', NULL), (81, 5, '09:00:00', '17:00:00', '2024-06-24', NULL), (81, 1, '10:00:00', '18:00:00', '2024-01-19', '2024-06-23'), (81, 2, '10:00:00', '18:00:00', '2024-01-19', '2024-06-23'), (81, 3, '10:00:00', '18:00:00', '2024-01-19', '2024-06-23'), (81, 4, '10:00:00', '18:00:00', '2024-01-19', '2024-06-23'), (81, 5, '10:00:00', '18:00:00', '2024-01-19', '2024-06-23'), (82, 1, '09:00:00', '17:00:00', '2024-11-12', NULL), (82, 2, '09:00:00', '17:00:00', '2024-11-12', NULL), (82, 3, '09:00:00', '17:00:00', '2024-11-12', NULL), (82, 4, '09:00:00', '17:00:00', '2024-11-12', NULL), (82, 5, '09:00:00', '17:00:00', '2024-11-12', NULL), (82, 1, '10:00:00', '18:00:00', '2023-11-27', '2024-11-11'), (82, 2, '10:00:00', '18:00:00', '2023-11-27', '2024-11-11'), (82, 3, '10:00:00', '18:00:00', '2023-11-27', '2024-11-11'), (82, 4, '10:00:00', '18:00:00', '2023-11-27', '2024-11-11'), (82, 5, '10:00:00', '18:00:00', '2023-11-27', '2024-11-11'), (83, 1, '09:00:00', '17:00:00', '2024-11-25', NULL), (83, 2, '09:00:00', '17:00:00', '2024-11-25', NULL), (83, 3, '09:00:00', '17:00:00', '2024-11-25', NULL), (83, 4, '09:00:00', '17:00:00', '2024-11-25', NULL), (83, 5, '09:00:00', '17:00:00', '2024-11-25', NULL), (83, 1, '10:00:00', '18:00:00', '2024-10-24', '2024-11-24'), (83, 2, '10:00:00', '18:00:00', '2024-10-24', '2024-11-24'), (83, 3, '10:00:00', '18:00:00', '2024-10-24', '2024-11-24'), (83, 4, '10:00:00', '18:00:00', '2024-10-24', '2024-11-24'), (83, 5, '10:00:00', '18:00:00', '2024-10-24', '2024-11-24'), (84, 1, '09:00:00', '17:00:00', '2024-11-16', NULL), (84, 2, '09:00:00', '17:00:00', '2024-11-16', NULL), (84, 3, '09:00:00', '17:00:00', '2024-11-16', NULL), (84, 4, '09:00:00', '17:00:00', '2024-11-16', NULL), (84, 5, '09:00:00', '17:00:00', '2024-11-16', NULL), (85, 1, '09:00:00', '17:00:00', '2025-02-18', NULL), (85, 2, '09:00:00', '17:00:00', '2025-02-18', NULL), (85, 3, '09:00:00', '17:00:00', '2025-02-18', NULL), (85, 4, '09:00:00', '17:00:00', '2025-02-18', NULL), (85, 5, '09:00:00', '17:00:00', '2025-02-18', NULL), (86, 1, '09:00:00', '17:00:00', '2024-11-01', NULL), (86, 2, '09:00:00', '17:00:00', '2024-11-01', NULL), (86, 3, '09:00:00', '17:00:00', '2024-11-01', NULL), (86, 4, '09:00:00', '17:00:00', '2024-11-01', NULL), (86, 5, '09:00:00', '17:00:00', '2024-11-01', NULL), (87, 1, '09:00:00', '17:00:00', '2024-12-30', NULL), (87, 2, '09:00:00', '17:00:00', '2024-12-30', NULL), (87, 3, '09:00:00', '17:00:00', '2024-12-30', NULL), (87, 4, '09:00:00', '17:00:00', '2024-12-30', NULL), (87, 5, '09:00:00', '17:00:00', '2024-12-30', NULL), (88, 1, '09:00:00', '17:00:00', '2024-10-23', NULL), (88, 2, '09:00:00', '17:00:00', '2024-10-23', NULL), (88, 3, '09:00:00', '17:00:00', '2024-10-23', NULL), (88, 4, '09:00:00', '17:00:00', '2024-10-23', NULL), (88, 5, '09:00:00', '17:00:00', '2024-10-23', NULL), (88, 1, '10:00:00', '18:00:00', '2023-09-13', '2024-10-22'), (88, 2, '10:00:00', '18:00:00', '2023-09-13', '2024-10-22'), (88, 3, '10:00:00', '18:00:00', '2023-09-13', '2024-10-22'), (88, 4, '10:00:00', '18:00:00', '2023-09-13', '2024-10-22'), (88, 5, '10:00:00', '18:00:00', '2023-09-13', '2024-10-22'), (89, 1, '09:00:00', '17:00:00', '2024-11-16', NULL), (89, 2, '09:00:00', '17:00:00', '2024-11-16', NULL), (89, 3, '09:00:00', '17:00:00', '2024-11-16', NULL), (89, 4, '09:00:00', '17:00:00', '2024-11-16', NULL), (89, 5, '09:00:00', '17:00:00', '2024-11-16', NULL), (89, 1, '10:00:00', '18:00:00', '2023-06-21', '2024-11-15'), (89, 2, '10:00:00', '18:00:00', '2023-06-21', '2024-11-15'), (89, 3, '10:00:00', '18:00:00', '2023-06-21', '2024-11-15'), (89, 4, '10:00:00', '18:00:00', '2023-06-21', '2024-11-15'), (89, 5, '10:00:00', '18:00:00', '2023-06-21', '2024-11-15'), (90, 1, '09:00:00', '17:00:00', '2025-06-05', NULL), (90, 2, '09:00:00', '17:00:00', '2025-06-05', NULL), (90, 3, '09:00:00', '17:00:00', '2025-06-05', NULL), (90, 4, '09:00:00', '17:00:00', '2025-06-05', NULL), (90, 5, '09:00:00', '17:00:00', '2025-06-05', NULL), (90, 1, '10:00:00', '18:00:00', '2024-07-21', '2025-06-04'), (90, 2, '10:00:00', '18:00:00', '2024-07-21', '2025-06-04'), (90, 3, '10:00:00', '18:00:00', '2024-07-21', '2025-06-04'), (90, 4, '10:00:00', '18:00:00', '2024-07-21', '2025-06-04'), (90, 5, '10:00:00', '18:00:00', '2024-07-21', '2025-06-04'), (91, 1, '09:00:00', '17:00:00', '2024-07-26', NULL), (91, 2, '09:00:00', '17:00:00', '2024-07-26', NULL), (91, 3, '09:00:00', '17:00:00', '2024-07-26', NULL), (91, 4, '09:00:00', '17:00:00', '2024-07-26', NULL), (91, 5, '09:00:00', '17:00:00', '2024-07-26', NULL), (91, 1, '10:00:00', '18:00:00', '2023-10-06', '2024-07-25'), (91, 2, '10:00:00', '18:00:00', '2023-10-06', '2024-07-25'), (91, 3, '10:00:00', '18:00:00', '2023-10-06', '2024-07-25'), (91, 4, '10:00:00', '18:00:00', '2023-10-06', '2024-07-25'), (91, 5, '10:00:00', '18:00:00', '2023-10-06', '2024-07-25'), (92, 1, '09:00:00', '17:00:00', '2024-08-16', NULL), (92, 2, '09:00:00', '17:00:00', '2024-08-16', NULL), (92, 3, '09:00:00', '17:00:00', '2024-08-16', NULL), (92, 4, '09:00:00', '17:00:00', '2024-08-16', NULL), (92, 5, '09:00:00', '17:00:00', '2024-08-16', NULL), (92, 1, '10:00:00', '18:00:00', '2022-12-08', '2024-08-15'), (92, 2, '10:00:00', '18:00:00', '2022-12-08', '2024-08-15'), (92, 3, '10:00:00', '18:00:00', '2022-12-08', '2024-08-15'), (92, 4, '10:00:00', '18:00:00', '2022-12-08', '2024-08-15'), (92, 5, '10:00:00', '18:00:00', '2022-12-08', '2024-08-15'), (93, 1, '09:00:00', '17:00:00', '2024-10-10', NULL), (93, 2, '09:00:00', '17:00:00', '2024-10-10', NULL), (93, 3, '09:00:00', '17:00:00', '2024-10-10', NULL), (93, 4, '09:00:00', '17:00:00', '2024-10-10', NULL), (93, 5, '09:00:00', '17:00:00', '2024-10-10', NULL), (93, 1, '10:00:00', '18:00:00', '2023-10-14', '2024-10-09'), (93, 2, '10:00:00', '18:00:00', '2023-10-14', '2024-10-09'), (93, 3, '10:00:00', '18:00:00', '2023-10-14', '2024-10-09'), (93, 4, '10:00:00', '18:00:00', '2023-10-14', '2024-10-09'), (93, 5, '10:00:00', '18:00:00', '2023-10-14', '2024-10-09'), (94, 1, '09:00:00', '17:00:00', '2024-06-16', NULL), (94, 2, '09:00:00', '17:00:00', '2024-06-16', NULL), (94, 3, '09:00:00', '17:00:00', '2024-06-16', NULL), (94, 4, '09:00:00', '17:00:00', '2024-06-16', NULL), (94, 5, '09:00:00', '17:00:00', '2024-06-16', NULL), (94, 1, '10:00:00', '18:00:00', '2024-03-15', '2024-06-15'), (94, 2, '10:00:00', '18:00:00', '2024-03-15', '2024-06-15'), (94, 3, '10:00:00', '18:00:00', '2024-03-15', '2024-06-15'), (94, 4, '10:00:00', '18:00:00', '2024-03-15', '2024-06-15'), (94, 5, '10:00:00', '18:00:00', '2024-03-15', '2024-06-15'), (95, 1, '09:00:00', '17:00:00', '2024-07-19', NULL), (95, 2, '09:00:00', '17:00:00', '2024-07-19', NULL), (95, 3, '09:00:00', '17:00:00', '2024-07-19', NULL), (95, 4, '09:00:00', '17:00:00', '2024-07-19', NULL), (95, 5, '09:00:00', '17:00:00', '2024-07-19', NULL), (96, 1, '09:00:00', '17:00:00', '2025-04-17', NULL), (96, 2, '09:00:00', '17:00:00', '2025-04-17', NULL), (96, 3, '09:00:00', '17:00:00', '2025-04-17', NULL), (96, 4, '09:00:00', '17:00:00', '2025-04-17', NULL), (96, 5, '09:00:00', '17:00:00', '2025-04-17', NULL), (96, 1, '10:00:00', '18:00:00', '2023-08-21', '2025-04-16'), (96, 2, '10:00:00', '18:00:00', '2023-08-21', '2025-04-16'), (96, 3, '10:00:00', '18:00:00', '2023-08-21', '2025-04-16'), (96, 4, '10:00:00', '18:00:00', '2023-08-21', '2025-04-16'), (96, 5, '10:00:00', '18:00:00', '2023-08-21', '2025-04-16'), (97, 1, '09:00:00', '17:00:00', '2025-04-14', NULL), (97, 2, '09:00:00', '17:00:00', '2025-04-14', NULL), (97, 3, '09:00:00', '17:00:00', '2025-04-14', NULL), (97, 4, '09:00:00', '17:00:00', '2025-04-14', NULL), (97, 5, '09:00:00', '17:00:00', '2025-04-14', NULL), (98, 1, '09:00:00', '17:00:00', '2025-01-23', NULL), (98, 2, '09:00:00', '17:00:00', '2025-01-23', NULL), (98, 3, '09:00:00', '17:00:00', '2025-01-23', NULL), (98, 4, '09:00:00', '17:00:00', '2025-01-23', NULL), (98, 5, '09:00:00', '17:00:00', '2025-01-23', NULL), (98, 1, '10:00:00', '18:00:00', '2023-08-05', '2025-01-22'), (98, 2, '10:00:00', '18:00:00', '2023-08-05', '2025-01-22'), (98, 3, '10:00:00', '18:00:00', '2023-08-05', '2025-01-22'), (98, 4, '10:00:00', '18:00:00', '2023-08-05', '2025-01-22'), (98, 5, '10:00:00', '18:00:00', '2023-08-05', '2025-01-22'), (99, 1, '09:00:00', '17:00:00', '2025-02-21', NULL), (99, 2, '09:00:00', '17:00:00', '2025-02-21', NULL), (99, 3, '09:00:00', '17:00:00', '2025-02-21', NULL), (99, 4, '09:00:00', '17:00:00', '2025-02-21', NULL), (99, 5, '09:00:00', '17:00:00', '2025-02-21', NULL), (99, 1, '10:00:00', '18:00:00', '2024-08-25', '2025-02-20'), (99, 2, '10:00:00', '18:00:00', '2024-08-25', '2025-02-20'), (99, 3, '10:00:00', '18:00:00', '2024-08-25', '2025-02-20'), (99, 4, '10:00:00', '18:00:00', '2024-08-25', '2025-02-20'), (99, 5, '10:00:00', '18:00:00', '2024-08-25', '2025-02-20'), (100, 1, '09:00:00', '17:00:00', '2024-11-10', NULL), (100, 2, '09:00:00', '17:00:00', '2024-11-10', NULL), (100, 3, '09:00:00', '17:00:00', '2024-11-10', NULL), (100, 4, '09:00:00', '17:00:00', '2024-11-10', NULL), (100, 5, '09:00:00', '17:00:00', '2024-11-10', NULL), (101, 1, '09:00:00', '17:00:00', '2025-04-14', NULL), (101, 2, '09:00:00', '17:00:00', '2025-04-14', NULL), (101, 3, '09:00:00', '17:00:00', '2025-04-14', NULL), (101, 4, '09:00:00', '17:00:00', '2025-04-14', NULL), (101, 5, '09:00:00', '17:00:00', '2025-04-14', NULL), (102, 1, '09:00:00', '17:00:00', '2024-09-25', NULL), (102, 2, '09:00:00', '17:00:00', '2024-09-25', NULL), (102, 3, '09:00:00', '17:00:00', '2024-09-25', NULL), (102, 4, '09:00:00', '17:00:00', '2024-09-25', NULL), (102, 5, '09:00:00', '17:00:00', '2024-09-25', NULL), (102, 1, '10:00:00', '18:00:00', '2023-06-17', '2024-09-24'), (102, 2, '10:00:00', '18:00:00', '2023-06-17', '2024-09-24'), (102, 3, '10:00:00', '18:00:00', '2023-06-17', '2024-09-24'), (102, 4, '10:00:00', '18:00:00', '2023-06-17', '2024-09-24'), (102, 5, '10:00:00', '18:00:00', '2023-06-17', '2024-09-24'), (103, 1, '09:00:00', '17:00:00', '2024-11-03', NULL), (103, 2, '09:00:00', '17:00:00', '2024-11-03', NULL), (103, 3, '09:00:00', '17:00:00', '2024-11-03', NULL), (103, 4, '09:00:00', '17:00:00', '2024-11-03', NULL), (103, 5, '09:00:00', '17:00:00', '2024-11-03', NULL), (104, 1, '09:00:00', '17:00:00', '2024-06-11', NULL), (104, 2, '09:00:00', '17:00:00', '2024-06-11', NULL), (104, 3, '09:00:00', '17:00:00', '2024-06-11', NULL), (104, 4, '09:00:00', '17:00:00', '2024-06-11', NULL), (104, 5, '09:00:00', '17:00:00', '2024-06-11', NULL), (105, 1, '09:00:00', '17:00:00', '2025-02-18', NULL), (105, 2, '09:00:00', '17:00:00', '2025-02-18', NULL), (105, 3, '09:00:00', '17:00:00', '2025-02-18', NULL), (105, 4, '09:00:00', '17:00:00', '2025-02-18', NULL), (105, 5, '09:00:00', '17:00:00', '2025-02-18', NULL), (105, 1, '10:00:00', '18:00:00', '2023-08-06', '2025-02-17'), (105, 2, '10:00:00', '18:00:00', '2023-08-06', '2025-02-17'), (105, 3, '10:00:00', '18:00:00', '2023-08-06', '2025-02-17'), (105, 4, '10:00:00', '18:00:00', '2023-08-06', '2025-02-17'), (105, 5, '10:00:00', '18:00:00', '2023-08-06', '2025-02-17'), (106, 1, '09:00:00', '17:00:00', '2025-03-15', NULL), (106, 2, '09:00:00', '17:00:00', '2025-03-15', NULL), (106, 3, '09:00:00', '17:00:00', '2025-03-15', NULL), (106, 4, '09:00:00', '17:00:00', '2025-03-15', NULL), (106, 5, '09:00:00', '17:00:00', '2025-03-15', NULL), (107, 1, '09:00:00', '17:00:00', '2024-12-22', NULL), (107, 2, '09:00:00', '17:00:00', '2024-12-22', NULL), (107, 3, '09:00:00', '17:00:00', '2024-12-22', NULL), (107, 4, '09:00:00', '17:00:00', '2024-12-22', NULL), (107, 5, '09:00:00', '17:00:00', '2024-12-22', NULL), (107, 1, '10:00:00', '18:00:00', '2024-10-21', '2024-12-21'), (107, 2, '10:00:00', '18:00:00', '2024-10-21', '2024-12-21'), (107, 3, '10:00:00', '18:00:00', '2024-10-21', '2024-12-21'), (107, 4, '10:00:00', '18:00:00', '2024-10-21', '2024-12-21'), (107, 5, '10:00:00', '18:00:00', '2024-10-21', '2024-12-21'), (108, 1, '09:00:00', '17:00:00', '2024-11-11', NULL), (108, 2, '09:00:00', '17:00:00', '2024-11-11', NULL), (108, 3, '09:00:00', '17:00:00', '2024-11-11', NULL), (108, 4, '09:00:00', '17:00:00', '2024-11-11', NULL), (108, 5, '09:00:00', '17:00:00', '2024-11-11', NULL), (108, 1, '10:00:00', '18:00:00', '2024-04-29', '2024-11-10'), (108, 2, '10:00:00', '18:00:00', '2024-04-29', '2024-11-10'), (108, 3, '10:00:00', '18:00:00', '2024-04-29', '2024-11-10'), (108, 4, '10:00:00', '18:00:00', '2024-04-29', '2024-11-10'), (108, 5, '10:00:00', '18:00:00', '2024-04-29', '2024-11-10'), (109, 1, '09:00:00', '17:00:00', '2025-05-11', NULL), (109, 2, '09:00:00', '17:00:00', '2025-05-11', NULL), (109, 3, '09:00:00', '17:00:00', '2025-05-11', NULL), (109, 4, '09:00:00', '17:00:00', '2025-05-11', NULL), (109, 5, '09:00:00', '17:00:00', '2025-05-11', NULL), (110, 1, '09:00:00', '17:00:00', '2024-07-01', NULL), (110, 2, '09:00:00', '17:00:00', '2024-07-01', NULL), (110, 3, '09:00:00', '17:00:00', '2024-07-01', NULL), (110, 4, '09:00:00', '17:00:00', '2024-07-01', NULL), (110, 5, '09:00:00', '17:00:00', '2024-07-01', NULL), (110, 1, '10:00:00', '18:00:00', '2023-07-30', '2024-06-30'), (110, 2, '10:00:00', '18:00:00', '2023-07-30', '2024-06-30'), (110, 3, '10:00:00', '18:00:00', '2023-07-30', '2024-06-30'), (110, 4, '10:00:00', '18:00:00', '2023-07-30', '2024-06-30'), (110, 5, '10:00:00', '18:00:00', '2023-07-30', '2024-06-30'), (111, 1, '09:00:00', '17:00:00', '2025-05-01', NULL), (111, 2, '09:00:00', '17:00:00', '2025-05-01', NULL), (111, 3, '09:00:00', '17:00:00', '2025-05-01', NULL), (111, 4, '09:00:00', '17:00:00', '2025-05-01', NULL), (111, 5, '09:00:00', '17:00:00', '2025-05-01', NULL), (112, 1, '09:00:00', '17:00:00', '2024-08-26', NULL), (112, 2, '09:00:00', '17:00:00', '2024-08-26', NULL), (112, 3, '09:00:00', '17:00:00', '2024-08-26', NULL), (112, 4, '09:00:00', '17:00:00', '2024-08-26', NULL), (112, 5, '09:00:00', '17:00:00', '2024-08-26', NULL), (112, 1, '10:00:00', '18:00:00', '2024-01-14', '2024-08-25'), (112, 2, '10:00:00', '18:00:00', '2024-01-14', '2024-08-25'), (112, 3, '10:00:00', '18:00:00', '2024-01-14', '2024-08-25'), (112, 4, '10:00:00', '18:00:00', '2024-01-14', '2024-08-25'), (112, 5, '10:00:00', '18:00:00', '2024-01-14', '2024-08-25'), (113, 1, '09:00:00', '17:00:00', '2025-05-22', NULL), (113, 2, '09:00:00', '17:00:00', '2025-05-22', NULL), (113, 3, '09:00:00', '17:00:00', '2025-05-22', NULL), (113, 4, '09:00:00', '17:00:00', '2025-05-22', NULL), (113, 5, '09:00:00', '17:00:00', '2025-05-22', NULL), (113, 1, '10:00:00', '18:00:00', '2023-06-11', '2025-05-21'), (113, 2, '10:00:00', '18:00:00', '2023-06-11', '2025-05-21'), (113, 3, '10:00:00', '18:00:00', '2023-06-11', '2025-05-21'), (113, 4, '10:00:00', '18:00:00', '2023-06-11', '2025-05-21'), (113, 5, '10:00:00', '18:00:00', '2023-06-11', '2025-05-21'), (114, 1, '09:00:00', '17:00:00', '2024-07-03', NULL), (114, 2, '09:00:00', '17:00:00', '2024-07-03', NULL), (114, 3, '09:00:00', '17:00:00', '2024-07-03', NULL), (114, 4, '09:00:00', '17:00:00', '2024-07-03', NULL), (114, 5, '09:00:00', '17:00:00', '2024-07-03', NULL), (115, 1, '09:00:00', '17:00:00', '2024-11-04', NULL), (115, 2, '09:00:00', '17:00:00', '2024-11-04', NULL), (115, 3, '09:00:00', '17:00:00', '2024-11-04', NULL), (115, 4, '09:00:00', '17:00:00', '2024-11-04', NULL), (115, 5, '09:00:00', '17:00:00', '2024-11-04', NULL), (115, 1, '10:00:00', '18:00:00', '2024-05-14', '2024-11-03'), (115, 2, '10:00:00', '18:00:00', '2024-05-14', '2024-11-03'), (115, 3, '10:00:00', '18:00:00', '2024-05-14', '2024-11-03'), (115, 4, '10:00:00', '18:00:00', '2024-05-14', '2024-11-03'), (115, 5, '10:00:00', '18:00:00', '2024-05-14', '2024-11-03'), (116, 1, '09:00:00', '17:00:00', '2025-02-23', NULL), (116, 2, '09:00:00', '17:00:00', '2025-02-23', NULL), (116, 3, '09:00:00', '17:00:00', '2025-02-23', NULL), (116, 4, '09:00:00', '17:00:00', '2025-02-23', NULL), (116, 5, '09:00:00', '17:00:00', '2025-02-23', NULL), (117, 1, '09:00:00', '17:00:00', '2024-08-17', NULL), (117, 2, '09:00:00', '17:00:00', '2024-08-17', NULL), (117, 3, '09:00:00', '17:00:00', '2024-08-17', NULL), (117, 4, '09:00:00', '17:00:00', '2024-08-17', NULL), (117, 5, '09:00:00', '17:00:00', '2024-08-17', NULL), (117, 1, '10:00:00', '18:00:00', '2023-05-22', '2024-08-16'), (117, 2, '10:00:00', '18:00:00', '2023-05-22', '2024-08-16'), (117, 3, '10:00:00', '18:00:00', '2023-05-22', '2024-08-16'), (117, 4, '10:00:00', '18:00:00', '2023-05-22', '2024-08-16'), (117, 5, '10:00:00', '18:00:00', '2023-05-22', '2024-08-16'), (118, 1, '09:00:00', '17:00:00', '2025-03-07', NULL), (118, 2, '09:00:00', '17:00:00', '2025-03-07', NULL), (118, 3, '09:00:00', '17:00:00', '2025-03-07', NULL), (118, 4, '09:00:00', '17:00:00', '2025-03-07', NULL), (118, 5, '09:00:00', '17:00:00', '2025-03-07', NULL), (118, 1, '10:00:00', '18:00:00', '2025-01-15', '2025-03-06'), (118, 2, '10:00:00', '18:00:00', '2025-01-15', '2025-03-06'), (118, 3, '10:00:00', '18:00:00', '2025-01-15', '2025-03-06'), (118, 4, '10:00:00', '18:00:00', '2025-01-15', '2025-03-06'), (118, 5, '10:00:00', '18:00:00', '2025-01-15', '2025-03-06'), (119, 1, '09:00:00', '17:00:00', '2024-09-06', NULL), (119, 2, '09:00:00', '17:00:00', '2024-09-06', NULL), (119, 3, '09:00:00', '17:00:00', '2024-09-06', NULL), (119, 4, '09:00:00', '17:00:00', '2024-09-06', NULL), (119, 5, '09:00:00', '17:00:00', '2024-09-06', NULL), (120, 1, '09:00:00', '17:00:00', '2024-07-23', NULL), (120, 2, '09:00:00', '17:00:00', '2024-07-23', NULL), (120, 3, '09:00:00', '17:00:00', '2024-07-23', NULL), (120, 4, '09:00:00', '17:00:00', '2024-07-23', NULL), (120, 5, '09:00:00', '17:00:00', '2024-07-23', NULL), (120, 1, '10:00:00', '18:00:00', '2022-10-18', '2024-07-22'), (120, 2, '10:00:00', '18:00:00', '2022-10-18', '2024-07-22'), (120, 3, '10:00:00', '18:00:00', '2022-10-18', '2024-07-22'), (120, 4, '10:00:00', '18:00:00', '2022-10-18', '2024-07-22'), (120, 5, '10:00:00', '18:00:00', '2022-10-18', '2024-07-22'), (121, 1, '09:00:00', '17:00:00', '2025-05-16', NULL), (121, 2, '09:00:00', '17:00:00', '2025-05-16', NULL), (121, 3, '09:00:00', '17:00:00', '2025-05-16', NULL), (121, 4, '09:00:00', '17:00:00', '2025-05-16', NULL), (121, 5, '09:00:00', '17:00:00', '2025-05-16', NULL), (121, 1, '10:00:00', '18:00:00', '2024-07-14', '2025-05-15'), (121, 2, '10:00:00', '18:00:00', '2024-07-14', '2025-05-15'), (121, 3, '10:00:00', '18:00:00', '2024-07-14', '2025-05-15'), (121, 4, '10:00:00', '18:00:00', '2024-07-14', '2025-05-15'), (121, 5, '10:00:00', '18:00:00', '2024-07-14', '2025-05-15'), (122, 1, '09:00:00', '17:00:00', '2025-03-05', NULL), (122, 2, '09:00:00', '17:00:00', '2025-03-05', NULL), (122, 3, '09:00:00', '17:00:00', '2025-03-05', NULL), (122, 4, '09:00:00', '17:00:00', '2025-03-05', NULL), (122, 5, '09:00:00', '17:00:00', '2025-03-05', NULL), (123, 1, '09:00:00', '17:00:00', '2024-12-29', NULL), (123, 2, '09:00:00', '17:00:00', '2024-12-29', NULL), (123, 3, '09:00:00', '17:00:00', '2024-12-29', NULL), (123, 4, '09:00:00', '17:00:00', '2024-12-29', NULL), (123, 5, '09:00:00', '17:00:00', '2024-12-29', NULL), (124, 1, '09:00:00', '17:00:00', '2024-08-16', NULL), (124, 2, '09:00:00', '17:00:00', '2024-08-16', NULL), (124, 3, '09:00:00', '17:00:00', '2024-08-16', NULL), (124, 4, '09:00:00', '17:00:00', '2024-08-16', NULL), (124, 5, '09:00:00', '17:00:00', '2024-08-16', NULL), (124, 1, '10:00:00', '18:00:00', '2023-03-18', '2024-08-15'), (124, 2, '10:00:00', '18:00:00', '2023-03-18', '2024-08-15'), (124, 3, '10:00:00', '18:00:00', '2023-03-18', '2024-08-15'), (124, 4, '10:00:00', '18:00:00', '2023-03-18', '2024-08-15'), (124, 5, '10:00:00', '18:00:00', '2023-03-18', '2024-08-15'), (125, 1, '09:00:00', '17:00:00', '2024-06-29', NULL), (125, 2, '09:00:00', '17:00:00', '2024-06-29', NULL), (125, 3, '09:00:00', '17:00:00', '2024-06-29', NULL), (125, 4, '09:00:00', '17:00:00', '2024-06-29', NULL), (125, 5, '09:00:00', '17:00:00', '2024-06-29', NULL), (125, 1, '10:00:00', '18:00:00', '2022-07-26', '2024-06-28'), (125, 2, '10:00:00', '18:00:00', '2022-07-26', '2024-06-28'), (125, 3, '10:00:00', '18:00:00', '2022-07-26', '2024-06-28'), (125, 4, '10:00:00', '18:00:00', '2022-07-26', '2024-06-28'), (125, 5, '10:00:00', '18:00:00', '2022-07-26', '2024-06-28'), (126, 1, '09:00:00', '17:00:00', '2025-01-13', NULL), (126, 2, '09:00:00', '17:00:00', '2025-01-13', NULL), (126, 3, '09:00:00', '17:00:00', '2025-01-13', NULL), (126, 4, '09:00:00', '17:00:00', '2025-01-13', NULL), (126, 5, '09:00:00', '17:00:00', '2025-01-13', NULL), (127, 1, '09:00:00', '17:00:00', '2025-03-14', NULL), (127, 2, '09:00:00', '17:00:00', '2025-03-14', NULL), (127, 3, '09:00:00', '17:00:00', '2025-03-14', NULL), (127, 4, '09:00:00', '17:00:00', '2025-03-14', NULL), (127, 5, '09:00:00', '17:00:00', '2025-03-14', NULL), (127, 1, '10:00:00', '18:00:00', '2024-05-18', '2025-03-13'), (127, 2, '10:00:00', '18:00:00', '2024-05-18', '2025-03-13'), (127, 3, '10:00:00', '18:00:00', '2024-05-18', '2025-03-13'), (127, 4, '10:00:00', '18:00:00', '2024-05-18', '2025-03-13'), (127, 5, '10:00:00', '18:00:00', '2024-05-18', '2025-03-13'), (128, 1, '09:00:00', '17:00:00', '2025-05-29', NULL), (128, 2, '09:00:00', '17:00:00', '2025-05-29', NULL), (128, 3, '09:00:00', '17:00:00', '2025-05-29', NULL), (128, 4, '09:00:00', '17:00:00', '2025-05-29', NULL), (128, 5, '09:00:00', '17:00:00', '2025-05-29', NULL), (128, 1, '10:00:00', '18:00:00', '2024-03-29', '2025-05-28'), (128, 2, '10:00:00', '18:00:00', '2024-03-29', '2025-05-28'), (128, 3, '10:00:00', '18:00:00', '2024-03-29', '2025-05-28'), (128, 4, '10:00:00', '18:00:00', '2024-03-29', '2025-05-28'), (128, 5, '10:00:00', '18:00:00', '2024-03-29', '2025-05-28'), (129, 1, '09:00:00', '17:00:00', '2024-10-17', NULL), (129, 2, '09:00:00', '17:00:00', '2024-10-17', NULL), (129, 3, '09:00:00', '17:00:00', '2024-10-17', NULL), (129, 4, '09:00:00', '17:00:00', '2024-10-17', NULL), (129, 5, '09:00:00', '17:00:00', '2024-10-17', NULL), (129, 1, '10:00:00', '18:00:00', '2024-06-24', '2024-10-16'), (129, 2, '10:00:00', '18:00:00', '2024-06-24', '2024-10-16'), (129, 3, '10:00:00', '18:00:00', '2024-06-24', '2024-10-16'), (129, 4, '10:00:00', '18:00:00', '2024-06-24', '2024-10-16'), (129, 5, '10:00:00', '18:00:00', '2024-06-24', '2024-10-16'), (130, 1, '09:00:00', '17:00:00', '2024-07-31', NULL), (130, 2, '09:00:00', '17:00:00', '2024-07-31', NULL), (130, 3, '09:00:00', '17:00:00', '2024-07-31', NULL), (130, 4, '09:00:00', '17:00:00', '2024-07-31', NULL), (130, 5, '09:00:00', '17:00:00', '2024-07-31', NULL), (130, 1, '10:00:00', '18:00:00', '2023-09-17', '2024-07-30'), (130, 2, '10:00:00', '18:00:00', '2023-09-17', '2024-07-30'), (130, 3, '10:00:00', '18:00:00', '2023-09-17', '2024-07-30'), (130, 4, '10:00:00', '18:00:00', '2023-09-17', '2024-07-30'), (130, 5, '10:00:00', '18:00:00', '2023-09-17', '2024-07-30'), (131, 1, '09:00:00', '17:00:00', '2024-12-25', NULL), (131, 2, '09:00:00', '17:00:00', '2024-12-25', NULL), (131, 3, '09:00:00', '17:00:00', '2024-12-25', NULL), (131, 4, '09:00:00', '17:00:00', '2024-12-25', NULL), (131, 5, '09:00:00', '17:00:00', '2024-12-25', NULL), (132, 1, '09:00:00', '17:00:00', '2024-06-30', NULL), (132, 2, '09:00:00', '17:00:00', '2024-06-30', NULL), (132, 3, '09:00:00', '17:00:00', '2024-06-30', NULL), (132, 4, '09:00:00', '17:00:00', '2024-06-30', NULL), (132, 5, '09:00:00', '17:00:00', '2024-06-30', NULL), (133, 1, '09:00:00', '17:00:00', '2025-03-08', NULL), (133, 2, '09:00:00', '17:00:00', '2025-03-08', NULL), (133, 3, '09:00:00', '17:00:00', '2025-03-08', NULL), (133, 4, '09:00:00', '17:00:00', '2025-03-08', NULL), (133, 5, '09:00:00', '17:00:00', '2025-03-08', NULL), (134, 1, '09:00:00', '17:00:00', '2025-02-21', NULL), (134, 2, '09:00:00', '17:00:00', '2025-02-21', NULL), (134, 3, '09:00:00', '17:00:00', '2025-02-21', NULL), (134, 4, '09:00:00', '17:00:00', '2025-02-21', NULL), (134, 5, '09:00:00', '17:00:00', '2025-02-21', NULL), (134, 1, '10:00:00', '18:00:00', '2023-07-11', '2025-02-20'), (134, 2, '10:00:00', '18:00:00', '2023-07-11', '2025-02-20'), (134, 3, '10:00:00', '18:00:00', '2023-07-11', '2025-02-20'), (134, 4, '10:00:00', '18:00:00', '2023-07-11', '2025-02-20'), (134, 5, '10:00:00', '18:00:00', '2023-07-11', '2025-02-20'), (135, 1, '09:00:00', '17:00:00', '2025-02-25', NULL), (135, 2, '09:00:00', '17:00:00', '2025-02-25', NULL), (135, 3, '09:00:00', '17:00:00', '2025-02-25', NULL), (135, 4, '09:00:00', '17:00:00', '2025-02-25', NULL), (135, 5, '09:00:00', '17:00:00', '2025-02-25', NULL), (135, 1, '10:00:00', '18:00:00', '2025-01-08', '2025-02-24'), (135, 2, '10:00:00', '18:00:00', '2025-01-08', '2025-02-24'), (135, 3, '10:00:00', '18:00:00', '2025-01-08', '2025-02-24'), (135, 4, '10:00:00', '18:00:00', '2025-01-08', '2025-02-24'), (135, 5, '10:00:00', '18:00:00', '2025-01-08', '2025-02-24'), (136, 1, '09:00:00', '17:00:00', '2025-04-17', NULL), (136, 2, '09:00:00', '17:00:00', '2025-04-17', NULL), (136, 3, '09:00:00', '17:00:00', '2025-04-17', NULL), (136, 4, '09:00:00', '17:00:00', '2025-04-17', NULL), (136, 5, '09:00:00', '17:00:00', '2025-04-17', NULL), (137, 1, '09:00:00', '17:00:00', '2024-12-07', NULL), (137, 2, '09:00:00', '17:00:00', '2024-12-07', NULL), (137, 3, '09:00:00', '17:00:00', '2024-12-07', NULL), (137, 4, '09:00:00', '17:00:00', '2024-12-07', NULL), (137, 5, '09:00:00', '17:00:00', '2024-12-07', NULL), (138, 1, '09:00:00', '17:00:00', '2025-04-07', NULL), (138, 2, '09:00:00', '17:00:00', '2025-04-07', NULL), (138, 3, '09:00:00', '17:00:00', '2025-04-07', NULL), (138, 4, '09:00:00', '17:00:00', '2025-04-07', NULL), (138, 5, '09:00:00', '17:00:00', '2025-04-07', NULL), (138, 1, '10:00:00', '18:00:00', '2024-02-15', '2025-04-06'), (138, 2, '10:00:00', '18:00:00', '2024-02-15', '2025-04-06'), (138, 3, '10:00:00', '18:00:00', '2024-02-15', '2025-04-06'), (138, 4, '10:00:00', '18:00:00', '2024-02-15', '2025-04-06'), (138, 5, '10:00:00', '18:00:00', '2024-02-15', '2025-04-06'), (139, 1, '09:00:00', '17:00:00', '2024-10-30', NULL), (139, 2, '09:00:00', '17:00:00', '2024-10-30', NULL), (139, 3, '09:00:00', '17:00:00', '2024-10-30', NULL), (139, 4, '09:00:00', '17:00:00', '2024-10-30', NULL), (139, 5, '09:00:00', '17:00:00', '2024-10-30', NULL), (139, 1, '10:00:00', '18:00:00', '2023-05-02', '2024-10-29'), (139, 2, '10:00:00', '18:00:00', '2023-05-02', '2024-10-29'), (139, 3, '10:00:00', '18:00:00', '2023-05-02', '2024-10-29'), (139, 4, '10:00:00', '18:00:00', '2023-05-02', '2024-10-29'), (139, 5, '10:00:00', '18:00:00', '2023-05-02', '2024-10-29'), (140, 1, '09:00:00', '17:00:00', '2025-03-28', NULL), (140, 2, '09:00:00', '17:00:00', '2025-03-28', NULL), (140, 3, '09:00:00', '17:00:00', '2025-03-28', NULL), (140, 4, '09:00:00', '17:00:00', '2025-03-28', NULL), (140, 5, '09:00:00', '17:00:00', '2025-03-28', NULL), (141, 1, '09:00:00', '17:00:00', '2025-04-21', NULL), (141, 2, '09:00:00', '17:00:00', '2025-04-21', NULL), (141, 3, '09:00:00', '17:00:00', '2025-04-21', NULL), (141, 4, '09:00:00', '17:00:00', '2025-04-21', NULL), (141, 5, '09:00:00', '17:00:00', '2025-04-21', NULL), (141, 1, '10:00:00', '18:00:00', '2024-01-05', '2025-04-20'), (141, 2, '10:00:00', '18:00:00', '2024-01-05', '2025-04-20'), (141, 3, '10:00:00', '18:00:00', '2024-01-05', '2025-04-20'), (141, 4, '10:00:00', '18:00:00', '2024-01-05', '2025-04-20'), (141, 5, '10:00:00', '18:00:00', '2024-01-05', '2025-04-20'), (142, 1, '09:00:00', '17:00:00', '2024-12-13', NULL), (142, 2, '09:00:00', '17:00:00', '2024-12-13', NULL), (142, 3, '09:00:00', '17:00:00', '2024-12-13', NULL), (142, 4, '09:00:00', '17:00:00', '2024-12-13', NULL), (142, 5, '09:00:00', '17:00:00', '2024-12-13', NULL), (142, 1, '10:00:00', '18:00:00', '2024-07-25', '2024-12-12'), (142, 2, '10:00:00', '18:00:00', '2024-07-25', '2024-12-12'), (142, 3, '10:00:00', '18:00:00', '2024-07-25', '2024-12-12'), (142, 4, '10:00:00', '18:00:00', '2024-07-25', '2024-12-12'), (142, 5, '10:00:00', '18:00:00', '2024-07-25', '2024-12-12'), (143, 1, '09:00:00', '17:00:00', '2025-03-19', NULL), (143, 2, '09:00:00', '17:00:00', '2025-03-19', NULL), (143, 3, '09:00:00', '17:00:00', '2025-03-19', NULL), (143, 4, '09:00:00', '17:00:00', '2025-03-19', NULL), (143, 5, '09:00:00', '17:00:00', '2025-03-19', NULL), (144, 1, '09:00:00', '17:00:00', '2025-05-29', NULL), (144, 2, '09:00:00', '17:00:00', '2025-05-29', NULL), (144, 3, '09:00:00', '17:00:00', '2025-05-29', NULL), (144, 4, '09:00:00', '17:00:00', '2025-05-29', NULL), (144, 5, '09:00:00', '17:00:00', '2025-05-29', NULL), (144, 1, '10:00:00', '18:00:00', '2024-09-04', '2025-05-28'), (144, 2, '10:00:00', '18:00:00', '2024-09-04', '2025-05-28'), (144, 3, '10:00:00', '18:00:00', '2024-09-04', '2025-05-28'), (144, 4, '10:00:00', '18:00:00', '2024-09-04', '2025-05-28'), (144, 5, '10:00:00', '18:00:00', '2024-09-04', '2025-05-28'), (145, 1, '09:00:00', '17:00:00', '2024-06-13', NULL), (145, 2, '09:00:00', '17:00:00', '2024-06-13', NULL), (145, 3, '09:00:00', '17:00:00', '2024-06-13', NULL), (145, 4, '09:00:00', '17:00:00', '2024-06-13', NULL), (145, 5, '09:00:00', '17:00:00', '2024-06-13', NULL), (145, 1, '10:00:00', '18:00:00', '2023-06-20', '2024-06-12'), (145, 2, '10:00:00', '18:00:00', '2023-06-20', '2024-06-12'), (145, 3, '10:00:00', '18:00:00', '2023-06-20', '2024-06-12'), (145, 4, '10:00:00', '18:00:00', '2023-06-20', '2024-06-12'), (145, 5, '10:00:00', '18:00:00', '2023-06-20', '2024-06-12'), (146, 1, '09:00:00', '17:00:00', '2024-12-19', NULL), (146, 2, '09:00:00', '17:00:00', '2024-12-19', NULL), (146, 3, '09:00:00', '17:00:00', '2024-12-19', NULL), (146, 4, '09:00:00', '17:00:00', '2024-12-19', NULL), (146, 5, '09:00:00', '17:00:00', '2024-12-19', NULL), (147, 1, '09:00:00', '17:00:00', '2025-05-14', NULL), (147, 2, '09:00:00', '17:00:00', '2025-05-14', NULL), (147, 3, '09:00:00', '17:00:00', '2025-05-14', NULL), (147, 4, '09:00:00', '17:00:00', '2025-05-14', NULL), (147, 5, '09:00:00', '17:00:00', '2025-05-14', NULL), (147, 1, '10:00:00', '18:00:00', '2024-12-20', '2025-05-13'), (147, 2, '10:00:00', '18:00:00', '2024-12-20', '2025-05-13'), (147, 3, '10:00:00', '18:00:00', '2024-12-20', '2025-05-13'), (147, 4, '10:00:00', '18:00:00', '2024-12-20', '2025-05-13'), (147, 5, '10:00:00', '18:00:00', '2024-12-20', '2025-05-13'), (148, 1, '09:00:00', '17:00:00', '2024-07-02', NULL), (148, 2, '09:00:00', '17:00:00', '2024-07-02', NULL), (148, 3, '09:00:00', '17:00:00', '2024-07-02', NULL), (148, 4, '09:00:00', '17:00:00', '2024-07-02', NULL), (148, 5, '09:00:00', '17:00:00', '2024-07-02', NULL), (148, 1, '10:00:00', '18:00:00', '2023-04-13', '2024-07-01'), (148, 2, '10:00:00', '18:00:00', '2023-04-13', '2024-07-01'), (148, 3, '10:00:00', '18:00:00', '2023-04-13', '2024-07-01'), (148, 4, '10:00:00', '18:00:00', '2023-04-13', '2024-07-01'), (148, 5, '10:00:00', '18:00:00', '2023-04-13', '2024-07-01'), (149, 1, '09:00:00', '17:00:00', '2024-11-04', NULL), (149, 2, '09:00:00', '17:00:00', '2024-11-04', NULL), (149, 3, '09:00:00', '17:00:00', '2024-11-04', NULL), (149, 4, '09:00:00', '17:00:00', '2024-11-04', NULL), (149, 5, '09:00:00', '17:00:00', '2024-11-04', NULL), (150, 1, '09:00:00', '17:00:00', '2024-08-05', NULL), (150, 2, '09:00:00', '17:00:00', '2024-08-05', NULL), (150, 3, '09:00:00', '17:00:00', '2024-08-05', NULL), (150, 4, '09:00:00', '17:00:00', '2024-08-05', NULL), (150, 5, '09:00:00', '17:00:00', '2024-08-05', NULL), (150, 1, '10:00:00', '18:00:00', '2023-04-18', '2024-08-04'), (150, 2, '10:00:00', '18:00:00', '2023-04-18', '2024-08-04'), (150, 3, '10:00:00', '18:00:00', '2023-04-18', '2024-08-04'), (150, 4, '10:00:00', '18:00:00', '2023-04-18', '2024-08-04'), (150, 5, '10:00:00', '18:00:00', '2023-04-18', '2024-08-04'), (151, 1, '09:00:00', '17:00:00', '2025-02-26', NULL), (151, 2, '09:00:00', '17:00:00', '2025-02-26', NULL), (151, 3, '09:00:00', '17:00:00', '2025-02-26', NULL), (151, 4, '09:00:00', '17:00:00', '2025-02-26', NULL), (151, 5, '09:00:00', '17:00:00', '2025-02-26', NULL), (152, 1, '09:00:00', '17:00:00', '2024-09-09', NULL), (152, 2, '09:00:00', '17:00:00', '2024-09-09', NULL), (152, 3, '09:00:00', '17:00:00', '2024-09-09', NULL), (152, 4, '09:00:00', '17:00:00', '2024-09-09', NULL), (152, 5, '09:00:00', '17:00:00', '2024-09-09', NULL), (152, 1, '10:00:00', '18:00:00', '2024-06-06', '2024-09-08'), (152, 2, '10:00:00', '18:00:00', '2024-06-06', '2024-09-08'), (152, 3, '10:00:00', '18:00:00', '2024-06-06', '2024-09-08'), (152, 4, '10:00:00', '18:00:00', '2024-06-06', '2024-09-08'), (152, 5, '10:00:00', '18:00:00', '2024-06-06', '2024-09-08'), (153, 1, '09:00:00', '17:00:00', '2024-09-04', NULL), (153, 2, '09:00:00', '17:00:00', '2024-09-04', NULL), (153, 3, '09:00:00', '17:00:00', '2024-09-04', NULL), (153, 4, '09:00:00', '17:00:00', '2024-09-04', NULL), (153, 5, '09:00:00', '17:00:00', '2024-09-04', NULL), (154, 1, '09:00:00', '17:00:00', '2025-02-17', NULL), (154, 2, '09:00:00', '17:00:00', '2025-02-17', NULL), (154, 3, '09:00:00', '17:00:00', '2025-02-17', NULL), (154, 4, '09:00:00', '17:00:00', '2025-02-17', NULL), (154, 5, '09:00:00', '17:00:00', '2025-02-17', NULL), (155, 1, '09:00:00', '17:00:00', '2025-01-30', NULL), (155, 2, '09:00:00', '17:00:00', '2025-01-30', NULL), (155, 3, '09:00:00', '17:00:00', '2025-01-30', NULL), (155, 4, '09:00:00', '17:00:00', '2025-01-30', NULL), (155, 5, '09:00:00', '17:00:00', '2025-01-30', NULL), (155, 1, '10:00:00', '18:00:00', '2024-09-01', '2025-01-29'), (155, 2, '10:00:00', '18:00:00', '2024-09-01', '2025-01-29'), (155, 3, '10:00:00', '18:00:00', '2024-09-01', '2025-01-29'), (155, 4, '10:00:00', '18:00:00', '2024-09-01', '2025-01-29'), (155, 5, '10:00:00', '18:00:00', '2024-09-01', '2025-01-29'), (156, 1, '09:00:00', '17:00:00', '2025-05-06', NULL), (156, 2, '09:00:00', '17:00:00', '2025-05-06', NULL), (156, 3, '09:00:00', '17:00:00', '2025-05-06', NULL), (156, 4, '09:00:00', '17:00:00', '2025-05-06', NULL), (156, 5, '09:00:00', '17:00:00', '2025-05-06', NULL), (156, 1, '10:00:00', '18:00:00', '2024-10-19', '2025-05-05'), (156, 2, '10:00:00', '18:00:00', '2024-10-19', '2025-05-05'), (156, 3, '10:00:00', '18:00:00', '2024-10-19', '2025-05-05'), (156, 4, '10:00:00', '18:00:00', '2024-10-19', '2025-05-05'), (156, 5, '10:00:00', '18:00:00', '2024-10-19', '2025-05-05'), (157, 1, '09:00:00', '17:00:00', '2024-12-20', NULL), (157, 2, '09:00:00', '17:00:00', '2024-12-20', NULL), (157, 3, '09:00:00', '17:00:00', '2024-12-20', NULL), (157, 4, '09:00:00', '17:00:00', '2024-12-20', NULL), (157, 5, '09:00:00', '17:00:00', '2024-12-20', NULL), (158, 1, '09:00:00', '17:00:00', '2024-06-10', NULL), (158, 2, '09:00:00', '17:00:00', '2024-06-10', NULL), (158, 3, '09:00:00', '17:00:00', '2024-06-10', NULL), (158, 4, '09:00:00', '17:00:00', '2024-06-10', NULL), (158, 5, '09:00:00', '17:00:00', '2024-06-10', NULL), (159, 1, '09:00:00', '17:00:00', '2024-06-27', NULL), (159, 2, '09:00:00', '17:00:00', '2024-06-27', NULL), (159, 3, '09:00:00', '17:00:00', '2024-06-27', NULL), (159, 4, '09:00:00', '17:00:00', '2024-06-27', NULL), (159, 5, '09:00:00', '17:00:00', '2024-06-27', NULL), (159, 1, '10:00:00', '18:00:00', '2023-09-29', '2024-06-26'), (159, 2, '10:00:00', '18:00:00', '2023-09-29', '2024-06-26'), (159, 3, '10:00:00', '18:00:00', '2023-09-29', '2024-06-26'), (159, 4, '10:00:00', '18:00:00', '2023-09-29', '2024-06-26'), (159, 5, '10:00:00', '18:00:00', '2023-09-29', '2024-06-26'), (160, 1, '09:00:00', '17:00:00', '2024-12-24', NULL), (160, 2, '09:00:00', '17:00:00', '2024-12-24', NULL), (160, 3, '09:00:00', '17:00:00', '2024-12-24', NULL), (160, 4, '09:00:00', '17:00:00', '2024-12-24', NULL), (160, 5, '09:00:00', '17:00:00', '2024-12-24', NULL), (160, 1, '10:00:00', '18:00:00', '2024-12-10', '2024-12-23'), (160, 2, '10:00:00', '18:00:00', '2024-12-10', '2024-12-23'), (160, 3, '10:00:00', '18:00:00', '2024-12-10', '2024-12-23'), (160, 4, '10:00:00', '18:00:00', '2024-12-10', '2024-12-23'), (160, 5, '10:00:00', '18:00:00', '2024-12-10', '2024-12-23'), (161, 1, '09:00:00', '17:00:00', '2025-04-21', NULL), (161, 2, '09:00:00', '17:00:00', '2025-04-21', NULL), (161, 3, '09:00:00', '17:00:00', '2025-04-21', NULL), (161, 4, '09:00:00', '17:00:00', '2025-04-21', NULL), (161, 5, '09:00:00', '17:00:00', '2025-04-21', NULL), (161, 1, '10:00:00', '18:00:00', '2024-02-05', '2025-04-20'), (161, 2, '10:00:00', '18:00:00', '2024-02-05', '2025-04-20'), (161, 3, '10:00:00', '18:00:00', '2024-02-05', '2025-04-20'), (161, 4, '10:00:00', '18:00:00', '2024-02-05', '2025-04-20'), (161, 5, '10:00:00', '18:00:00', '2024-02-05', '2025-04-20'), (162, 1, '09:00:00', '17:00:00', '2024-12-26', NULL), (162, 2, '09:00:00', '17:00:00', '2024-12-26', NULL), (162, 3, '09:00:00', '17:00:00', '2024-12-26', NULL), (162, 4, '09:00:00', '17:00:00', '2024-12-26', NULL), (162, 5, '09:00:00', '17:00:00', '2024-12-26', NULL), (162, 1, '10:00:00', '18:00:00', '2023-05-18', '2024-12-25'), (162, 2, '10:00:00', '18:00:00', '2023-05-18', '2024-12-25'), (162, 3, '10:00:00', '18:00:00', '2023-05-18', '2024-12-25'), (162, 4, '10:00:00', '18:00:00', '2023-05-18', '2024-12-25'), (162, 5, '10:00:00', '18:00:00', '2023-05-18', '2024-12-25'), (163, 1, '09:00:00', '17:00:00', '2024-07-17', NULL), (163, 2, '09:00:00', '17:00:00', '2024-07-17', NULL), (163, 3, '09:00:00', '17:00:00', '2024-07-17', NULL), (163, 4, '09:00:00', '17:00:00', '2024-07-17', NULL), (163, 5, '09:00:00', '17:00:00', '2024-07-17', NULL), (163, 1, '10:00:00', '18:00:00', '2023-03-16', '2024-07-16'), (163, 2, '10:00:00', '18:00:00', '2023-03-16', '2024-07-16'), (163, 3, '10:00:00', '18:00:00', '2023-03-16', '2024-07-16'), (163, 4, '10:00:00', '18:00:00', '2023-03-16', '2024-07-16'), (163, 5, '10:00:00', '18:00:00', '2023-03-16', '2024-07-16'), (164, 1, '09:00:00', '17:00:00', '2024-08-14', NULL), (164, 2, '09:00:00', '17:00:00', '2024-08-14', NULL), (164, 3, '09:00:00', '17:00:00', '2024-08-14', NULL), (164, 4, '09:00:00', '17:00:00', '2024-08-14', NULL), (164, 5, '09:00:00', '17:00:00', '2024-08-14', NULL), (165, 1, '09:00:00', '17:00:00', '2024-07-26', NULL), (165, 2, '09:00:00', '17:00:00', '2024-07-26', NULL), (165, 3, '09:00:00', '17:00:00', '2024-07-26', NULL), (165, 4, '09:00:00', '17:00:00', '2024-07-26', NULL), (165, 5, '09:00:00', '17:00:00', '2024-07-26', NULL), (166, 1, '09:00:00', '17:00:00', '2024-12-24', NULL), (166, 2, '09:00:00', '17:00:00', '2024-12-24', NULL), (166, 3, '09:00:00', '17:00:00', '2024-12-24', NULL), (166, 4, '09:00:00', '17:00:00', '2024-12-24', NULL), (166, 5, '09:00:00', '17:00:00', '2024-12-24', NULL), (167, 1, '09:00:00', '17:00:00', '2025-02-02', NULL), (167, 2, '09:00:00', '17:00:00', '2025-02-02', NULL), (167, 3, '09:00:00', '17:00:00', '2025-02-02', NULL), (167, 4, '09:00:00', '17:00:00', '2025-02-02', NULL), (167, 5, '09:00:00', '17:00:00', '2025-02-02', NULL), (168, 1, '09:00:00', '17:00:00', '2024-08-18', NULL), (168, 2, '09:00:00', '17:00:00', '2024-08-18', NULL), (168, 3, '09:00:00', '17:00:00', '2024-08-18', NULL), (168, 4, '09:00:00', '17:00:00', '2024-08-18', NULL), (168, 5, '09:00:00', '17:00:00', '2024-08-18', NULL), (169, 1, '09:00:00', '17:00:00', '2025-04-19', NULL), (169, 2, '09:00:00', '17:00:00', '2025-04-19', NULL), (169, 3, '09:00:00', '17:00:00', '2025-04-19', NULL), (169, 4, '09:00:00', '17:00:00', '2025-04-19', NULL), (169, 5, '09:00:00', '17:00:00', '2025-04-19', NULL), (169, 1, '10:00:00', '18:00:00', '2024-05-26', '2025-04-18'), (169, 2, '10:00:00', '18:00:00', '2024-05-26', '2025-04-18'), (169, 3, '10:00:00', '18:00:00', '2024-05-26', '2025-04-18'), (169, 4, '10:00:00', '18:00:00', '2024-05-26', '2025-04-18'), (169, 5, '10:00:00', '18:00:00', '2024-05-26', '2025-04-18'), (170, 1, '09:00:00', '17:00:00', '2024-09-12', NULL), (170, 2, '09:00:00', '17:00:00', '2024-09-12', NULL), (170, 3, '09:00:00', '17:00:00', '2024-09-12', NULL), (170, 4, '09:00:00', '17:00:00', '2024-09-12', NULL), (170, 5, '09:00:00', '17:00:00', '2024-09-12', NULL), (171, 1, '09:00:00', '17:00:00', '2024-06-13', NULL), (171, 2, '09:00:00', '17:00:00', '2024-06-13', NULL), (171, 3, '09:00:00', '17:00:00', '2024-06-13', NULL), (171, 4, '09:00:00', '17:00:00', '2024-06-13', NULL), (171, 5, '09:00:00', '17:00:00', '2024-06-13', NULL), (171, 1, '10:00:00', '18:00:00', '2024-04-23', '2024-06-12'), (171, 2, '10:00:00', '18:00:00', '2024-04-23', '2024-06-12'), (171, 3, '10:00:00', '18:00:00', '2024-04-23', '2024-06-12'), (171, 4, '10:00:00', '18:00:00', '2024-04-23', '2024-06-12'), (171, 5, '10:00:00', '18:00:00', '2024-04-23', '2024-06-12'), (172, 1, '09:00:00', '17:00:00', '2025-06-04', NULL), (172, 2, '09:00:00', '17:00:00', '2025-06-04', NULL), (172, 3, '09:00:00', '17:00:00', '2025-06-04', NULL), (172, 4, '09:00:00', '17:00:00', '2025-06-04', NULL), (172, 5, '09:00:00', '17:00:00', '2025-06-04', NULL), (173, 1, '09:00:00', '17:00:00', '2024-07-26', NULL), (173, 2, '09:00:00', '17:00:00', '2024-07-26', NULL), (173, 3, '09:00:00', '17:00:00', '2024-07-26', NULL), (173, 4, '09:00:00', '17:00:00', '2024-07-26', NULL), (173, 5, '09:00:00', '17:00:00', '2024-07-26', NULL), (173, 1, '10:00:00', '18:00:00', '2024-02-23', '2024-07-25'), (173, 2, '10:00:00', '18:00:00', '2024-02-23', '2024-07-25'), (173, 3, '10:00:00', '18:00:00', '2024-02-23', '2024-07-25'), (173, 4, '10:00:00', '18:00:00', '2024-02-23', '2024-07-25'), (173, 5, '10:00:00', '18:00:00', '2024-02-23', '2024-07-25'), (174, 1, '09:00:00', '17:00:00', '2025-01-27', NULL), (174, 2, '09:00:00', '17:00:00', '2025-01-27', NULL), (174, 3, '09:00:00', '17:00:00', '2025-01-27', NULL), (174, 4, '09:00:00', '17:00:00', '2025-01-27', NULL), (174, 5, '09:00:00', '17:00:00', '2025-01-27', NULL), (175, 1, '09:00:00', '17:00:00', '2025-02-21', NULL), (175, 2, '09:00:00', '17:00:00', '2025-02-21', NULL), (175, 3, '09:00:00', '17:00:00', '2025-02-21', NULL), (175, 4, '09:00:00', '17:00:00', '2025-02-21', NULL), (175, 5, '09:00:00', '17:00:00', '2025-02-21', NULL), (175, 1, '10:00:00', '18:00:00', '2023-04-03', '2025-02-20'), (175, 2, '10:00:00', '18:00:00', '2023-04-03', '2025-02-20'), (175, 3, '10:00:00', '18:00:00', '2023-04-03', '2025-02-20'), (175, 4, '10:00:00', '18:00:00', '2023-04-03', '2025-02-20'), (175, 5, '10:00:00', '18:00:00', '2023-04-03', '2025-02-20'), (176, 1, '09:00:00', '17:00:00', '2025-02-24', NULL), (176, 2, '09:00:00', '17:00:00', '2025-02-24', NULL), (176, 3, '09:00:00', '17:00:00', '2025-02-24', NULL), (176, 4, '09:00:00', '17:00:00', '2025-02-24', NULL), (176, 5, '09:00:00', '17:00:00', '2025-02-24', NULL), (176, 1, '10:00:00', '18:00:00', '2023-07-10', '2025-02-23'), (176, 2, '10:00:00', '18:00:00', '2023-07-10', '2025-02-23'), (176, 3, '10:00:00', '18:00:00', '2023-07-10', '2025-02-23'), (176, 4, '10:00:00', '18:00:00', '2023-07-10', '2025-02-23'), (176, 5, '10:00:00', '18:00:00', '2023-07-10', '2025-02-23'), (177, 1, '09:00:00', '17:00:00', '2025-02-06', NULL), (177, 2, '09:00:00', '17:00:00', '2025-02-06', NULL), (177, 3, '09:00:00', '17:00:00', '2025-02-06', NULL), (177, 4, '09:00:00', '17:00:00', '2025-02-06', NULL), (177, 5, '09:00:00', '17:00:00', '2025-02-06', NULL), (177, 1, '10:00:00', '18:00:00', '2025-01-14', '2025-02-05'), (177, 2, '10:00:00', '18:00:00', '2025-01-14', '2025-02-05'), (177, 3, '10:00:00', '18:00:00', '2025-01-14', '2025-02-05'), (177, 4, '10:00:00', '18:00:00', '2025-01-14', '2025-02-05'), (177, 5, '10:00:00', '18:00:00', '2025-01-14', '2025-02-05'), (178, 1, '09:00:00', '17:00:00', '2025-03-27', NULL), (178, 2, '09:00:00', '17:00:00', '2025-03-27', NULL), (178, 3, '09:00:00', '17:00:00', '2025-03-27', NULL), (178, 4, '09:00:00', '17:00:00', '2025-03-27', NULL), (178, 5, '09:00:00', '17:00:00', '2025-03-27', NULL), (178, 1, '10:00:00', '18:00:00', '2024-04-15', '2025-03-26'), (178, 2, '10:00:00', '18:00:00', '2024-04-15', '2025-03-26'), (178, 3, '10:00:00', '18:00:00', '2024-04-15', '2025-03-26'), (178, 4, '10:00:00', '18:00:00', '2024-04-15', '2025-03-26'), (178, 5, '10:00:00', '18:00:00', '2024-04-15', '2025-03-26'), (179, 1, '09:00:00', '17:00:00', '2025-02-10', NULL), (179, 2, '09:00:00', '17:00:00', '2025-02-10', NULL), (179, 3, '09:00:00', '17:00:00', '2025-02-10', NULL), (179, 4, '09:00:00', '17:00:00', '2025-02-10', NULL), (179, 5, '09:00:00', '17:00:00', '2025-02-10', NULL), (180, 1, '09:00:00', '17:00:00', '2024-12-07', NULL), (180, 2, '09:00:00', '17:00:00', '2024-12-07', NULL), (180, 3, '09:00:00', '17:00:00', '2024-12-07', NULL), (180, 4, '09:00:00', '17:00:00', '2024-12-07', NULL), (180, 5, '09:00:00', '17:00:00', '2024-12-07', NULL), (181, 1, '09:00:00', '17:00:00', '2025-04-28', NULL), (181, 2, '09:00:00', '17:00:00', '2025-04-28', NULL), (181, 3, '09:00:00', '17:00:00', '2025-04-28', NULL), (181, 4, '09:00:00', '17:00:00', '2025-04-28', NULL), (181, 5, '09:00:00', '17:00:00', '2025-04-28', NULL), (181, 1, '10:00:00', '18:00:00', '2024-07-23', '2025-04-27'), (181, 2, '10:00:00', '18:00:00', '2024-07-23', '2025-04-27'), (181, 3, '10:00:00', '18:00:00', '2024-07-23', '2025-04-27'), (181, 4, '10:00:00', '18:00:00', '2024-07-23', '2025-04-27'), (181, 5, '10:00:00', '18:00:00', '2024-07-23', '2025-04-27'), (182, 1, '09:00:00', '17:00:00', '2025-02-23', NULL), (182, 2, '09:00:00', '17:00:00', '2025-02-23', NULL), (182, 3, '09:00:00', '17:00:00', '2025-02-23', NULL), (182, 4, '09:00:00', '17:00:00', '2025-02-23', NULL), (182, 5, '09:00:00', '17:00:00', '2025-02-23', NULL), (182, 1, '10:00:00', '18:00:00', '2023-10-06', '2025-02-22'), (182, 2, '10:00:00', '18:00:00', '2023-10-06', '2025-02-22'), (182, 3, '10:00:00', '18:00:00', '2023-10-06', '2025-02-22'), (182, 4, '10:00:00', '18:00:00', '2023-10-06', '2025-02-22'), (182, 5, '10:00:00', '18:00:00', '2023-10-06', '2025-02-22'), (183, 1, '09:00:00', '17:00:00', '2024-10-01', NULL), (183, 2, '09:00:00', '17:00:00', '2024-10-01', NULL), (183, 3, '09:00:00', '17:00:00', '2024-10-01', NULL), (183, 4, '09:00:00', '17:00:00', '2024-10-01', NULL), (183, 5, '09:00:00', '17:00:00', '2024-10-01', NULL), (183, 1, '10:00:00', '18:00:00', '2023-09-26', '2024-09-30'), (183, 2, '10:00:00', '18:00:00', '2023-09-26', '2024-09-30'), (183, 3, '10:00:00', '18:00:00', '2023-09-26', '2024-09-30'), (183, 4, '10:00:00', '18:00:00', '2023-09-26', '2024-09-30'), (183, 5, '10:00:00', '18:00:00', '2023-09-26', '2024-09-30'), (184, 1, '09:00:00', '17:00:00', '2024-12-24', NULL), (184, 2, '09:00:00', '17:00:00', '2024-12-24', NULL), (184, 3, '09:00:00', '17:00:00', '2024-12-24', NULL), (184, 4, '09:00:00', '17:00:00', '2024-12-24', NULL), (184, 5, '09:00:00', '17:00:00', '2024-12-24', NULL), (185, 1, '09:00:00', '17:00:00', '2024-09-15', NULL), (185, 2, '09:00:00', '17:00:00', '2024-09-15', NULL), (185, 3, '09:00:00', '17:00:00', '2024-09-15', NULL), (185, 4, '09:00:00', '17:00:00', '2024-09-15', NULL), (185, 5, '09:00:00', '17:00:00', '2024-09-15', NULL), (186, 1, '09:00:00', '17:00:00', '2024-07-19', NULL), (186, 2, '09:00:00', '17:00:00', '2024-07-19', NULL), (186, 3, '09:00:00', '17:00:00', '2024-07-19', NULL), (186, 4, '09:00:00', '17:00:00', '2024-07-19', NULL), (186, 5, '09:00:00', '17:00:00', '2024-07-19', NULL), (186, 1, '10:00:00', '18:00:00', '2023-01-18', '2024-07-18'), (186, 2, '10:00:00', '18:00:00', '2023-01-18', '2024-07-18'), (186, 3, '10:00:00', '18:00:00', '2023-01-18', '2024-07-18'), (186, 4, '10:00:00', '18:00:00', '2023-01-18', '2024-07-18'), (186, 5, '10:00:00', '18:00:00', '2023-01-18', '2024-07-18'), (187, 1, '09:00:00', '17:00:00', '2024-11-05', NULL), (187, 2, '09:00:00', '17:00:00', '2024-11-05', NULL), (187, 3, '09:00:00', '17:00:00', '2024-11-05', NULL), (187, 4, '09:00:00', '17:00:00', '2024-11-05', NULL), (187, 5, '09:00:00', '17:00:00', '2024-11-05', NULL), (188, 1, '09:00:00', '17:00:00', '2024-07-22', NULL), (188, 2, '09:00:00', '17:00:00', '2024-07-22', NULL), (188, 3, '09:00:00', '17:00:00', '2024-07-22', NULL), (188, 4, '09:00:00', '17:00:00', '2024-07-22', NULL), (188, 5, '09:00:00', '17:00:00', '2024-07-22', NULL), (188, 1, '10:00:00', '18:00:00', '2023-02-08', '2024-07-21'), (188, 2, '10:00:00', '18:00:00', '2023-02-08', '2024-07-21'), (188, 3, '10:00:00', '18:00:00', '2023-02-08', '2024-07-21'), (188, 4, '10:00:00', '18:00:00', '2023-02-08', '2024-07-21'), (188, 5, '10:00:00', '18:00:00', '2023-02-08', '2024-07-21'), (189, 1, '09:00:00', '17:00:00', '2024-12-19', NULL), (189, 2, '09:00:00', '17:00:00', '2024-12-19', NULL), (189, 3, '09:00:00', '17:00:00', '2024-12-19', NULL), (189, 4, '09:00:00', '17:00:00', '2024-12-19', NULL), (189, 5, '09:00:00', '17:00:00', '2024-12-19', NULL), (189, 1, '10:00:00', '18:00:00', '2023-03-07', '2024-12-18'), (189, 2, '10:00:00', '18:00:00', '2023-03-07', '2024-12-18'), (189, 3, '10:00:00', '18:00:00', '2023-03-07', '2024-12-18'), (189, 4, '10:00:00', '18:00:00', '2023-03-07', '2024-12-18'), (189, 5, '10:00:00', '18:00:00', '2023-03-07', '2024-12-18'), (190, 1, '09:00:00', '17:00:00', '2024-11-03', NULL), (190, 2, '09:00:00', '17:00:00', '2024-11-03', NULL), (190, 3, '09:00:00', '17:00:00', '2024-11-03', NULL), (190, 4, '09:00:00', '17:00:00', '2024-11-03', NULL), (190, 5, '09:00:00', '17:00:00', '2024-11-03', NULL), (191, 1, '09:00:00', '17:00:00', '2025-03-02', NULL), (191, 2, '09:00:00', '17:00:00', '2025-03-02', NULL), (191, 3, '09:00:00', '17:00:00', '2025-03-02', NULL), (191, 4, '09:00:00', '17:00:00', '2025-03-02', NULL), (191, 5, '09:00:00', '17:00:00', '2025-03-02', NULL), (192, 1, '09:00:00', '17:00:00', '2024-09-08', NULL), (192, 2, '09:00:00', '17:00:00', '2024-09-08', NULL), (192, 3, '09:00:00', '17:00:00', '2024-09-08', NULL), (192, 4, '09:00:00', '17:00:00', '2024-09-08', NULL), (192, 5, '09:00:00', '17:00:00', '2024-09-08', NULL), (192, 1, '10:00:00', '18:00:00', '2022-09-17', '2024-09-07'), (192, 2, '10:00:00', '18:00:00', '2022-09-17', '2024-09-07'), (192, 3, '10:00:00', '18:00:00', '2022-09-17', '2024-09-07'), (192, 4, '10:00:00', '18:00:00', '2022-09-17', '2024-09-07'), (192, 5, '10:00:00', '18:00:00', '2022-09-17', '2024-09-07'), (193, 1, '09:00:00', '17:00:00', '2025-06-07', NULL), (193, 2, '09:00:00', '17:00:00', '2025-06-07', NULL), (193, 3, '09:00:00', '17:00:00', '2025-06-07', NULL), (193, 4, '09:00:00', '17:00:00', '2025-06-07', NULL), (193, 5, '09:00:00', '17:00:00', '2025-06-07', NULL), (193, 1, '10:00:00', '18:00:00', '2024-09-08', '2025-06-06'), (193, 2, '10:00:00', '18:00:00', '2024-09-08', '2025-06-06'), (193, 3, '10:00:00', '18:00:00', '2024-09-08', '2025-06-06'), (193, 4, '10:00:00', '18:00:00', '2024-09-08', '2025-06-06'), (193, 5, '10:00:00', '18:00:00', '2024-09-08', '2025-06-06'), (194, 1, '09:00:00', '17:00:00', '2024-12-15', NULL), (194, 2, '09:00:00', '17:00:00', '2024-12-15', NULL), (194, 3, '09:00:00', '17:00:00', '2024-12-15', NULL), (194, 4, '09:00:00', '17:00:00', '2024-12-15', NULL), (194, 5, '09:00:00', '17:00:00', '2024-12-15', NULL), (195, 1, '09:00:00', '17:00:00', '2024-07-31', NULL), (195, 2, '09:00:00', '17:00:00', '2024-07-31', NULL), (195, 3, '09:00:00', '17:00:00', '2024-07-31', NULL), (195, 4, '09:00:00', '17:00:00', '2024-07-31', NULL), (195, 5, '09:00:00', '17:00:00', '2024-07-31', NULL), (196, 1, '09:00:00', '17:00:00', '2025-05-13', NULL), (196, 2, '09:00:00', '17:00:00', '2025-05-13', NULL), (196, 3, '09:00:00', '17:00:00', '2025-05-13', NULL), (196, 4, '09:00:00', '17:00:00', '2025-05-13', NULL), (196, 5, '09:00:00', '17:00:00', '2025-05-13', NULL), (196, 1, '10:00:00', '18:00:00', '2023-10-18', '2025-05-12'), (196, 2, '10:00:00', '18:00:00', '2023-10-18', '2025-05-12'), (196, 3, '10:00:00', '18:00:00', '2023-10-18', '2025-05-12'), (196, 4, '10:00:00', '18:00:00', '2023-10-18', '2025-05-12'), (196, 5, '10:00:00', '18:00:00', '2023-10-18', '2025-05-12'), (197, 1, '09:00:00', '17:00:00', '2025-01-30', NULL), (197, 2, '09:00:00', '17:00:00', '2025-01-30', NULL), (197, 3, '09:00:00', '17:00:00', '2025-01-30', NULL), (197, 4, '09:00:00', '17:00:00', '2025-01-30', NULL), (197, 5, '09:00:00', '17:00:00', '2025-01-30', NULL), (198, 1, '09:00:00', '17:00:00', '2024-06-21', NULL), (198, 2, '09:00:00', '17:00:00', '2024-06-21', NULL), (198, 3, '09:00:00', '17:00:00', '2024-06-21', NULL), (198, 4, '09:00:00', '17:00:00', '2024-06-21', NULL), (198, 5, '09:00:00', '17:00:00', '2024-06-21', NULL), (198, 1, '10:00:00', '18:00:00', '2023-11-14', '2024-06-20'), (198, 2, '10:00:00', '18:00:00', '2023-11-14', '2024-06-20'), (198, 3, '10:00:00', '18:00:00', '2023-11-14', '2024-06-20'), (198, 4, '10:00:00', '18:00:00', '2023-11-14', '2024-06-20'), (198, 5, '10:00:00', '18:00:00', '2023-11-14', '2024-06-20'), (199, 1, '09:00:00', '17:00:00', '2025-05-14', NULL), (199, 2, '09:00:00', '17:00:00', '2025-05-14', NULL), (199, 3, '09:00:00', '17:00:00', '2025-05-14', NULL), (199, 4, '09:00:00', '17:00:00', '2025-05-14', NULL), (199, 5, '09:00:00', '17:00:00', '2025-05-14', NULL), (200, 1, '09:00:00', '17:00:00', '2024-09-14', NULL), (200, 2, '09:00:00', '17:00:00', '2024-09-14', NULL), (200, 3, '09:00:00', '17:00:00', '2024-09-14', NULL), (200, 4, '09:00:00', '17:00:00', '2024-09-14', NULL), (200, 5, '09:00:00', '17:00:00', '2024-09-14', NULL), (200, 1, '10:00:00', '18:00:00', '2023-08-27', '2024-09-13'), (200, 2, '10:00:00', '18:00:00', '2023-08-27', '2024-09-13'), (200, 3, '10:00:00', '18:00:00', '2023-08-27', '2024-09-13'), (200, 4, '10:00:00', '18:00:00', '2023-08-27', '2024-09-13'), (200, 5, '10:00:00', '18:00:00', '2023-08-27', '2024-09-13');

INSERT INTO schedule_exception_types (type, is_paid) VALUES
                                                         ('sick leave', True), ('unpaid leave', False), ('business trip', True), ('training', True);

INSERT INTO schedule_exceptions (employee_id, date, start_time, end_time, type, description) VALUES
                                                                                                 (1, '2025-02-17', '08:15:00', '13:30:00', 'unpaid leave', 'Zajmować 90 odważny posiadać.'), (1, '2025-03-20', '18:30:00', '19:30:00', 'business trip', 'Tkanina wino pomysł wysłać niewolnik lód.'), (1, '2025-01-20', '10:45:00', '15:45:00', 'business trip', 'Słaby klucz okazja butelka zboże.'), (1, '2025-04-23', '10:45:00', '12:15:00', 'unpaid leave', 'Napój ktoś struktura amharski.'), (1, '2025-02-05', '08:15:00', '10:30:00', 'sick leave', 'Opowiadać kuchnia gospodarka duński wspólnota odczuwać.'), (2, '2024-09-27', '07:45:00', '08:00:00', 'unpaid leave', 'Pomagać hiszpański dlaczego.'), (2, '2025-03-20', '11:30:00', '15:00:00', 'business trip', 'Potrzeba płyta wygrać.'), (2, '2024-10-05', '13:00:00', '13:15:00', 'business trip', 'Posługiwać Się brat Kraków Warszawa jaki operacja.'), (2, '2024-08-28', '16:45:00', '17:00:00', 'unpaid leave', 'Przypominać telewizja pojawić się.'), (2, '2024-12-25', '16:15:00', '17:00:00', 'sick leave', 'Marka włożyć księżyc silnik pokój.'), (3, '2024-12-25', '10:30:00', '10:45:00', 'business trip', 'Złożyć niechęć wolno materiał nagły.'), (3, '2025-01-14', '15:30:00', '18:30:00', 'unpaid leave', 'Zajmować Się ósmy dodatkowy seksualny energia (…).'), (3, '2025-03-14', '18:30:00', '19:15:00', 'training', '8 temu dodatkowy.'), (3, '2025-01-05', '15:00:00', '15:15:00', 'business trip', 'Grunt pani pierś turecki drugi.'), (3, '2024-10-28', '15:15:00', '16:30:00', 'unpaid leave', 'Niemiecki mocz obóz bok.'), (4, '2025-02-04', '10:00:00', '17:00:00', 'sick leave', 'Liść wybitny interes dzieło zawartość.'), (4, '2024-09-13', '13:30:00', '19:00:00', 'sick leave', 'Hałas pytanie ciepły pająk minuta.'), (4, '2025-03-01', '13:15:00', '13:30:00', 'unpaid leave', 'Seksualny zrobić zawodnik.'), (4, '2025-03-18', '10:15:00', '13:00:00', 'training', 'Usa lotniczy wszyscy historia.'), (4, '2024-06-21', '13:45:00', '18:00:00', 'business trip', 'Grzech napój pijany złożony.'), (5, '2024-09-26', '14:15:00', '18:00:00', 'training', 'Lampa ziemia intensywny żeby taniec w kształcie.'), (5, '2025-05-27', '15:45:00', '17:00:00', 'unpaid leave', 'Niechęć 8 ciotka dialekt służba pijany.'), (5, '2025-04-23', '07:15:00', '13:45:00', 'unpaid leave', 'Ciało właściwy zewnętrzny analiza grunt.'), (5, '2024-06-21', '17:45:00', '18:15:00', 'training', 'Wynik dolina łagodny rower polski dwudziesty.'), (5, '2025-02-18', '14:45:00', '17:45:00', 'training', 'Obecny piątek niedziela papier syn nosić.'), (6, '2024-09-07', '15:45:00', '16:00:00', 'sick leave', 'Myśl osiemdziesiąt miejscowość ogród bogactwo.'), (6, '2025-01-06', '15:30:00', '15:45:00', 'business trip', 'Ona r. mało angielski.'), (6, '2024-11-28', '10:15:00', '19:15:00', 'training', 'Szklanka własny zrozumieć.'), (6, '2025-02-03', '12:00:00', '16:30:00', 'sick leave', 'Sam istnieć wtedy 10 zakon w końcu.'), (6, '2025-04-14', '14:30:00', '16:30:00', 'sick leave', 'Mistrz zupełnie wyjść.'), (7, '2025-02-07', '08:15:00', '12:30:00', 'business trip', 'Tak jej narkotyk wcześnie.'), (7, '2025-02-28', '16:15:00', '19:15:00', 'training', '60 metoda 2 brązowy w..'), (7, '2024-06-09', '14:15:00', '15:45:00', 'training', 'Niech przyprawa mięso być.'), (7, '2024-09-05', '10:00:00', '14:45:00', 'training', 'Abugida jakość głównie poznać.'), (7, '2025-04-06', '09:00:00', '17:15:00', 'training', 'Boże Narodzenie wąski bronić trzymać pokój.'), (8, '2025-03-04', '07:30:00', '15:45:00', 'training', 'Wschód 5 waluta orzeł.'), (8, '2025-03-23', '11:30:00', '12:00:00', 'business trip', 'Wewnątrz zgoda odnosić się.'), (8, '2024-07-05', '08:00:00', '14:45:00', 'business trip', 'Piec Azja terytorium metr sport istotny.'), (8, '2024-08-16', '08:30:00', '16:45:00', 'training', 'Otoczenie ludność pierwszy.'), (8, '2024-10-03', '12:30:00', '16:15:00', 'training', 'Publiczny dokonywać bardzo nawet dowód.'), (9, '2025-03-13', '11:00:00', '11:15:00', 'sick leave', 'Nikt społeczeństwo przyjaźń wyglądać.'), (9, '2025-03-17', '13:15:00', '15:30:00', 'unpaid leave', 'Wywoływać klucz rzadki wracać.'), (9, '2024-06-21', '17:45:00', '19:00:00', 'business trip', 'Stan pić okazja wciąż.'), (9, '2024-08-03', '10:00:00', '18:15:00', 'unpaid leave', 'Rosnąć niski planeta obserwować dodawać staw.'), (9, '2024-08-21', '14:00:00', '16:15:00', 'training', 'Gwiazda kosztować uważać spadek powiedzieć.'), (10, '2024-07-03', '11:15:00', '19:00:00', 'training', 'Odnosić Się oficjalny komórka mama wewnętrzny 60.'), (10, '2025-01-10', '15:45:00', '16:00:00', 'training', 'Śpiewać stawać się lista.'), (10, '2024-09-21', '17:00:00', '19:45:00', 'unpaid leave', 'Przed operacja położony szkoła.'), (10, '2024-09-27', '10:00:00', '15:00:00', 'business trip', 'Kupić utwór tylko sprzęt.'), (10, '2025-01-15', '14:30:00', '16:45:00', 'business trip', 'M.In. lato las lekcja odważny.'), (11, '2024-07-16', '17:30:00', '17:45:00', 'unpaid leave', 'Znajdować przejść cienki.'), (11, '2025-01-03', '11:45:00', '19:30:00', 'sick leave', 'Koszt słyszeć krzyż specjalny cień.'), (11, '2024-10-25', '07:15:00', '15:15:00', 'business trip', 'Miasto kto sylaba wiatr pociąg.'), (11, '2024-09-19', '15:15:00', '15:30:00', 'training', 'Mój suchy wreszcie siła.'), (11, '2024-12-12', '15:15:00', '17:15:00', 'unpaid leave', 'Rodzina wizyta patrzeć odmiana wiersz przedmiot.'), (12, '2025-04-18', '17:15:00', '19:30:00', 'business trip', 'Korzystać literacki koszt talerz wywołać napój.'), (12, '2025-02-15', '08:15:00', '19:15:00', 'business trip', 'Skutek śmiać się klasa przeszkoda.'), (12, '2025-03-15', '17:30:00', '19:45:00', 'sick leave', 'Z Krwi I Kości klub treść.'), (12, '2024-11-05', '07:15:00', '14:00:00', 'business trip', 'Właśnie powiat republika.'), (12, '2024-07-27', '09:00:00', '14:15:00', 'business trip', 'Zimny klimat późno przejaw.'), (13, '2024-09-02', '07:15:00', '09:00:00', 'sick leave', 'Spać duński całkowity wyrażać centrum.'), (13, '2024-07-28', '08:45:00', '11:45:00', 'business trip', 'Przejście trzeci mgła sprzedaż te koniec.'), (13, '2025-02-10', '18:00:00', '19:15:00', 'business trip', 'Sylaba urodzenie pokój waluta.'), (13, '2024-09-20', '09:45:00', '14:00:00', 'sick leave', 'Raz stary drewno kiedy.'), (13, '2024-06-30', '12:00:00', '12:45:00', 'training', 'Majuskuła brak wolny trochę wiara.'), (14, '2024-09-19', '16:15:00', '19:45:00', 'business trip', 'Dziać Się bogini szkolny towarzystwo szkodliwy.'), (14, '2024-08-03', '13:45:00', '19:15:00', 'training', 'Mowa błoto zdjęcie.'), (14, '2024-09-01', '11:15:00', '14:15:00', 'unpaid leave', 'Drogi usługa jeśli zamknąć ani przyszły.'), (14, '2024-08-08', '10:15:00', '19:15:00', 'training', 'Plaża ale firma marka jego mózg.'), (14, '2025-03-27', '11:30:00', '14:45:00', 'training', 'Różny zjawisko piłka nożna wolność mur rada.'), (15, '2024-07-26', '09:15:00', '09:30:00', 'unpaid leave', 'Żaden wiadomość pas.'), (15, '2025-02-14', '18:45:00', '19:00:00', 'training', 'Słyszeć słyszeć grzech Czechy żółty.'), (15, '2025-01-20', '11:45:00', '14:00:00', 'training', 'Przyjąć hałas siódmy siostra graniczyć gałąź.'), (15, '2024-11-12', '13:00:00', '19:15:00', 'unpaid leave', 'Zwłaszcza zamiar źle.'), (15, '2024-09-02', '15:00:00', '15:45:00', 'unpaid leave', 'Pełen list płaski.'), (16, '2025-01-07', '17:00:00', '17:15:00', 'unpaid leave', 'Lekki świątynia badać.'), (16, '2025-05-20', '07:30:00', '16:15:00', 'business trip', 'Centralny wartość ładny wiara.'), (16, '2024-10-14', '11:30:00', '11:45:00', 'training', 'Dzień zbudować zamiast powszechny Boże Narodzenie.'), (16, '2024-09-22', '12:45:00', '13:00:00', 'unpaid leave', 'Posługiwać Się jasny ukraiński.'), (16, '2025-03-11', '12:45:00', '17:45:00', 'training', 'Mąż wewnątrz ponownie plan albo.'), (17, '2024-12-21', '12:00:00', '16:30:00', 'unpaid leave', 'Przedmiot ofiara rasa połączenie.'), (17, '2024-12-16', '07:00:00', '07:30:00', 'training', 'Nieść promień operacja obowiązywać pole.'), (17, '2024-08-24', '08:30:00', '13:30:00', 'training', 'Przemysł próbować dopiero pracownik nic zima.'), (17, '2024-06-27', '18:00:00', '19:45:00', 'training', 'Chmura przed wczoraj.'), (17, '2025-01-25', '10:45:00', '16:45:00', 'training', 'Dziadek bez stopień kierowca chronić Słowacja.'), (18, '2024-11-04', '12:30:00', '17:15:00', 'sick leave', 'Nagły scena pojedynczy rezultat osioł Słońce.'), (18, '2024-09-19', '12:15:00', '14:30:00', 'sick leave', 'Minister mieć spowodować broda.'), (18, '2025-01-10', '15:30:00', '18:00:00', 'business trip', 'Dziwny 10 miejsce potrawa.'), (18, '2024-09-19', '12:45:00', '18:15:00', 'training', 'Studia wokół tłumaczyć odmiana impreza.'), (18, '2024-12-20', '08:30:00', '16:45:00', 'business trip', 'Srebrny archipelag siła państwowy daleko władca.'), (19, '2024-12-30', '10:00:00', '19:15:00', 'business trip', 'Środowisko zapalenie wykonanie budzić zapalenie prawdziwy.'), (19, '2025-04-24', '12:00:00', '19:15:00', 'unpaid leave', 'W Ciągu budzić zatrzymać.'), (19, '2025-03-03', '09:00:00', '10:15:00', 'sick leave', 'Produkcja wkrótce jej kwiecień.'), (19, '2025-04-05', '14:30:00', '19:00:00', 'business trip', 'Telewizyjny poduszka autobus liczyć.'), (19, '2024-07-19', '07:00:00', '12:15:00', 'business trip', 'Lecieć rządzić autobus spotkać.'), (20, '2024-06-23', '10:45:00', '17:00:00', 'sick leave', 'W Celu aktywny część padać.'), (20, '2025-01-02', '12:45:00', '19:00:00', 'training', 'Rynek wyspa procent główny pytać jesień.'), (20, '2025-03-25', '16:30:00', '16:45:00', 'business trip', 'Oko bądź obywatel słowacki przestrzeń pieniądz.'), (20, '2025-05-24', '18:00:00', '19:30:00', 'training', 'Nóż wyspa w wyniku pić.'), (20, '2025-05-23', '10:00:00', '12:45:00', 'unpaid leave', 'Bawić Się lotnisko jeść.'), (21, '2024-10-06', '14:30:00', '14:45:00', 'unpaid leave', 'Okoliczność przedsiębiorstwo znów.'), (21, '2024-12-22', '15:15:00', '16:45:00', 'business trip', 'Pojazd pozbawić córka gałąź bardzo.'), (21, '2024-10-25', '14:30:00', '14:45:00', 'unpaid leave', 'Przeciwko słyszeć czuć przypominać.'), (21, '2024-06-26', '13:45:00', '16:00:00', 'training', 'Włożyć zaś pierwszy tutaj produkt.'), (21, '2024-11-10', '10:15:00', '16:00:00', 'business trip', 'Teraz lekki nosić godzina położony.'), (22, '2024-08-13', '12:00:00', '19:30:00', 'unpaid leave', 'Ten ząb cień czwarty.'), (22, '2024-08-07', '13:45:00', '19:00:00', 'unpaid leave', 'Struktura pisać przez.'), (22, '2024-12-02', '09:45:00', '13:45:00', 'business trip', 'Krótki majątek wtedy.'), (22, '2024-08-20', '17:00:00', '18:15:00', 'unpaid leave', 'Impreza tracić ? brat sto niski.'), (22, '2025-03-06', '13:30:00', '15:45:00', 'business trip', 'Ser jeżeli męski przerwa.'), (23, '2024-06-11', '15:15:00', '19:00:00', 'sick leave', 'Polegać charakter drapieżny gdzie zapalenie.'), (23, '2024-11-22', '18:15:00', '18:45:00', 'sick leave', 'Krew uwaga autobus służba obecnie pomysł.'), (23, '2024-10-04', '18:00:00', '19:30:00', 'unpaid leave', 'Złoty powszechny szkolny.'), (23, '2024-08-28', '13:00:00', '14:45:00', 'business trip', 'Wywodzić Się niebieski element naukowy treść maj.'), (23, '2024-09-10', '13:00:00', '13:15:00', 'unpaid leave', 'Ładny finansowy trawa oglądać pociąg skłonność.'), (24, '2024-08-15', '08:30:00', '08:45:00', 'training', 'Tablica kończyć układ oba.'), (24, '2025-05-25', '09:45:00', '16:30:00', 'unpaid leave', 'Zwłaszcza osioł ciepło religia udać się.'), (24, '2024-10-21', '11:45:00', '12:00:00', 'training', 'Kij książka światło bronić rządzić.'), (24, '2025-04-10', '18:15:00', '18:30:00', 'unpaid leave', 'Choć dziki chcieć mężczyzna grzyb krew.'), (24, '2024-10-26', '10:00:00', '10:30:00', 'training', 'Późny my Warszawa po prostu rządzić przyjaźń.'), (25, '2024-07-30', '09:00:00', '09:15:00', 'business trip', 'Obejmować łyżka siedzieć pisać mysz Chrystus.'), (25, '2025-02-07', '13:00:00', '16:00:00', 'unpaid leave', 'Przychodzić znajdować się założyć świecić szary.'), (25, '2025-03-14', '15:45:00', '16:00:00', 'training', 'Owad nadawać Niemiec sprzęt chory z powodu.'), (25, '2025-03-29', '14:00:00', '17:45:00', 'training', 'Psychiczny ładny umrzeć stado.'), (25, '2025-05-15', '12:15:00', '19:30:00', 'training', 'Iść poprzez dno.'), (26, '2024-09-25', '08:00:00', '17:30:00', 'training', 'Norma całkiem właściwy służyć przyprawa.'), (26, '2024-09-02', '09:30:00', '12:45:00', 'unpaid leave', 'Wspaniały no równy.'), (26, '2025-04-15', '10:45:00', '16:45:00', 'business trip', 'Medycyna daleko wypowiedź Włochy handlowy.'), (26, '2025-04-01', '13:30:00', '13:45:00', 'unpaid leave', 'Ozdobny moc brudny inaczej Szwecja straszny.'), (26, '2024-06-08', '12:15:00', '16:00:00', 'training', 'Kościelny chęć sprzedawać.'), (27, '2025-01-11', '17:15:00', '19:45:00', 'unpaid leave', 'Różowy reguła zawodowy talerz.'), (27, '2024-08-15', '10:30:00', '14:45:00', 'unpaid leave', 'Częściowo lubić Węgry daleki.'), (27, '2024-06-11', '17:00:00', '19:45:00', 'training', 'Znaleźć igła mięso zdjęcie narzędzie porządek.'), (27, '2024-10-22', '09:30:00', '15:30:00', 'training', 'Smak koncert instrument modlitwa mieć.'), (27, '2024-11-09', '14:00:00', '17:15:00', 'business trip', 'Władca dać pojemnik młody określać.'), (28, '2024-06-13', '15:00:00', '19:45:00', 'business trip', 'Ciągnąć prosty sprzedawać już.'), (28, '2024-10-22', '09:00:00', '12:45:00', 'sick leave', 'Ludzki wykorzystywać minuskuła terytorium sąsiad.'), (28, '2024-10-21', '13:15:00', '17:45:00', 'training', 'Oba lekarz jesień Jan w..'), (28, '2024-11-28', '16:30:00', '18:45:00', 'sick leave', 'Książka potrawa z powodu stać się starożytny.'), (28, '2024-06-21', '18:00:00', '19:00:00', 'training', 'Hiszpański o obiekt wielki związek.'), (29, '2024-10-06', '11:30:00', '13:00:00', 'unpaid leave', 'Czytać dźwięk polegać.'), (29, '2024-11-05', '08:45:00', '13:15:00', 'training', 'Lato cukier niebieski.'), (29, '2024-12-06', '15:00:00', '19:30:00', 'training', 'Przyjemny przedstawienie kolano można.'), (29, '2025-03-24', '07:15:00', '08:30:00', 'unpaid leave', 'Ocena kaczka zapis.'), (29, '2024-06-13', '08:15:00', '14:00:00', 'sick leave', 'Historyczny studiować kierunek.'), (30, '2025-04-10', '09:00:00', '16:00:00', 'unpaid leave', 'Słowacki gwiazda uprawiać informacja majuskuła straszny.'), (30, '2025-03-31', '18:00:00', '19:15:00', 'unpaid leave', 'Działanie pomysł spowodować.'), (30, '2024-10-04', '15:15:00', '17:30:00', 'sick leave', 'Ilość mebel chłopiec Jan niedźwiedź.'), (30, '2024-09-29', '17:15:00', '19:15:00', 'sick leave', '9 tablica posiadać bułgarski Unia Europejska.'), (30, '2025-01-15', '18:15:00', '19:15:00', 'sick leave', 'Ciasto czynić waga pozostawać azjatycki.'), (31, '2024-08-19', '08:30:00', '15:15:00', 'training', 'Jeden przyjaźń kolor proszę wysłać.'), (31, '2025-03-01', '12:30:00', '19:00:00', 'business trip', 'Unia Europejska brudny obchodzić jadalny.'), (31, '2025-03-25', '08:30:00', '19:00:00', 'training', 'Czerwony jazda otrzymać.'), (31, '2025-02-10', '16:00:00', '17:30:00', 'business trip', 'Port chyba odcinek okno.'), (31, '2024-07-06', '09:45:00', '14:15:00', 'unpaid leave', 'Specjalny mieszkanka muzyczny gwiazda.'), (32, '2024-08-25', '16:30:00', '16:45:00', 'training', 'Rano żółty telewizja tablica bohater.'), (32, '2025-05-28', '16:30:00', '19:15:00', 'business trip', 'Wszyscy stały filmowy sprzedawać.'), (32, '2024-10-21', '09:15:00', '12:45:00', 'training', 'Uciec sobie ukraiński sobie.'), (32, '2024-07-26', '10:00:00', '15:15:00', 'unpaid leave', 'Móc autobus ryzyko.'), (32, '2024-09-29', '09:45:00', '12:00:00', 'sick leave', 'Niedźwiedź polski prowincja jesień siedziba Białoruś.'), (33, '2024-12-06', '08:00:00', '15:15:00', 'training', 'Klimat bronić marzec wpływ.'), (33, '2024-08-02', '13:30:00', '15:15:00', 'training', 'Jednostka kolumna wychodzić.'), (33, '2024-11-06', '14:30:00', '19:15:00', 'unpaid leave', 'Kończyć (…) teraz przyrząd dziób środkowy.'), (33, '2025-05-10', '17:15:00', '17:30:00', 'unpaid leave', 'Kara jajo wygląd potrzebny zwłaszcza.'), (33, '2024-08-14', '12:00:00', '12:15:00', 'training', 'Zamek jajko łagodny typowy.'), (34, '2024-07-17', '15:15:00', '18:15:00', 'sick leave', 'Obecny drzewo samiec w wyniku.'), (34, '2025-04-18', '12:00:00', '16:00:00', 'sick leave', 'Bóg dym europejski.'), (34, '2025-03-28', '16:30:00', '19:45:00', 'business trip', 'Orzeł łódź port pod ku.'), (34, '2024-10-02', '08:15:00', '10:00:00', 'unpaid leave', 'Jedenaście przypominać z krwi i kości.'), (34, '2025-04-17', '12:00:00', '13:15:00', 'training', 'Poza słuchać radiowy siostra Kraków.'), (35, '2024-09-18', '13:30:00', '14:00:00', 'sick leave', 'Rachunek rzeczywistość mowa układ należy.'), (35, '2025-01-17', '13:30:00', '16:30:00', 'training', 'Ser sprzedaż oddział danie duński.'), (35, '2024-10-10', '11:15:00', '13:45:00', 'business trip', 'Chrześcijański ryż należeć miecz gotowy.'), (35, '2025-06-05', '07:00:00', '09:15:00', 'training', 'Prawda uznawać zapis pływać stopa.'), (35, '2024-07-15', '16:00:00', '17:00:00', 'business trip', 'Miasto ku pustynia profesor zabawka naukowiec.'), (36, '2024-11-30', '07:45:00', '10:15:00', 'unpaid leave', 'Niechęć dyskusja zima cienki.'), (36, '2024-10-29', '12:15:00', '14:30:00', 'unpaid leave', 'Okolica kanał charakter dziś.'), (36, '2024-08-13', '08:45:00', '14:15:00', 'sick leave', 'Trzeci rasa warzywo.'), (36, '2024-12-07', '11:15:00', '19:15:00', 'unpaid leave', 'Obowiązywać spadać ustawa albo kończyć.'), (36, '2025-04-08', '14:30:00', '16:30:00', 'sick leave', 'Tam wieża rasa.'), (37, '2025-03-27', '07:15:00', '08:00:00', 'sick leave', 'Policja skutek mało pochodzić.'), (37, '2024-11-03', '14:30:00', '17:30:00', 'unpaid leave', 'Doskonały wino sześć środkowy produkcja.'), (37, '2025-04-01', '17:00:00', '18:45:00', 'unpaid leave', 'Aż przestać trawa gruby świadczyć.'), (37, '2024-12-14', '15:30:00', '17:00:00', 'training', 'Złożony powstanie znajdować się siła przyjaźń.'), (37, '2025-01-12', '15:00:00', '15:30:00', 'training', 'Kilometr obiekt egzamin sześćdziesiąt składać.'), (38, '2025-04-16', '07:15:00', '19:15:00', 'business trip', 'W udział błoto uciec syn.'), (38, '2025-05-29', '13:30:00', '14:30:00', 'training', 'Lotniczy odnosić się leczenie.'), (38, '2025-02-16', '09:45:00', '13:30:00', 'unpaid leave', 'Jezus zaś wtedy potrawa.'), (38, '2024-12-27', '13:30:00', '19:00:00', 'business trip', 'Kolejny siedziba rodowity amharski matematyka.'), (38, '2024-12-07', '11:15:00', '16:45:00', 'training', 'Zainteresowanie wywodzić się ośrodek mój Pan.'), (39, '2024-07-11', '10:45:00', '18:30:00', 'sick leave', 'Boże Narodzenie prawo w część substancja pożar.'), (39, '2024-11-30', '18:15:00', '18:30:00', 'business trip', 'Wolno deska krowa.'), (39, '2025-01-20', '11:45:00', '19:15:00', 'unpaid leave', 'Książka wieczorem składać się kolega spotkanie.'), (39, '2025-04-17', '09:30:00', '09:45:00', 'business trip', 'Strona dotyczyć moc praca kolejny wśród.'), (39, '2025-05-14', '17:00:00', '18:30:00', 'unpaid leave', 'Uderzać biec stacja zwykły odmiana.'), (40, '2025-01-25', '12:45:00', '13:45:00', 'unpaid leave', 'Odpowiadać internetowy dziecięcy psychiczny.'), (40, '2025-05-25', '09:30:00', '16:00:00', 'training', 'Wycieczka powiedzieć stać się jajo porządek wojna.'), (40, '2024-09-19', '07:15:00', '08:45:00', 'unpaid leave', 'Nagły poznać ona malować niebo.'), (40, '2024-08-01', '13:00:00', '18:00:00', 'sick leave', 'Zbierać wyglądać wywodzić się włożyć niech.'), (40, '2024-10-14', '09:00:00', '11:30:00', 'training', 'Wygląd trzydziesty to dziedzina oglądać rzucać.'), (41, '2024-10-16', '18:00:00', '18:15:00', 'sick leave', 'Akcja ich pojęcie lubić przyprawa typ.'), (41, '2024-11-06', '13:30:00', '16:30:00', 'sick leave', 'Naród zawodnik rzucić.'), (41, '2025-01-04', '09:30:00', '17:15:00', 'sick leave', 'Chiny staw za pomocą właśnie.'), (41, '2025-03-31', '12:45:00', '14:15:00', 'business trip', 'Przepis hiszpański oraz plaża.'), (41, '2024-09-10', '08:15:00', '09:30:00', 'business trip', 'Materiał ten sam doprowadzić lotniczy zając.'), (42, '2024-06-18', '07:30:00', '17:00:00', 'unpaid leave', 'Piątek nazywać przed zimny.'), (42, '2024-07-10', '09:30:00', '16:30:00', 'training', 'Zamek kuchnia itp. prawdziwy uprawiać aż doskonały.'), (42, '2024-06-18', '17:30:00', '18:30:00', 'business trip', 'Naprawdę owca alfabet.'), (42, '2024-08-22', '12:45:00', '16:30:00', 'training', 'Siedem zaburzenie piwo poczta nieszczęście czasownik.'), (42, '2024-09-20', '16:15:00', '17:00:00', 'sick leave', 'Seks zapalenie wniosek wreszcie dla.'), (43, '2024-08-09', '08:15:00', '10:30:00', 'unpaid leave', 'Granica według dziwny.'), (43, '2024-08-06', '13:15:00', '14:45:00', 'unpaid leave', 'Trzymać wyrażenie szkodliwy 80 konflikt.'), (43, '2025-05-07', '13:45:00', '19:30:00', 'sick leave', 'Dolny jakość bitwa kawałek sąsiad babka.'), (43, '2024-09-06', '14:00:00', '14:30:00', 'training', 'Francja postawić Azja.'), (43, '2024-11-09', '15:30:00', '18:30:00', 'unpaid leave', 'Kwestia zeszły (…) miecz od.'), (44, '2025-05-21', '12:30:00', '15:30:00', 'sick leave', 'Szanowny jedyny składnik.'), (44, '2025-05-29', '17:00:00', '17:15:00', 'unpaid leave', 'Substancja Litwa lata pod kształt żeby.'), (44, '2025-02-04', '18:00:00', '19:00:00', 'business trip', 'Osiemdziesiąt produkować określony biedny określać.'), (44, '2024-10-18', '12:30:00', '17:00:00', 'unpaid leave', 'Podnieść czwarty wojenny ruch żyć gatunek.'), (44, '2024-11-13', '17:30:00', '18:30:00', 'business trip', 'Akcja akt stado w okoliczność.'), (45, '2024-12-06', '07:15:00', '18:30:00', 'unpaid leave', 'Prawy Ameryka internetowy zjeść.'), (45, '2024-11-28', '13:30:00', '16:30:00', 'business trip', 'Przychodzić wydawać droga prawie zamek Szwajcaria.'), (45, '2024-07-27', '17:30:00', '19:00:00', 'unpaid leave', 'Rana stworzyć bądź.'), (45, '2025-05-06', '08:30:00', '15:15:00', 'training', 'Dolina znajdować się komórka myśleć butelka.'), (45, '2024-08-10', '16:00:00', '17:30:00', 'business trip', 'Odległość atmosfera odcinek stawać się położenie.'), (46, '2025-05-03', '09:30:00', '16:45:00', 'training', 'Potem produkt Żyd.'), (46, '2025-02-27', '12:00:00', '12:15:00', 'training', 'Ziemia otwór dostać prosty pokazywać.'), (46, '2024-07-08', '13:45:00', '15:45:00', 'training', 'Pół wrogi równy drewno.'), (46, '2024-08-30', '14:15:00', '15:00:00', 'business trip', 'Drobny wschód dno przestrzeń śmierć.'), (46, '2024-11-18', '15:00:00', '17:30:00', 'business trip', 'Jednostka samica czasownik.'), (47, '2024-09-20', '15:15:00', '19:15:00', 'training', 'Spadek opinia zeszły.'), (47, '2025-01-26', '08:15:00', '09:15:00', 'unpaid leave', 'Prąd 7 wiatr.'), (47, '2024-11-02', '18:00:00', '19:00:00', 'sick leave', 'Przedsiębiorstwo późno wkrótce.'), (47, '2025-05-05', '08:15:00', '13:30:00', 'sick leave', 'Wypowiedź skrzydło powstawać rzucać ciepły pięć nad.'), (47, '2024-07-12', '12:15:00', '16:45:00', 'sick leave', 'Kończyć wziąć przez lato uderzenie.'), (48, '2024-09-13', '15:15:00', '17:00:00', 'unpaid leave', 'Szary społeczeństwo specjalny.'), (48, '2024-10-08', '17:45:00', '18:45:00', 'unpaid leave', 'Cichy stały rzeka rzucić.'), (48, '2024-09-11', '10:00:00', '12:45:00', 'unpaid leave', 'Sprawiać jego długo papieros próba fizyczny.'), (48, '2024-08-22', '10:00:00', '10:30:00', 'sick leave', 'Jezus fotografia dokument.'), (48, '2025-03-06', '14:00:00', '17:45:00', 'sick leave', 'Prowincja należeć gleba umieścić z krwi i kości.'), (49, '2025-05-10', '11:00:00', '17:15:00', 'training', 'Chociaż łyżka zaufanie 40 ciekawy muzyka składnik.'), (49, '2024-11-06', '16:15:00', '19:45:00', 'sick leave', 'Niech połączenie postać.'), (49, '2025-06-02', '09:15:00', '17:00:00', 'unpaid leave', 'Drogi polować dalej uśmiech.'), (49, '2024-09-25', '08:00:00', '13:15:00', 'sick leave', 'Port flaga sześćdziesiąt.'), (49, '2024-09-12', '09:00:00', '18:00:00', 'sick leave', 'Kształt potem alkohol owoc około.'), (50, '2024-11-27', '14:00:00', '19:00:00', 'business trip', 'Umysł daleki gdy dorosły.'), (50, '2024-08-05', '16:30:00', '17:00:00', 'training', 'Pierwszy wysoko pałac wzgórze.'), (50, '2024-07-02', '17:00:00', '19:00:00', 'business trip', 'Minuskuła stół zniszczyć rzecz graniczyć.'), (50, '2025-04-15', '13:15:00', '15:00:00', 'training', 'Dno problem futro pamiętać poziom kawa.'), (50, '2024-06-12', '13:30:00', '18:30:00', 'training', 'Wśród wtedy brat.'), (51, '2024-10-15', '12:30:00', '15:00:00', 'unpaid leave', 'Brązowy tekst czapka 5 po filozofia.'), (51, '2024-10-19', '10:45:00', '11:15:00', 'training', 'Błoto przyjemny kuchnia koza symbol odpowiedź.'), (51, '2024-10-06', '12:30:00', '18:15:00', 'training', 'Samochodowy tył przeznaczyć gruby masa.'), (51, '2025-01-13', '18:30:00', '18:45:00', 'sick leave', 'Przeprowadzać urodziny epoka.'), (51, '2025-04-22', '09:15:00', '15:30:00', 'business trip', 'Wywoływać sam osobisty pracować.'), (52, '2024-12-18', '07:45:00', '12:15:00', 'training', 'Lecz projekt na musieć materiał.'), (52, '2024-11-07', '16:30:00', '16:45:00', 'training', 'Szczególnie pokój rzucać zapis przecież.'), (52, '2024-07-17', '16:30:00', '18:15:00', 'unpaid leave', 'Produkować świadczyć !.'), (52, '2024-11-08', '17:45:00', '19:15:00', 'unpaid leave', 'Kolejny opowiadać nosić dziki rola szósty.'), (52, '2024-07-23', '16:00:00', '16:45:00', 'training', 'Nastrój polować szczególnie próbować zwrot temperatura.'), (53, '2024-06-15', '09:30:00', '11:15:00', 'sick leave', '1 żydowski pieniądze partia.'), (53, '2024-10-19', '17:00:00', '17:15:00', 'training', 'Kościelny piłka instrument budowa chemiczny 3.'), (53, '2025-05-22', '16:15:00', '16:30:00', 'unpaid leave', 'Pojawić Się dla granica gotować parlament płakać.'), (53, '2024-06-22', '09:45:00', '13:30:00', 'sick leave', 'Wrogi kolor ostatni chrześcijański naukowy.'), (53, '2025-02-03', '12:45:00', '15:15:00', 'training', 'Dusza dlaczego zimno 80 sprzedawać otwarty.'), (54, '2024-08-07', '12:15:00', '15:00:00', 'unpaid leave', 'Instytucja dowód możliwość obok skala.'), (54, '2025-05-28', '07:30:00', '14:15:00', 'sick leave', 'Egzamin zacząć skończyć piosenka wydarzenie stać.'), (54, '2025-05-15', '18:45:00', '19:00:00', 'sick leave', 'Powoli wejść płakać.'), (54, '2025-01-28', '17:15:00', '18:15:00', 'business trip', 'Wierny kolejowy w. uczeń cecha.'), (54, '2025-04-10', '10:30:00', '18:00:00', 'unpaid leave', 'Dany powiat wynosić.'), (55, '2025-04-25', '14:30:00', '19:00:00', 'business trip', 'W Ciągu choć wieś za pomocą liczba atomowa.'), (55, '2025-02-25', '09:30:00', '12:15:00', 'training', 'Tradycja w celu dla miękki.'), (55, '2024-12-14', '14:30:00', '16:15:00', 'sick leave', 'Wakacje pozycja rozumieć rzeczywistość numer.'), (55, '2024-08-20', '14:30:00', '16:00:00', 'unpaid leave', 'Obwód akcja i studiować.'), (55, '2025-06-04', '07:00:00', '10:15:00', 'unpaid leave', 'Ocean statek polować litera.'), (56, '2024-08-01', '11:30:00', '14:45:00', 'unpaid leave', 'Struktura zawodowy gwiazda w końcu spodnie.'), (56, '2025-02-17', '07:00:00', '19:45:00', 'unpaid leave', 'Ciężki śmiech zabić dziewiąty zakład prosić.'), (56, '2025-02-25', '17:30:00', '18:45:00', 'unpaid leave', 'Niszczyć chociaż poczta przykład atak.'), (56, '2025-05-21', '16:15:00', '19:15:00', 'business trip', 'Pójść znosić małpa scena prędkość obserwować.'), (56, '2024-07-09', '08:15:00', '10:15:00', 'training', 'Zdobyć trwać zakończenie gruby.'), (57, '2024-08-15', '11:30:00', '14:30:00', 'training', 'One firma świeca rasa.'), (57, '2024-12-09', '13:45:00', '14:00:00', 'business trip', 'Pieniądz bronić alfabet.'), (57, '2025-03-16', '09:15:00', '17:30:00', 'business trip', 'Przedstawiciel no święty.'), (57, '2024-10-05', '10:45:00', '14:15:00', 'unpaid leave', 'Tracić drogi słyszeć analiza Słowacja moralny.'), (57, '2024-06-29', '13:45:00', '18:45:00', 'business trip', 'Warstwa osiemdziesiąt nie- powieść.'), (58, '2024-10-05', '12:45:00', '16:15:00', 'sick leave', 'Ilość pod korzyść polegać rodowity biblioteka.'), (58, '2025-04-29', '17:30:00', '19:30:00', 'training', 'Prostytutka ładny pozycja zajmować rzeka.'), (58, '2024-06-08', '14:45:00', '15:00:00', 'business trip', 'Chłopak potrzebny prosić zegar piec minuskuła.'), (58, '2024-11-15', '15:00:00', '15:45:00', 'training', 'Wnętrze przyszły głupota.'), (58, '2024-11-29', '11:30:00', '11:45:00', 'training', 'Brzuch bycie powiat.'), (59, '2024-10-19', '10:00:00', '11:15:00', 'training', 'Górski zły znaczyć chodzić trzy.'), (59, '2024-09-15', '09:30:00', '13:45:00', 'training', 'Słońce pozostawać szukać mocz.'), (59, '2024-06-19', '07:45:00', '11:00:00', 'training', 'Podróżować metoda złoto.'), (59, '2024-12-13', '18:15:00', '18:30:00', 'unpaid leave', 'Bogini stół kolej zły.'), (59, '2025-02-15', '11:00:00', '17:45:00', 'unpaid leave', 'Poruszać związek przykład.'), (60, '2024-10-25', '16:00:00', '17:15:00', 'business trip', 'Gdzie angielski centrum ssak aktor prosić.'), (60, '2024-07-14', '15:15:00', '18:15:00', 'business trip', 'Firma grupa palić ogon nasiono.'), (60, '2025-05-19', '12:00:00', '14:00:00', 'business trip', 'Szef nasienie zachowywać się.'), (60, '2024-12-04', '08:15:00', '11:15:00', 'business trip', 'Kwestia czasem wokół polegać obiekt nocny.'), (60, '2024-06-13', '07:30:00', '07:45:00', 'business trip', 'Związek dziesięć termin planeta.'), (61, '2025-01-08', '14:45:00', '16:00:00', 'sick leave', 'Koncert minuta inaczej koń kobiecy wygląd.'), (61, '2024-10-09', '08:00:00', '13:15:00', 'training', 'Gęsty świecić wybrać.'), (61, '2025-02-05', '07:00:00', '07:15:00', 'training', 'Żyd chęć chyba.'), (61, '2024-11-29', '10:15:00', '13:15:00', 'business trip', 'Zysk następować oddział.'), (61, '2024-08-05', '13:15:00', '16:15:00', 'training', 'Zajęcie tor dusza.'), (62, '2025-05-01', '08:00:00', '09:30:00', 'sick leave', 'Prosić zabić aż nagły sobie.'), (62, '2025-01-29', '16:45:00', '17:30:00', 'sick leave', 'Okrągły pytanie potrawa wynik sześćdziesiąt jeżeli.'), (62, '2024-06-15', '17:15:00', '18:45:00', 'sick leave', 'Stanowisko w podstawowy smak tydzień.'), (62, '2024-11-25', '18:15:00', '18:30:00', 'business trip', 'Strój wiersz uchodzić błąd domowy zachód.'), (62, '2024-10-08', '14:45:00', '19:15:00', 'sick leave', 'Majątek królowa świnia akcja.'), (63, '2024-11-17', '09:30:00', '18:00:00', 'training', 'Zwłaszcza brać następować.'), (63, '2024-07-26', '15:30:00', '19:30:00', 'sick leave', 'Wypowiedź Dania duński prawo miły.'), (63, '2024-11-15', '13:15:00', '17:00:00', 'business trip', 'Twardy pomoc wskazywać.'), (63, '2024-09-15', '16:00:00', '16:30:00', 'unpaid leave', 'Następować prawdziwy przeprowadzać wcześnie robota rosyjski.'), (63, '2025-01-21', '10:15:00', '15:45:00', 'business trip', 'Miły opieka mocny.'), (64, '2024-09-03', '08:00:00', '14:30:00', 'unpaid leave', 'Sposób znaczny tutaj godny Unia Europejska siedem.'), (64, '2024-12-10', '09:30:00', '19:45:00', 'sick leave', 'Handel trochę kwiat gniew warzywo szczególnie.'), (64, '2024-08-29', '17:15:00', '19:30:00', 'unpaid leave', 'Dziecięcy wypowiedź przyprawa ojciec.'), (64, '2025-05-30', '12:30:00', '12:45:00', 'business trip', 'Ku ozdoba śnieg napisać w celu.'), (64, '2024-12-13', '09:45:00', '10:00:00', 'unpaid leave', 'Program niszczyć wziąć współczesny przyjemny.'), (65, '2024-08-30', '11:45:00', '17:45:00', 'business trip', 'Ustawa szkoła książka liczba atomowa malować bogini.'), (65, '2025-02-12', '08:30:00', '12:15:00', 'sick leave', 'Brat wróg cebula po.'), (65, '2025-05-06', '15:30:00', '16:15:00', 'training', 'Ciało armia siedem dużo np..'), (65, '2024-08-29', '10:00:00', '14:15:00', 'training', 'Na biały całkowity trwać.'), (65, '2025-02-10', '09:45:00', '10:00:00', 'sick leave', 'Śmiech środkowy dzieło.'), (66, '2025-02-02', '10:15:00', '18:45:00', 'sick leave', 'Tył oba studiować.'), (66, '2025-04-27', '07:15:00', '18:45:00', 'business trip', 'Żaba wiek minuskuła ofiara pani.'), (66, '2024-12-31', '07:45:00', '16:15:00', 'sick leave', 'Kula pisanie poznać pytać anioł wolność.'), (66, '2024-09-08', '08:30:00', '14:30:00', 'training', 'Nos naturalny lecz.'), (66, '2024-08-06', '09:45:00', '13:15:00', 'sick leave', 'Się klub kartka dźwięk grób szeroki termin.'), (67, '2024-11-08', '08:15:00', '11:45:00', 'business trip', 'Przecież lub urządzenie uzyskać woda.'), (67, '2025-02-10', '10:15:00', '14:45:00', 'sick leave', 'Boże Narodzenie miłość niedźwiedź.'), (67, '2025-04-23', '16:15:00', '16:30:00', 'business trip', 'Temat korona bądź gniazdo kuchnia fakt.'), (67, '2025-03-22', '08:45:00', '09:00:00', 'training', 'Świeca kara zakres kontynent rozmowa metalowy.'), (67, '2025-03-22', '13:30:00', '14:30:00', 'training', 'Brzydki dolny surowy rzeczywistość model przyjechać.'), (68, '2025-03-13', '14:15:00', '17:45:00', 'training', 'Liść górny powinien.'), (68, '2024-10-04', '18:15:00', '19:00:00', 'training', 'Skłonność wspólny typ.'), (68, '2024-09-15', '12:15:00', '13:30:00', 'unpaid leave', 'Pytanie element prywatny klasa ostry wierny.'), (68, '2025-02-07', '09:15:00', '09:45:00', 'training', 'Impreza wyrób reakcja dawny szanowny Unia Europejska.'), (68, '2024-12-31', '16:00:00', '17:15:00', 'training', 'Wzgórze nauka dwanaście dalej.'), (69, '2025-01-16', '11:00:00', '16:45:00', 'unpaid leave', 'Przerwa i prezent.'), (69, '2025-02-14', '18:30:00', '18:45:00', 'business trip', 'Dodatek luty dużo prawdziwy radio.'), (69, '2024-06-23', '08:00:00', '11:15:00', 'business trip', 'Woda 80 wciąż.'), (69, '2025-03-21', '07:30:00', '13:45:00', 'unpaid leave', 'Bardzo księga tytoń ocean odbywać się by.'), (69, '2024-10-11', '11:00:00', '12:15:00', 'sick leave', 'Boże Narodzenie ból jechać toponim minuskuła.'), (70, '2025-05-11', '12:15:00', '13:30:00', 'sick leave', 'Alfabet ? szkoła siebie cebula fakt.'), (70, '2025-03-25', '10:30:00', '11:45:00', 'sick leave', 'Gdyby biały pokój.'), (70, '2024-08-10', '15:00:00', '16:45:00', 'unpaid leave', 'Cel bądź nauczycielka kostka znaczyć ciekawy.'), (70, '2024-06-13', '14:45:00', '15:00:00', 'business trip', 'Samochód sierpień cień następny.'), (70, '2024-08-22', '14:15:00', '18:00:00', 'sick leave', 'Głód ptak Indie przyczyna dzielnica wujek.'), (71, '2025-04-13', '11:15:00', '11:30:00', 'sick leave', 'Skóra robić wóz — pociąg.'), (71, '2025-01-06', '15:15:00', '19:30:00', 'training', 'Masa walczyć zawodowy sto skóra.'), (71, '2025-01-01', '10:45:00', '18:45:00', 'sick leave', 'Godny kontakt światło całość kłopot dziewięć.'), (71, '2024-10-30', '09:00:00', '10:45:00', 'sick leave', 'Litera teoria zarówno Polska urodzić się 30.'), (71, '2025-05-02', '15:00:00', '16:30:00', 'unpaid leave', 'Zabić ogromny naturalny.'), (72, '2025-05-08', '18:45:00', '19:15:00', 'training', 'Wnętrze tworzyć rządzić zawierać prawie.'), (72, '2025-01-17', '11:15:00', '16:00:00', 'unpaid leave', 'Żywność maszyna poprzedni wszelki.'), (72, '2025-01-02', '09:00:00', '19:15:00', 'sick leave', 'Bądź znaczyć poniedziałek tłumaczyć przygotować.'), (72, '2024-09-13', '09:00:00', '17:45:00', 'training', 'Litwa zanim bardzo tor.'), (72, '2024-10-20', '12:00:00', '12:15:00', 'business trip', 'Słuchać król ważny bronić wola wyjście.'), (73, '2024-10-01', '09:15:00', '18:15:00', 'sick leave', 'Dół ślad coś gdyby metr.'), (73, '2025-03-22', '16:00:00', '18:15:00', 'training', 'Słoń odcień twardy lipiec gwiazdozbiór artysta.'), (73, '2025-02-17', '13:30:00', '15:00:00', 'sick leave', 'Ojciec rok zabawa pływać.'), (73, '2025-02-18', '08:15:00', '18:45:00', 'unpaid leave', 'Ciemność przy bardzo sto.'), (73, '2025-02-24', '17:00:00', '18:30:00', 'unpaid leave', 'Dziewięć morski wzdłuż iść płynąć ramię.'), (74, '2024-07-01', '15:00:00', '15:15:00', 'training', 'Cienki ciepło czytać żaba chęć wy.'), (74, '2025-03-07', '10:00:00', '12:00:00', 'sick leave', '? pić koń wciąż.'), (74, '2024-09-21', '16:00:00', '16:45:00', 'unpaid leave', 'Seksualny jakiś bajka czasownik wpaść.'), (74, '2024-06-29', '17:45:00', '18:00:00', 'sick leave', 'Umysł przyrząd forma staw.'), (74, '2024-11-10', '07:00:00', '18:00:00', 'training', 'Śmierć poznać mały mało.'), (75, '2024-08-14', '15:30:00', '18:45:00', 'training', 'Rząd wkrótce święty moralny.'), (75, '2024-10-28', '09:30:00', '09:45:00', 'training', 'Zimno zupełnie wysyłać nieszczęście.'), (75, '2025-02-05', '09:00:00', '18:00:00', 'unpaid leave', 'Pamięć w celu okres ptak.'), (75, '2024-11-03', '10:30:00', '13:30:00', 'sick leave', 'Seksualny szwedzki tu śmierć szlachetny.'), (75, '2025-03-26', '17:00:00', '19:30:00', 'training', 'Uciekać panna własny łaciński spadek stawiać.'), (76, '2025-01-10', '17:00:00', '17:30:00', 'unpaid leave', 'Mleko znaczenie przeciwnik.'), (76, '2024-08-20', '10:30:00', '18:15:00', 'business trip', 'Centrum wokół 8.'), (76, '2025-03-29', '17:15:00', '19:15:00', 'sick leave', 'Składnik czysty doprowadzić pierwiastek chemiczny słowo.'), (76, '2025-01-05', '13:15:00', '18:15:00', 'training', 'Grób życie wybrzeże całkowicie.'), (76, '2024-11-23', '12:30:00', '14:00:00', 'sick leave', 'Pełnić Czechy podłoga własny skala wieczór.'), (77, '2025-02-16', '16:30:00', '19:45:00', 'training', 'Miara ten sam pierwiastek chemiczny pytać.'), (77, '2025-04-22', '13:15:00', '17:30:00', 'training', 'Kościelny inny przyjmować otaczać.'), (77, '2025-03-13', '07:45:00', '16:00:00', 'business trip', 'Charakter Ukraina rachunek piłka udać się adres.'), (77, '2025-04-28', '14:15:00', '19:00:00', 'business trip', 'Kura zewnętrzny pająk szary przeciwny.'), (77, '2024-11-09', '17:30:00', '19:45:00', 'unpaid leave', 'Położyć mieszkaniec płacić japoński odbywać się.'), (78, '2025-05-08', '10:15:00', '12:30:00', 'training', 'Sport koza zainteresowanie uchodzić wschodni.'), (78, '2025-06-04', '14:45:00', '15:00:00', 'unpaid leave', 'Szukać szczyt społeczny zgodny dlaczego ogród.'), (78, '2025-02-11', '13:15:00', '17:15:00', 'business trip', 'Gaz znany hotel 900 święty zdobyć.'), (78, '2025-01-04', '18:00:00', '19:00:00', 'unpaid leave', 'Niewielki środkowy matka transport wschód zeszły.'), (78, '2025-01-25', '08:45:00', '10:15:00', 'training', 'Proces skłonność wspólny zachowanie wyjść.'), (79, '2024-11-07', '14:15:00', '17:00:00', 'business trip', 'Jasny pojawiać się dzisiejszy.'), (79, '2025-02-19', '17:45:00', '18:00:00', 'training', 'Dziedzina cierpienie zbierać ciało inaczej.'), (79, '2025-05-29', '16:00:00', '17:15:00', 'sick leave', 'Widzieć sprzedawać tańczyć dostęp.'), (79, '2025-04-19', '15:15:00', '19:45:00', 'sick leave', 'Instrument Niemcy szósty zwrot.'), (79, '2025-01-16', '16:00:00', '19:45:00', 'sick leave', 'Powinien toponim liczny.'), (80, '2025-04-25', '10:15:00', '18:30:00', 'training', 'Włochy pomagać organizm centrum.'), (80, '2024-08-04', '17:00:00', '17:15:00', 'business trip', 'Szkło wilk fabryka.'), (80, '2024-06-18', '10:30:00', '13:30:00', 'business trip', 'Silny połączenie wierzyć wciąż.'), (80, '2025-04-09', '14:45:00', '15:30:00', 'business trip', 'Bez Europa w kształcie odkryć mur.'), (80, '2025-05-27', '12:00:00', '17:30:00', 'sick leave', 'Przestrzeń czysty iść głęboki niezwykły przedstawiciel.'), (81, '2024-08-06', '08:30:00', '19:30:00', 'training', 'M.In. szkoła mnóstwo – spadek.'), (81, '2025-02-09', '07:45:00', '17:45:00', 'training', 'Letni dialekt miejsce bar piątek.'), (81, '2024-07-18', '14:45:00', '19:30:00', 'business trip', 'Kontakt wojna czysty dolina kino ogon.'), (81, '2024-08-11', '07:00:00', '11:45:00', 'unpaid leave', 'Cecha struktura budowa.'), (81, '2024-10-20', '11:00:00', '11:30:00', 'training', 'Znany południe położenie.'), (82, '2024-11-14', '10:30:00', '15:00:00', 'sick leave', 'Wyrażenie Litwa dalej.'), (82, '2025-06-04', '14:15:00', '16:30:00', 'training', 'Ściana suchy rozwiązanie na zewnątrz sprawa.'), (82, '2024-07-29', '13:30:00', '15:00:00', 'business trip', 'Daleki oddać piąty dwudziesty polityka.'), (82, '2024-09-29', '12:45:00', '15:30:00', 'training', 'Kara fabryka głupiec stawać się.'), (82, '2025-04-06', '08:45:00', '16:30:00', 'sick leave', 'Już jeśli zwrot średni.'), (83, '2024-06-28', '13:30:00', '16:00:00', 'sick leave', 'Przecież dziadek poczta pomieszczenie ważny zgadzać się.'), (83, '2024-11-01', '09:30:00', '14:45:00', 'business trip', 'Zmęczony śnieg bliski handlowy dziewięćdziesiąt.'), (83, '2024-09-21', '09:45:00', '10:00:00', 'sick leave', 'Zamek więc stowarzyszenie grzech położyć wrażenie.'), (83, '2024-07-02', '11:45:00', '19:00:00', 'training', 'Byk określać powietrze zwykle.'), (83, '2024-12-03', '10:45:00', '14:15:00', 'sick leave', 'Uczucie tłumaczyć głupi lata cały.'), (84, '2024-06-22', '17:45:00', '18:00:00', 'training', 'Rzucić istota twardy.'), (84, '2024-10-26', '09:45:00', '15:45:00', 'unpaid leave', 'Oglądać wschodni czasownik.'), (84, '2024-11-24', '07:30:00', '07:45:00', 'unpaid leave', 'Czeski program wywodzić się.'), (84, '2025-02-21', '08:00:00', '11:45:00', 'sick leave', 'Wspaniały ciągnąć wydawać autobus taki.'), (84, '2024-12-03', '10:30:00', '13:30:00', 'unpaid leave', 'Język dobro ludzki tamten.'), (85, '2024-11-26', '11:30:00', '19:00:00', 'business trip', '10 połączenie towar południowy zmieniać.'), (85, '2025-04-11', '12:30:00', '18:15:00', 'training', 'Często ? pojęcie.'), (85, '2025-04-04', '14:15:00', '16:15:00', 'unpaid leave', 'Kolumna odcinek biec niedziela żywność oddział.'), (85, '2024-07-10', '09:00:00', '16:30:00', 'sick leave', 'Wchodzić odkryć władca.'), (85, '2025-04-24', '16:15:00', '17:45:00', 'unpaid leave', 'Przedstawiciel letni odczuwać.'), (86, '2024-08-30', '16:30:00', '16:45:00', 'business trip', 'Własny rodowity zamiast.'), (86, '2024-07-08', '16:30:00', '19:00:00', 'training', 'Biedny brzeg zachowanie zatoka pochodzić.'), (86, '2024-11-16', '16:45:00', '17:00:00', 'unpaid leave', 'Odmiana Litwa być oraz mocno miesiąc.'), (86, '2024-11-13', '11:45:00', '17:00:00', 'unpaid leave', 'Czynność zjeść orzeł dach.'), (86, '2025-05-20', '12:45:00', '15:15:00', 'unpaid leave', 'Wyłącznie wprowadzać organizacja.'), (87, '2024-07-09', '15:45:00', '18:30:00', 'business trip', 'Minerał instytucja narkotyk dość.'), (87, '2025-02-21', '08:15:00', '18:15:00', 'sick leave', 'Wieczór partia symbol wywoływać gdzieś bronić.'), (87, '2024-09-10', '12:30:00', '18:30:00', 'business trip', 'Minister próbować 90 odległość mężczyzna rzucać.'), (87, '2024-08-21', '10:15:00', '11:45:00', 'unpaid leave', 'Królestwo ? owad.'), (87, '2025-01-16', '13:00:00', '16:15:00', 'business trip', 'Talerz a nazywać.'), (88, '2025-03-03', '15:00:00', '18:15:00', 'training', 'Francuski samochód powinien przyjemność kara.'), (88, '2024-10-05', '16:15:00', '17:45:00', 'business trip', 'Stosować malować prezydent dane wschód wynosić.'), (88, '2025-03-03', '14:45:00', '15:00:00', 'unpaid leave', 'Pociąg naród fałszywy tył.'), (88, '2024-10-31', '11:15:00', '14:45:00', 'training', 'Co a pieniądze drzwi.'), (88, '2025-05-28', '12:15:00', '13:00:00', 'unpaid leave', 'Szczęście trudno pomarańcza kontrola.'), (89, '2024-10-11', '12:30:00', '17:45:00', 'sick leave', 'Okolica w postaci 6.'), (89, '2025-04-04', '14:30:00', '16:00:00', 'business trip', 'Te podróż wierzyć.'), (89, '2024-08-03', '11:15:00', '18:30:00', 'training', 'Który dziewięćdziesiąt piąty oddech jabłko.'), (89, '2025-01-28', '13:00:00', '14:30:00', 'sick leave', 'Chiny biedny sklep rachunek.'), (89, '2025-03-24', '10:30:00', '12:00:00', 'business trip', 'Dodatek kij żaba gęś.'), (90, '2024-06-10', '17:45:00', '18:00:00', 'unpaid leave', 'Turecki analiza rano otwarty błąd.'), (90, '2025-01-01', '17:15:00', '19:30:00', 'sick leave', 'Wszelki wy pragnąć.'), (90, '2025-05-17', '17:45:00', '19:00:00', 'unpaid leave', 'Wewnątrz dyskusja gniew.'), (90, '2025-05-03', '14:00:00', '18:45:00', 'business trip', 'Nasiono pragnienie obywatelka gęsty rodzaj.'), (90, '2025-05-02', '10:15:00', '11:45:00', 'business trip', 'Odcień ojciec zadanie bohater.'), (91, '2025-04-06', '07:00:00', '16:00:00', 'sick leave', 'Pusty szkoła kierunek.'), (91, '2025-02-04', '16:30:00', '19:15:00', 'training', 'Piąty postawić więcej służyć.'), (91, '2024-06-23', '07:15:00', '09:30:00', 'training', 'Dowód grupa wzór głód.'), (91, '2024-07-10', '13:30:00', '15:30:00', 'sick leave', 'Dać stać się naczynie moralny kościół.'), (91, '2024-12-27', '15:00:00', '17:15:00', 'unpaid leave', 'Dokument powszechny żywy mocny.'), (92, '2025-02-26', '13:30:00', '19:30:00', 'sick leave', 'Metr chmura jakiś.'), (92, '2024-07-26', '07:00:00', '16:45:00', 'business trip', 'Istnienie granica plemię bank płacić.'), (92, '2025-04-09', '08:30:00', '15:00:00', 'unpaid leave', 'Reakcja w. brat połączyć gwiazda łyżka.'), (92, '2024-11-15', '13:00:00', '13:15:00', 'sick leave', 'Białoruś wyłącznie dotyczyć kąt sierpień.'), (92, '2024-11-14', '13:15:00', '18:45:00', 'business trip', 'Wskazywać papier religia gdy temat.'), (93, '2024-11-29', '16:00:00', '18:45:00', 'training', 'Cichy opuścić tajemnica pokazywać wejście w kształcie.'), (93, '2024-09-06', '16:15:00', '18:15:00', 'sick leave', 'Chiński konflikt z powodu.'), (93, '2025-01-15', '16:00:00', '19:45:00', 'unpaid leave', 'Sportowy zamieszkiwać położyć cesarz sytuacja czasem sztuczny.'), (93, '2025-04-17', '16:00:00', '16:45:00', 'business trip', 'Książę tradycyjny czyli.'), (93, '2024-06-29', '10:15:00', '12:30:00', 'training', 'Wilk drobny pozwalać na przykład.'), (94, '2024-11-09', '08:00:00', '10:30:00', 'business trip', 'Pismo godność mierzyć wyrażenie lipiec pijany.'), (94, '2024-10-29', '10:15:00', '18:45:00', 'business trip', 'Rzeczywistość wszyscy wracać sylaba nikt okazja pszczoła.'), (94, '2024-09-20', '14:00:00', '18:45:00', 'business trip', 'Powszechny na wynik.'), (94, '2024-08-12', '18:45:00', '19:30:00', 'business trip', 'Telewizja koń sprzedawać dzisiaj spokojny.'), (94, '2025-05-06', '08:15:00', '09:15:00', 'sick leave', 'Dno umiejętność niebo rzucać pojechać.'), (95, '2024-10-25', '10:30:00', '17:00:00', 'unpaid leave', 'Egzamin siódmy wyjść pomarańczowy.'), (95, '2024-07-17', '18:30:00', '18:45:00', 'business trip', 'Wynik szczególnie masa głupi.'), (95, '2024-06-08', '13:00:00', '17:30:00', 'sick leave', 'Na Przykład wiek nosić panna.'), (95, '2024-09-08', '13:45:00', '14:00:00', 'training', 'Zdrowie wystawa według oddział przychodzić.'), (95, '2024-07-02', '08:00:00', '15:00:00', 'unpaid leave', 'Lekcja zjawisko czytać.'), (96, '2024-07-07', '14:45:00', '17:45:00', 'sick leave', 'Policzek sądzić ponownie prezent uderzenie bogaty.'), (96, '2024-06-23', '10:00:00', '10:30:00', 'business trip', 'Restauracja obywatelka zaufanie leżeć złożony sobą.'), (96, '2025-04-16', '14:15:00', '19:45:00', 'business trip', 'Tysiąc szósty widok substancja plama.'), (96, '2024-09-28', '16:15:00', '18:00:00', 'business trip', 'Poprzez on zapalenie.'), (96, '2024-11-30', '15:45:00', '18:15:00', 'sick leave', 'Mapa temperatura posługiwać się trawa gorący.'), (97, '2025-03-10', '17:30:00', '18:45:00', 'unpaid leave', 'Żaba model reakcja.'), (97, '2025-01-10', '18:15:00', '19:00:00', 'training', 'Wykonanie czerwiec zobaczyć przyprawa wada sprawa.'), (97, '2024-07-24', '10:15:00', '15:45:00', 'unpaid leave', 'Możliwy mnóstwo zwykle.'), (97, '2025-02-25', '15:45:00', '16:45:00', 'unpaid leave', 'Niż USA święto.'), (97, '2024-11-10', '13:30:00', '19:15:00', 'training', 'Wysyłać okazja można pytać przerwa Francja.'), (98, '2025-04-11', '16:30:00', '17:45:00', 'training', 'Kara Afganistan one pojęcie woda należeć.'), (98, '2025-03-09', '09:00:00', '11:45:00', 'unpaid leave', 'Znów następować ogon zrozumieć dziewczynka.'), (98, '2025-04-15', '14:00:00', '17:30:00', 'unpaid leave', 'Stały kartka w..'), (98, '2024-10-01', '09:00:00', '15:15:00', 'unpaid leave', 'Albo karta święty stworzyć Żyd.'), (98, '2024-07-30', '14:00:00', '15:00:00', 'training', 'Analiza wymagać 80.'), (99, '2025-01-22', '08:15:00', '08:45:00', 'training', '1 umysł dalej.'), (99, '2024-06-15', '12:15:00', '18:30:00', 'training', 'Dar sprzedaż pytać pusty ! wybory.'), (99, '2025-05-30', '17:00:00', '18:00:00', 'unpaid leave', 'Płyn organizm mózg gdzieś marzec panować.'), (99, '2024-09-01', '16:00:00', '16:30:00', 'business trip', 'Aktor polować piosenka dziadek królestwo.'), (99, '2025-05-29', '08:00:00', '16:15:00', 'business trip', 'Układ piąty ojciec artykuł kolejowy gwiazda.'), (100, '2025-02-16', '10:30:00', '18:30:00', 'unpaid leave', 'Cebula twardy rzadki tytoń klient tekst.'), (100, '2024-09-22', '08:00:00', '15:30:00', 'training', 'Owca zdrowie ząb.'), (100, '2025-03-23', '17:00:00', '19:45:00', 'unpaid leave', 'Poruszać Się dane sukienka klient wakacje rozwiązanie.'), (100, '2024-11-03', '13:00:00', '18:00:00', 'unpaid leave', 'Samiec zbiór dokładny kłaść publiczny.'), (100, '2025-02-07', '12:15:00', '17:15:00', 'unpaid leave', 'Autobus przedstawienie kolega gra budowla ulegać.'), (101, '2024-06-21', '07:15:00', '19:00:00', 'unpaid leave', 'Włos zbudować silny analiza lekcja przedstawiać.'), (101, '2025-05-10', '14:45:00', '15:00:00', 'business trip', 'Hiszpański kaczka 3 chleb profesor.'), (101, '2024-09-03', '17:00:00', '18:15:00', 'sick leave', 'Punkt założyć świecić wziąć linia błąd.'), (101, '2024-06-14', '17:45:00', '19:00:00', 'unpaid leave', 'Prowincja otrzymywać sprawiać statek krok męski.'), (101, '2024-06-23', '16:45:00', '19:00:00', 'training', 'Jakość ciężar parlament niektóry wino.'), (102, '2025-04-17', '16:15:00', '19:00:00', 'sick leave', 'Dawny Pan my.'), (102, '2024-12-07', '17:15:00', '18:45:00', 'unpaid leave', 'Pasek zrobić lód.'), (102, '2025-04-24', '14:45:00', '18:15:00', 'sick leave', '– Grecja odwaga.'), (102, '2025-05-07', '13:30:00', '17:30:00', 'training', 'Towar plac ryba internetowy kolega filozofia.'), (102, '2024-06-28', '08:15:00', '14:00:00', 'training', 'Wykonanie część Litwa kawałek –.'), (103, '2024-08-20', '07:45:00', '17:00:00', 'training', 'Służba cisza aż urządzenie kto wszystkie.'), (103, '2025-05-07', '07:45:00', '19:30:00', 'business trip', 'Kupić gołąb artystyczny wspólny polityk twarz.'), (103, '2024-10-30', '10:15:00', '12:45:00', 'unpaid leave', 'Kolor wrażenie np. ręka zimny.'), (103, '2024-09-09', '14:45:00', '15:00:00', 'training', 'Czwartek poprzez piętro tarcza sportowy.'), (103, '2024-07-17', '18:00:00', '18:15:00', 'sick leave', 'Stosować telewizja czerwiec pojechać śmiać się.'), (104, '2024-08-28', '11:30:00', '15:30:00', 'sick leave', 'Ta wyrok cena.'), (104, '2024-06-26', '18:00:00', '18:15:00', 'unpaid leave', 'Głośny skóra podnieść.'), (104, '2025-02-28', '09:30:00', '10:30:00', 'business trip', 'Alfabet w formie przeciwko grać.'), (104, '2024-06-25', '12:15:00', '16:15:00', 'unpaid leave', 'Stracić mieszkanie głód na zewnątrz.'), (104, '2024-12-07', '12:30:00', '14:30:00', 'training', 'Piec wesoły ciągle prawny.'), (105, '2025-01-01', '09:45:00', '10:45:00', 'unpaid leave', 'Kolacja istnieć mieć niektóry brzydki włoski.'), (105, '2024-09-08', '16:00:00', '17:00:00', 'sick leave', 'Narząd trzy wybory chodzić z tradycja.'), (105, '2024-08-03', '08:30:00', '19:15:00', 'training', 'Miara czyn dowód.'), (105, '2024-07-07', '18:30:00', '19:00:00', 'unpaid leave', 'Chcieć sygnał samiec nikt ser.'), (105, '2025-02-14', '09:30:00', '19:00:00', 'unpaid leave', 'Łąka rosyjski wódka.'), (106, '2025-05-13', '12:45:00', '13:00:00', 'unpaid leave', 'Wniosek zimno szybko.'), (106, '2025-03-16', '11:15:00', '17:45:00', 'training', 'Społeczny zawsze określenie.'), (106, '2025-01-20', '07:00:00', '07:30:00', 'sick leave', 'Nie mąż położony zaczynać itp. nic.'), (106, '2025-05-26', '12:00:00', '13:00:00', 'business trip', 'Niezwykły można tor przeciwnik.'), (106, '2024-06-22', '15:15:00', '18:45:00', 'unpaid leave', 'Małżeństwo osobisty brzeg biskup restauracja sprzedaż.'), (107, '2025-03-28', '09:15:00', '10:30:00', 'business trip', 'Przyjaciel północny treść.'), (107, '2025-05-06', '13:15:00', '16:45:00', 'unpaid leave', 'Koniec bajka staw efekt.'), (107, '2025-03-28', '17:00:00', '17:30:00', 'business trip', 'Późny drzewo do ściana strata psychiczny.'), (107, '2024-11-25', '13:30:00', '15:45:00', 'business trip', 'Roślina tablica Kraków zdanie.'), (107, '2025-01-11', '13:45:00', '14:00:00', 'sick leave', 'Zakład Polak strój panna wieczór.'), (108, '2024-10-06', '17:45:00', '18:00:00', 'business trip', 'Uniwersytet kwiat amharski żywy zwolennik.'), (108, '2024-09-30', '09:30:00', '15:15:00', 'training', 'Wspólny napój róg styczeń.'), (108, '2024-11-06', '15:00:00', '16:15:00', 'unpaid leave', 'Okres psychiczny poruszać się nauczyciel zakres proszę.'), (108, '2025-04-01', '18:45:00', '19:00:00', 'business trip', 'Śmiać Się gleba temperatura sprawa wysłać przedstawienie zespół.'), (108, '2025-01-10', '15:00:00', '15:15:00', 'sick leave', 'Powolny także pamięć klimat list.'), (109, '2025-01-26', '17:30:00', '19:45:00', 'sick leave', 'Wchodzić charakterystyczny chleb.'), (109, '2024-09-05', '09:30:00', '19:45:00', 'business trip', 'Ciepło już Kościół dopływ kolumna.'), (109, '2024-06-15', '11:00:00', '12:15:00', 'unpaid leave', 'Przyjaciel różny ksiądz ty.'), (109, '2024-09-21', '12:00:00', '14:00:00', 'training', 'Wygrać mieszkanie każdy ssak sposób.'), (109, '2025-06-04', '17:00:00', '18:15:00', 'sick leave', 'Postawa gra trzymać różowy pieśń.'), (110, '2024-07-18', '07:15:00', '07:30:00', 'training', 'Obiad duński środkowy.'), (110, '2025-06-06', '17:00:00', '19:30:00', 'unpaid leave', 'Żółty fragment smak sztuka ząb jedyny.'), (110, '2024-08-04', '11:30:00', '16:30:00', 'training', 'Rzucać zamek chłopiec kończyć linia listopad.'), (110, '2025-04-22', '08:00:00', '09:15:00', 'training', 'Gospodarka zakładać prezent prezydent.'), (110, '2025-02-18', '14:30:00', '14:45:00', 'business trip', 'Że zobaczyć niechęć usługa.'), (111, '2024-09-26', '15:00:00', '18:30:00', 'business trip', 'Częściowo walczyć wywołać smutny cześć.'), (111, '2025-01-12', '09:00:00', '14:00:00', 'unpaid leave', 'Reguła włosy również.'), (111, '2025-05-23', '10:00:00', '17:15:00', 'business trip', 'Płaski Słowacja potrzebny pieniądze pieniądze Kościół.'), (111, '2024-12-08', '07:00:00', '17:00:00', 'training', 'Strona procent instrument.'), (111, '2024-11-10', '11:00:00', '14:00:00', 'business trip', 'Zaburzenie chłop patrzeć choroba porządek.'), (112, '2025-05-29', '16:15:00', '16:45:00', 'business trip', 'Lista spotkać okno latać wódka instytucja.'), (112, '2024-11-25', '10:00:00', '13:30:00', 'training', 'Żart Boże Narodzenie polować oni ostry pytać.'), (112, '2024-09-24', '08:00:00', '08:15:00', 'sick leave', 'Wygrać scena drogi pojęcie bank.'), (112, '2025-01-26', '14:30:00', '15:00:00', 'training', 'Instrument piękny uderzenie złodziej się.'), (112, '2025-05-03', '08:15:00', '08:30:00', 'training', 'Kochać wolność tajemnica itp. kaczka.'), (113, '2025-04-19', '09:30:00', '14:00:00', 'training', 'W Wyniku kierowca nastrój pan zimno temat.'), (113, '2025-02-04', '10:30:00', '18:30:00', 'business trip', 'Walczyć utwór Litwa wracać.'), (113, '2024-12-01', '17:30:00', '19:00:00', 'business trip', 'Mieć stały gotowy metalowy brat dodawać.'), (113, '2025-03-19', '10:45:00', '11:00:00', 'training', 'Telewizja tańczyć wysyłać św..'), (113, '2025-01-11', '13:30:00', '14:15:00', 'sick leave', 'Godny z krwi i kości wszelki znów być duży.'), (114, '2024-12-13', '07:15:00', '13:00:00', 'sick leave', 'Tak zmienić wąski.'), (114, '2025-04-09', '16:00:00', '19:15:00', 'unpaid leave', 'Cztery krzyż stosować.'), (114, '2025-02-10', '10:00:00', '13:45:00', 'training', 'Otrzymać odcień kościelny bydło wykonywanie.'), (114, '2024-11-07', '17:15:00', '18:30:00', 'sick leave', 'Nagle wysyłać kieszeń opowiadać.'), (114, '2024-11-26', '13:45:00', '16:30:00', 'sick leave', 'Córka oni podawać prowincja wszystkie.'), (115, '2024-07-25', '08:15:00', '13:30:00', 'sick leave', 'Stan oko ale życie próbować pisać.'), (115, '2024-06-21', '10:30:00', '16:45:00', 'training', 'Położenie znaleźć zachód zimny.'), (115, '2025-04-11', '11:00:00', '11:15:00', 'unpaid leave', 'O przejście grudzień telewizja kraj duński.'), (115, '2025-03-07', '12:00:00', '15:15:00', 'training', 'Butelka osiem zamiar suchy potem m.in..'), (115, '2024-10-08', '17:45:00', '18:30:00', 'training', 'Opłata waga rola skłonność związek czoło.'), (116, '2024-07-11', '12:15:00', '16:15:00', 'unpaid leave', 'Dar moneta polski graniczyć zmienić.'), (116, '2024-11-05', '17:45:00', '18:15:00', 'unpaid leave', 'Sól dół marka.'), (116, '2024-09-13', '11:00:00', '18:30:00', 'unpaid leave', 'Umieć oddać potrzeba myśleć.'), (116, '2024-08-15', '18:15:00', '18:30:00', 'sick leave', 'Typ pochodzić duch metr.'), (116, '2024-07-28', '17:00:00', '17:15:00', 'unpaid leave', 'Kochać cierpienie uczyć.'), (117, '2025-01-04', '18:45:00', '19:00:00', 'sick leave', 'Warzywo nos czeski.'), (117, '2024-08-31', '16:30:00', '18:00:00', 'business trip', 'Psychiczny często spać wyjście lubić.'), (117, '2024-07-06', '11:45:00', '12:30:00', 'training', 'Odpowiedź seks uniwersytet wola produkować wspólny dodatek.'), (117, '2025-04-15', '15:15:00', '19:30:00', 'training', 'Początek praca amharski pomidor.'), (117, '2024-10-24', '08:00:00', '14:00:00', 'training', 'Matematyka stolica dziki gra dlatego zaraz.'), (118, '2024-08-27', '13:00:00', '17:00:00', 'training', 'Krzyż 2 wrócić poziom no dobry dziewiąty.'), (118, '2024-10-21', '16:15:00', '17:00:00', 'unpaid leave', 'Udać Się kierować obok.'), (118, '2025-04-05', '17:15:00', '17:45:00', 'unpaid leave', 'Róża październik drobny polityk ciągnąć komputer.'), (118, '2025-03-23', '07:00:00', '11:15:00', 'business trip', 'Wybierać chronić w ciągu przestępstwo moneta dziewiąty.'), (118, '2025-02-15', '09:15:00', '13:45:00', 'business trip', 'Zakres bajka śpiewać ogół wojsko grecki.'), (119, '2025-05-26', '14:00:00', '15:45:00', 'unpaid leave', 'Dwa szpital białoruski.'), (119, '2024-10-22', '12:30:00', '14:00:00', 'training', 'Kosz sos medycyna dlatego rozmowa pustynia.'), (119, '2025-05-27', '14:30:00', '18:15:00', 'sick leave', 'Dziewiąty biec uciec diabeł.'), (119, '2024-12-30', '10:15:00', '11:15:00', 'sick leave', 'Przecież stanowić pytać wewnątrz czyli lecz.'), (119, '2024-09-04', '10:15:00', '17:00:00', 'business trip', 'Można kolacja korzeń.'), (120, '2025-04-15', '10:15:00', '14:00:00', 'training', '? psychiczny liść zielony zero choroba.'), (120, '2024-09-14', '17:00:00', '19:30:00', 'unpaid leave', 'Opieka sylaba utwór ostry poprzez głupiec.'), (120, '2025-02-12', '11:00:00', '12:00:00', 'unpaid leave', 'Przez maj arabski rodzic chrześcijański.'), (120, '2024-08-22', '18:30:00', '18:45:00', 'training', 'Stan spadać pan skutek.'), (120, '2025-02-08', '07:30:00', '08:00:00', 'training', 'Niski kartka przyjęcie.'), (121, '2024-09-22', '10:15:00', '11:00:00', 'business trip', 'Przeciw u przeciwko mały prasa wysłać.'), (121, '2024-07-01', '13:30:00', '16:00:00', 'unpaid leave', 'Wybitny głupiec kolega.'), (121, '2024-07-26', '14:15:00', '16:15:00', 'unpaid leave', '9 wtedy zwyczaj stać.'), (121, '2025-03-29', '17:30:00', '18:30:00', 'sick leave', 'Podać Szwecja prawdziwy krzyż smak.'), (121, '2024-06-26', '08:45:00', '10:45:00', 'business trip', '60 dopiero bóg szwedzki.'), (122, '2024-11-06', '07:30:00', '17:00:00', 'unpaid leave', 'Scena 4 wyspa ładny piąty pomoc.'), (122, '2024-09-16', '15:00:00', '17:15:00', 'training', 'Alkohol krew umieć elektryczny w wyniku.'), (122, '2024-12-17', '14:00:00', '17:30:00', 'business trip', 'Działanie gdzieś wiadomość.'), (122, '2024-07-07', '10:45:00', '12:30:00', 'sick leave', 'Wejść rok temu korona.'), (122, '2025-01-27', '09:45:00', '15:45:00', 'sick leave', 'Temat termin Anglia tak.'), (123, '2025-05-31', '07:30:00', '07:45:00', 'training', 'Szlachetny zabić na przykład oddać abugida.'), (123, '2024-08-29', '12:00:00', '18:45:00', 'sick leave', 'Skala Jezus sukces katolicki pociąg w ciągu.'), (123, '2024-07-23', '07:45:00', '08:30:00', 'sick leave', 'Zbudować instrument dane jeżeli figura Afganistan.'), (123, '2025-02-19', '08:15:00', '10:15:00', 'unpaid leave', 'Rosnąć park intensywny opuścić Belgia zając rysunek.'), (123, '2025-03-09', '08:30:00', '11:45:00', 'unpaid leave', 'Unia Europejska np. latać położony samiec.'), (124, '2024-08-19', '12:00:00', '13:00:00', 'training', 'Rzeka każdy wybuch udać się.'), (124, '2024-09-10', '14:00:00', '19:45:00', 'business trip', 'Podobny robić dlaczego.'), (124, '2024-09-25', '07:15:00', '11:30:00', 'training', 'Większość interes jabłko.'), (124, '2025-03-03', '18:00:00', '18:15:00', 'business trip', 'Zanim wspólnota rzeczownik dziwny krew szary.'), (124, '2025-01-14', '18:15:00', '18:30:00', 'unpaid leave', 'Zaczynać my zwłaszcza 1 nic system.'), (125, '2024-07-09', '08:00:00', '15:00:00', 'business trip', 'Podnosić nazywać śpiewać.'), (125, '2025-05-26', '10:45:00', '17:30:00', 'training', 'Samochód szeroki pieniądze.'), (125, '2024-08-12', '09:15:00', '09:45:00', 'sick leave', 'Trwać rozmowa obrót przyszłość katolicki odważny.'), (125, '2024-07-08', '17:15:00', '18:00:00', 'training', '5 znaczny kontynent 30 powiedzieć.'), (125, '2024-07-12', '17:45:00', '18:00:00', 'sick leave', 'Obecnie południe muzyka mecz.'), (126, '2024-08-08', '13:30:00', '17:15:00', 'unpaid leave', 'Samica iść ciężar królewski otworzyć radio.'), (126, '2025-04-13', '12:45:00', '16:00:00', 'unpaid leave', 'Potrzebować szczęśliwy praca.'), (126, '2025-04-14', '17:30:00', '18:30:00', 'unpaid leave', 'Stawać Się m.in. roślina sala powodować.'), (126, '2025-03-20', '17:30:00', '17:45:00', 'unpaid leave', 'To wysłać skrzydło dzielić ból.'), (126, '2024-08-04', '17:15:00', '17:30:00', 'sick leave', 'Ręka wszystek piąty chłopak ono.'), (127, '2024-07-01', '14:15:00', '15:45:00', 'training', 'Szacunek jedzenie ubogi.'), (127, '2025-05-27', '16:45:00', '18:45:00', 'training', 'Choroba szybko płacić przyjaźń sto.'), (127, '2025-02-03', '07:45:00', '09:00:00', 'unpaid leave', 'Ciecz babcia dokonywać amharski herbata.'), (127, '2024-06-25', '07:30:00', '19:15:00', 'unpaid leave', 'Długo podawać siła Białoruś sportowy komputer.'), (127, '2024-06-15', '10:45:00', '13:45:00', 'unpaid leave', 'Otoczenie nadmierny słoneczny tak.'), (128, '2024-06-26', '10:15:00', '17:30:00', 'business trip', 'Kierowca lewy kobieta europejski.'), (128, '2025-04-30', '14:30:00', '15:45:00', 'sick leave', 'Pałac znak promień biuro Indie.'), (128, '2025-05-02', '14:30:00', '14:45:00', 'business trip', 'Strój akt firma dodatkowy cześć.'), (128, '2024-09-03', '14:00:00', '14:15:00', 'sick leave', 'Ukraiński taniec podatek.'), (128, '2025-01-09', '07:15:00', '16:45:00', 'business trip', 'Mleko wysyłać siła sportowy.'), (129, '2024-10-15', '08:00:00', '18:00:00', 'sick leave', 'Królestwo ramię ozdoba ulegać analiza.'), (129, '2024-11-18', '09:30:00', '09:45:00', 'business trip', 'Kij szybko przedstawienie.'), (129, '2025-04-17', '18:15:00', '19:00:00', 'sick leave', 'Długość kość stosunek prywatny brązowy jutro.'), (129, '2025-05-23', '12:45:00', '17:00:00', 'sick leave', 'Padać — wejść zawierać ciężki.'), (129, '2025-03-16', '13:30:00', '15:45:00', 'sick leave', 'Widok lud mleko zgodny zmiana 80.'), (130, '2024-10-04', '09:00:00', '18:00:00', 'sick leave', 'Ryzyko odnosić się pełen tyle szkło.'), (130, '2025-05-25', '18:15:00', '19:30:00', 'business trip', 'Siódmy olej elektryczny zwyczaj poczta.'), (130, '2024-08-25', '13:45:00', '14:15:00', 'training', 'Częściowo nosić jechać.'), (130, '2024-11-24', '15:00:00', '16:45:00', 'sick leave', 'Wolność istotny wewnątrz obecnie.'), (130, '2025-03-20', '17:15:00', '17:30:00', 'sick leave', 'Potrzeba suchy drogi interes.'), (131, '2024-09-07', '13:15:00', '14:45:00', 'sick leave', 'Sukces towar królowa różny.'), (131, '2024-07-22', '14:00:00', '19:00:00', 'business trip', 'Zadanie żaba siostra.'), (131, '2024-08-09', '18:00:00', '19:45:00', 'sick leave', 'Kosz podobny ludność plac odpowiedni jajko.'), (131, '2024-08-18', '13:45:00', '16:45:00', 'business trip', 'Gospodarka temu 90 zgodny.'), (131, '2025-03-01', '17:00:00', '19:30:00', 'training', 'Władca królowa kultura umowa wszystkie dialekt.'), (132, '2025-02-18', '15:45:00', '16:00:00', 'unpaid leave', 'Otworzyć blisko zasada przestać uzyskać.'), (132, '2024-07-31', '16:45:00', '17:00:00', 'unpaid leave', 'Przyprawa atmosfera zwykle ani sobą.'), (132, '2024-11-16', '10:45:00', '16:45:00', 'unpaid leave', 'Przyjąć nasz pojawiać się jadalny rada.'), (132, '2024-10-17', '18:30:00', '19:45:00', 'business trip', 'Włosy list panować.'), (132, '2025-03-29', '14:15:00', '16:00:00', 'training', 'Lud wyrób pamięć.'), (133, '2025-01-14', '07:00:00', '10:30:00', 'business trip', 'Zainteresowanie choć piłka nożna.'), (133, '2024-08-03', '10:45:00', '15:30:00', 'business trip', 'Zjawisko kartka złoty struktura efekt ciężar.'), (133, '2024-08-05', '12:30:00', '12:45:00', 'unpaid leave', 'Róg w celu pozostać marka.'), (133, '2025-05-07', '17:15:00', '19:30:00', 'training', 'Europa daleko grzech wiele.'), (133, '2024-09-22', '15:15:00', '17:00:00', 'business trip', 'Sądowy oś wzrost.'), (134, '2024-11-12', '15:15:00', '17:45:00', 'business trip', 'Mecz Jan zdolny.'), (134, '2024-08-24', '13:00:00', '13:15:00', 'unpaid leave', 'Pałac półwysep drewno dział niechęć stać.'), (134, '2024-11-25', '07:45:00', '13:15:00', 'training', 'Myśleć - tak lekcja natychmiast.'), (134, '2025-01-29', '11:30:00', '12:45:00', 'training', 'Musieć grupa około.'), (134, '2025-03-17', '11:30:00', '17:15:00', 'unpaid leave', 'Model zabić dostęp rodzina wolny.'), (135, '2025-05-06', '14:30:00', '15:00:00', 'unpaid leave', 'Azjatycki tłumaczyć literacki.'), (135, '2024-08-17', '09:00:00', '09:15:00', 'unpaid leave', 'Listopad czynność sam społeczeństwo żołądek włożyć.'), (135, '2025-03-08', '08:45:00', '09:30:00', 'business trip', 'Wywołać nasz koniec.'), (135, '2024-09-01', '10:00:00', '16:00:00', 'training', 'Zabawa syn ćwiczenie obcy.'), (135, '2024-07-29', '07:15:00', '11:30:00', 'sick leave', 'Wspólnota użycie ciasto.'), (136, '2024-12-15', '10:00:00', '18:15:00', 'training', 'Służba Egipt dla.'), (136, '2024-11-17', '10:30:00', '17:00:00', 'business trip', 'Lustro istnienie nosić gość program.'), (136, '2025-03-13', '16:45:00', '19:15:00', 'unpaid leave', 'Ilość obejmować wciąż Afganistan.'), (136, '2025-02-22', '11:00:00', '15:00:00', 'sick leave', 'Leczenie akcja pisarz pytać decyzja kolej.'), (136, '2024-08-05', '09:45:00', '10:15:00', 'sick leave', 'Czynić płyta długi wynosić wysoki.'), (137, '2024-07-26', '13:15:00', '13:30:00', 'training', 'Porządek kanał próba dać się.'), (137, '2025-04-08', '16:30:00', '17:00:00', 'unpaid leave', 'Piwo organizacja kilometr w formie Bóg wilk.'), (137, '2025-04-14', '17:45:00', '18:15:00', 'business trip', 'Zdobyć pieniądze jechać elektryczny zdanie kult.'), (137, '2024-10-03', '10:15:00', '15:30:00', 'business trip', 'Podczas krew przestać ubranie dostać świadczyć.'), (137, '2024-07-21', '11:00:00', '13:30:00', 'unpaid leave', 'Stać Się silnik zabawa.'), (138, '2024-10-12', '15:30:00', '19:45:00', 'sick leave', 'Cukier dlaczego reakcja ucho coś wina.'), (138, '2024-11-28', '14:30:00', '15:45:00', 'unpaid leave', 'Zabawa autobus albo w.'), (138, '2025-02-01', '13:45:00', '15:30:00', 'business trip', 'Sukienka wilk partia słyszeć.'), (138, '2024-12-23', '08:45:00', '12:00:00', 'sick leave', 'Przykład nos rodowity różnica reguła.'), (138, '2025-06-07', '11:30:00', '13:00:00', 'unpaid leave', 'Głos wola szary wiele należeć.'), (139, '2024-07-14', '09:45:00', '15:15:00', 'training', 'Okręt mrówka rynek.'), (139, '2024-09-21', '09:30:00', '10:45:00', 'unpaid leave', 'Duży 0 prezydent cukier biec uderzać.'), (139, '2025-04-02', '11:15:00', '19:45:00', 'unpaid leave', 'Uderzyć stawać się sprzęt.'), (139, '2024-09-01', '07:00:00', '09:45:00', 'sick leave', 'Maszyna muzyk organizacja.'), (139, '2024-09-15', '13:00:00', '19:15:00', 'training', 'Sobota jakość rolnik.'), (140, '2024-11-20', '14:30:00', '17:00:00', 'unpaid leave', 'Rzym zdrowie maszyna szkoła.'), (140, '2025-03-26', '13:45:00', '14:45:00', 'business trip', 'Ładny zajęcie serce zimno go.'), (140, '2024-12-27', '09:00:00', '10:45:00', 'training', 'Ślub pamięć szpital.'), (140, '2024-11-11', '15:00:00', '19:30:00', 'sick leave', 'Przeciw zadanie kiedyś.'), (140, '2024-08-06', '17:00:00', '19:00:00', 'business trip', 'Rasa odcinek kontakt.'), (141, '2025-04-25', '07:15:00', '18:45:00', 'training', 'Dziki należy złodziej wakacje brzeg.'), (141, '2024-11-20', '16:30:00', '18:15:00', 'training', 'Dolny bezpieczeństwo czasownik dwanaście.'), (141, '2024-12-30', '15:45:00', '18:00:00', 'business trip', 'Bóg powstawać wysoko przyszły.'), (141, '2024-10-30', '10:15:00', '13:15:00', 'training', 'Urodzić Się wejście wysiłek spadek sobie straszny wybory.'), (141, '2025-03-14', '14:45:00', '15:00:00', 'business trip', 'Ale uznawać płakać.'), (142, '2024-06-16', '16:00:00', '19:15:00', 'unpaid leave', 'Rzym sam bank kawa.'), (142, '2024-07-18', '10:45:00', '11:00:00', 'training', 'Kij usta mąż ze.'), (142, '2025-03-30', '10:30:00', '15:15:00', 'business trip', 'Święty bezpośrednio postawa wybrzeże herb żelazo.'), (142, '2024-09-07', '08:45:00', '16:45:00', 'business trip', 'Postać Kraków policja skłonność znajdować projekt telewizja.'), (142, '2025-06-04', '07:00:00', '18:45:00', 'training', 'Córka w kształcie powstanie.'), (143, '2024-11-11', '14:00:00', '15:15:00', 'unpaid leave', 'Trzydzieści gdyby powodować funkcja strefa pozostawać.'), (143, '2025-03-18', '09:15:00', '13:15:00', 'sick leave', 'Drużyna jasny cierpieć olej.'), (143, '2025-03-13', '12:45:00', '13:00:00', 'training', 'Panna mleko powierzchnia alkohol tu korzeń.'), (143, '2024-12-24', '13:00:00', '16:30:00', 'unpaid leave', 'Bydło rano otaczać.'), (143, '2024-07-11', '13:15:00', '19:15:00', 'unpaid leave', 'Wyrażenie siedem kraina grać otwierać październik.'), (144, '2024-07-24', '09:30:00', '14:00:00', 'sick leave', 'Samolot jej moc sto samiec żona.'), (144, '2024-08-12', '08:00:00', '16:15:00', 'unpaid leave', 'Pojechać poduszka wybrać odwaga środkowy.'), (144, '2025-05-17', '10:30:00', '17:45:00', 'unpaid leave', 'Angielski robotnik wschód ze.'), (144, '2024-09-10', '12:00:00', '17:45:00', 'business trip', 'Energia port rana Rosja smutek.'), (144, '2024-07-29', '18:30:00', '18:45:00', 'business trip', 'Sędzia listopad mowa biblioteka.'), (145, '2024-09-24', '17:15:00', '17:30:00', 'training', 'Pokonać ogień zawierać zbierać but Afganistan.'), (145, '2024-11-19', '14:30:00', '19:45:00', 'business trip', 'Niemiecki kilka jego handlowy powód własność chłopiec.'), (145, '2024-08-18', '18:15:00', '18:30:00', 'business trip', 'Obiad popularny chory.'), (145, '2024-11-29', '09:45:00', '14:30:00', 'business trip', 'Chwila mieć ryż.'), (145, '2024-11-15', '16:00:00', '18:30:00', 'sick leave', 'Wokół gleba długi reakcja.'), (146, '2025-04-05', '10:30:00', '19:30:00', 'business trip', 'Tam żelazo odważny pojawić się udać się.'), (146, '2024-07-21', '16:00:00', '16:45:00', 'unpaid leave', 'Wejść układ okresowy pan dźwięk.'), (146, '2025-02-16', '18:15:00', '19:45:00', 'business trip', 'Czytać cmentarz ta drewniany miejscowość rolnik.'), (146, '2024-09-30', '10:00:00', '10:30:00', 'unpaid leave', 'Handlowy hodować rynek.'), (146, '2025-06-01', '12:00:00', '16:30:00', 'sick leave', 'Technika otrzymywać zając mebel posiadać.'), (147, '2025-01-27', '13:30:00', '14:00:00', 'training', 'Rola odległość ich.'), (147, '2025-03-10', '09:45:00', '14:30:00', 'training', 'Ciecz jednostka kultura jadalny dialekt strefa.'), (147, '2024-10-17', '15:00:00', '19:45:00', 'unpaid leave', 'Kurs zamiast kolorowy.'), (147, '2024-09-06', '17:15:00', '19:30:00', 'sick leave', 'Pierwiastek głowa projekt moment nad zawód.'), (147, '2024-10-05', '08:00:00', '14:00:00', 'unpaid leave', 'Zbiornik smutek wiersz.'), (148, '2025-04-05', '17:15:00', '18:15:00', 'unpaid leave', 'Sześćdziesiąt głowa bezpieczeństwo.'), (148, '2024-10-22', '09:45:00', '10:15:00', 'training', 'Wieża iść sąsiad okazja rola.'), (148, '2025-03-31', '15:45:00', '18:45:00', 'business trip', 'Iść chmura cienki głośny.'), (148, '2024-09-07', '16:15:00', '18:00:00', 'unpaid leave', 'Małpa strona nawet akcja mapa.'), (148, '2025-03-10', '13:45:00', '14:00:00', 'business trip', 'Wiadomość 0 30 opowiadać metalowy.'), (149, '2025-02-14', '16:15:00', '19:45:00', 'sick leave', 'Umieszczać fabryka piasek firma.'), (149, '2024-08-19', '08:15:00', '13:00:00', 'business trip', 'Pytanie rzucić futro abugida niebezpieczny.'), (149, '2025-02-23', '11:00:00', '15:45:00', 'business trip', 'Rosyjski organizm drzwi wykonać niedźwiedź fotografia.'), (149, '2024-11-17', '12:00:00', '18:15:00', 'business trip', 'Uczucie wzrost duński.'), (149, '2025-04-23', '17:15:00', '17:30:00', 'sick leave', 'Otaczać centrum zajęcie.'), (150, '2024-11-17', '11:45:00', '12:00:00', 'training', 'Północny związać karta.'), (150, '2025-01-09', '08:45:00', '15:15:00', 'business trip', 'Szczęśliwy okazja czarny.'), (150, '2024-09-30', '10:30:00', '17:00:00', 'unpaid leave', 'Już znak podnosić trwać czasem.'), (150, '2025-05-08', '08:45:00', '09:00:00', 'unpaid leave', 'Fala dalej rodowity.'), (150, '2025-05-18', '16:00:00', '19:45:00', 'training', 'Rachunek warunek rozpocząć chcieć.'), (151, '2025-01-16', '13:30:00', '17:00:00', 'sick leave', 'Rząd profesor ciecz.'), (151, '2025-05-02', '13:00:00', '13:30:00', 'training', 'Kamień ze lubić próbować.'), (151, '2025-02-04', '14:00:00', '16:30:00', 'sick leave', 'Nieszczęście pszczoła patrzeć norma błoto park.'), (151, '2024-11-18', '15:15:00', '15:30:00', 'business trip', 'Płyta północ lina.'), (151, '2024-07-17', '10:15:00', '15:00:00', 'unpaid leave', '? główny twarz pogląd wąski lek.'), (152, '2025-03-25', '17:45:00', '19:15:00', 'unpaid leave', 'Wiedzieć łóżko trzydziesty ksiądz miejscowość związany.'), (152, '2025-05-20', '07:15:00', '17:45:00', 'sick leave', 'Malować danie dziwny sprzedaż.'), (152, '2024-09-04', '15:30:00', '19:30:00', 'sick leave', 'Kartka Jan Australia.'), (152, '2024-10-10', '10:30:00', '16:15:00', 'training', 'Tysiąc ponad pismo wieża my powód.'), (152, '2024-07-02', '10:30:00', '15:00:00', 'business trip', 'Kąt handlowy ksiądz ogień aktywny.'), (153, '2025-05-29', '18:30:00', '19:15:00', 'business trip', 'Piwo różnica pewny poruszać się przeznaczyć katastrofa.'), (153, '2024-10-15', '12:15:00', '15:45:00', 'business trip', 'Warzywo koza powiat czarny.'), (153, '2024-11-18', '17:30:00', '19:45:00', 'sick leave', 'Łódź odczuwać ostry.'), (153, '2024-12-07', '09:45:00', '10:15:00', 'business trip', 'Używać całkowity między bawić się dźwięk.'), (153, '2024-07-28', '18:15:00', '19:00:00', 'training', 'Ponad wśród radiowy ogień polityk.'), (154, '2024-11-05', '11:45:00', '12:00:00', 'unpaid leave', 'List doświadczenie łąka letni.'), (154, '2024-10-03', '10:15:00', '17:15:00', 'training', 'Wojna transport umieścić nauczycielka.'), (154, '2024-08-25', '16:30:00', '16:45:00', 'business trip', 'Grzech czerwiec silny zdrowie go.'), (154, '2024-06-28', '10:15:00', '15:15:00', 'sick leave', 'Przejść z powodu opisać.'), (154, '2025-05-31', '15:00:00', '17:30:00', 'training', 'Dziewczynka jajo umieć łuk.'), (155, '2025-02-06', '10:45:00', '15:00:00', 'business trip', 'Układ Okresowy wolno część grać spaść.'), (155, '2024-07-09', '07:30:00', '08:15:00', 'sick leave', 'Zakończenie można tu letni 1.'), (155, '2025-01-20', '17:30:00', '19:30:00', 'training', 'Warstwa opłata wspomnienie początek.'), (155, '2024-12-16', '16:30:00', '19:30:00', 'unpaid leave', 'Pozbawić idea dzień biec pomieszczenie starać się.'), (155, '2025-05-17', '07:45:00', '09:30:00', 'unpaid leave', 'Pragnienie lub zapach katastrofa kot.'), (156, '2024-11-27', '09:15:00', '18:45:00', 'business trip', 'Dużo zmieniać złodziej wtedy lęk.'), (156, '2025-02-25', '11:00:00', '18:30:00', 'business trip', 'Oba wysoko płaski bić zdolność córka.'), (156, '2024-11-13', '07:45:00', '13:15:00', 'training', 'Czynność lata poważny.'), (156, '2024-08-05', '15:30:00', '19:30:00', 'training', 'Świnia spaść po kontynent.'), (156, '2024-08-05', '18:45:00', '19:00:00', 'sick leave', 'Poeta postawić czekać.'), (157, '2024-12-30', '12:45:00', '14:30:00', 'training', 'Ku angielski wrócić.'), (157, '2025-05-20', '12:30:00', '16:30:00', 'unpaid leave', 'Zamieszkiwać korzyść źródło tu.'), (157, '2025-05-24', '12:45:00', '13:00:00', 'business trip', 'Problem starać się ząb.'), (157, '2025-04-12', '13:30:00', '18:30:00', 'business trip', 'Fotografia obszar kontynent.'), (157, '2025-05-28', '08:30:00', '16:45:00', 'unpaid leave', 'Miecz wczesny zwłaszcza wypadek Niemiec.'), (158, '2025-02-20', '12:30:00', '18:15:00', 'training', 'Planeta wybuch angielski nazwisko organ dać się.'), (158, '2024-08-26', '09:15:00', '16:30:00', 'business trip', 'Czuć kontakt Grecja.'), (158, '2024-11-09', '07:30:00', '13:45:00', 'business trip', 'U przyrząd drobny wczoraj klasztor.'), (158, '2024-11-20', '14:15:00', '16:45:00', 'business trip', 'Powolny idea Anglia.'), (158, '2024-07-15', '11:15:00', '13:00:00', 'training', 'Mieszkanka okręt blady.'), (159, '2024-07-29', '09:00:00', '13:00:00', 'unpaid leave', 'Ciąża szkolny amharski.'), (159, '2024-12-25', '16:45:00', '17:45:00', 'business trip', 'Ku miejsce okrągły przyjemność zima.'), (159, '2024-08-23', '17:00:00', '19:30:00', 'business trip', 'Zespół ogród przyczyna bo szczególnie olej tradycja.'), (159, '2024-06-19', '15:15:00', '15:45:00', 'training', 'Między bogaty mózg.'), (159, '2025-02-07', '15:30:00', '15:45:00', 'business trip', 'Własny kula plaża czas dość pustynia potrzebować.'), (160, '2025-04-07', '11:15:00', '17:30:00', 'unpaid leave', 'Inny Ameryka znaczny.'), (160, '2024-11-14', '10:45:00', '17:00:00', 'business trip', 'Jeżeli śmiać się skrzydło osioł powstać lek.'), (160, '2024-09-27', '12:45:00', '18:45:00', 'sick leave', 'Publiczny zimny pisanie planeta.'), (160, '2025-03-10', '16:00:00', '18:30:00', 'business trip', 'Panować podczas gołąb krzyż próbować przestać.'), (160, '2025-02-06', '18:15:00', '19:30:00', 'business trip', 'Głupek przy położyć.'), (161, '2024-08-24', '18:45:00', '19:00:00', 'unpaid leave', 'Trochę fala niebezpieczeństwo.'), (161, '2024-11-23', '17:45:00', '18:00:00', 'business trip', 'Jądro przypominać alkoholowy.'), (161, '2025-05-18', '18:15:00', '18:30:00', 'business trip', 'Zawierać kąt taniec w czasie.'), (161, '2025-04-16', '07:45:00', '09:45:00', 'business trip', 'Strona pomiędzy ryż zwolennik konstrukcja język.'), (161, '2024-12-18', '17:15:00', '18:15:00', 'unpaid leave', 'Stopień umiejętność wiek.'), (162, '2024-10-07', '15:45:00', '18:30:00', 'unpaid leave', 'Ruch wyjść dodać pani liczyć lekki.'), (162, '2025-02-22', '13:45:00', '19:30:00', 'training', '6 trwały rozwiązanie ogólny.'), (162, '2025-04-03', '15:30:00', '18:30:00', 'unpaid leave', 'Powstawać charakterystyczny poprzedni umrzeć lis.'), (162, '2024-07-31', '16:15:00', '19:45:00', 'business trip', 'Szczególny czoło Egipt musieć zegar.'), (162, '2025-04-02', '08:15:00', '17:45:00', 'unpaid leave', 'Nazywać nieprzyjemny rola.'), (163, '2024-11-07', '16:45:00', '17:00:00', 'business trip', 'Nastrój rozpocząć nauczycielka w formie plac.'), (163, '2024-06-23', '12:45:00', '19:15:00', 'unpaid leave', 'Instrument białoruski dolina brać dokument.'), (163, '2024-12-29', '18:45:00', '19:45:00', 'business trip', 'Ucho drzewo biec kąt.'), (163, '2025-01-12', '18:30:00', '19:00:00', 'unpaid leave', 'Związany Szwecja układ okresowy myśl kino lipiec.'), (163, '2025-04-20', '13:15:00', '13:30:00', 'business trip', 'Mapa temperatura na.'), (164, '2025-04-19', '15:30:00', '19:00:00', 'training', 'Gniazdo nieprzyjemny wy centrum wokół.'), (164, '2025-03-29', '17:45:00', '18:00:00', 'training', 'Sztuka kochać konstrukcja znany sieć.'), (164, '2025-04-04', '09:45:00', '16:00:00', 'unpaid leave', 'Wy student ślub mecz.'), (164, '2024-09-15', '08:45:00', '15:15:00', 'sick leave', 'Chwila działanie dziki kończyć.'), (164, '2025-02-16', '14:00:00', '15:15:00', 'sick leave', 'Ponieważ w czasie cebula student wczoraj widoczny.'), (165, '2025-01-18', '11:15:00', '17:30:00', 'sick leave', 'Ludowy kochać graniczyć.'), (165, '2025-01-11', '18:15:00', '18:45:00', 'sick leave', 'Procent flaga uzyskać student dach wypowiedź.'), (165, '2025-02-25', '15:00:00', '16:15:00', 'training', 'Doświadczenie oraz 70 starać się zbudować.'), (165, '2025-04-01', '17:00:00', '18:00:00', 'unpaid leave', 'Uczucie moneta szkło miękki.'), (165, '2025-05-09', '12:30:00', '14:00:00', 'sick leave', 'Egipt szef ponieważ.'), (166, '2025-03-28', '09:15:00', '17:15:00', 'unpaid leave', 'Niemiec okropny głupota gęś.'), (166, '2024-08-05', '10:45:00', '11:15:00', 'sick leave', 'Gruby dwudziesty ono własny budowla policzek.'), (166, '2024-09-12', '17:00:00', '19:00:00', 'unpaid leave', 'Własność ludzki południowy drewniany nasz.'), (166, '2025-01-27', '15:00:00', '17:15:00', 'business trip', 'Tarcza rzecz chleb.'), (166, '2024-09-06', '17:30:00', '17:45:00', 'training', 'Mgła do księżyc nieszczęście gdzieś.'), (167, '2024-08-26', '11:45:00', '12:00:00', 'sick leave', 'Tytoń rozpocząć przeciwko przeznaczyć.'), (167, '2025-04-20', '13:15:00', '18:30:00', 'unpaid leave', 'Górny jechać styczeń szyja grudzień.'), (167, '2024-11-24', '14:15:00', '18:00:00', 'training', 'Mecz większość ząb przeciwko grać.'), (167, '2024-06-26', '09:00:00', '09:30:00', 'business trip', 'Uczucie niedziela rosnąć.'), (167, '2024-12-02', '08:00:00', '14:45:00', 'unpaid leave', 'Potem średniowieczny suma latać kupować kieszeń.'), (168, '2025-02-17', '15:00:00', '15:15:00', 'business trip', 'Powoli naj- reguła.'), (168, '2024-08-11', '12:45:00', '18:45:00', 'sick leave', 'Mój pomarańcza zawodnik.'), (168, '2024-12-10', '14:15:00', '18:30:00', 'training', 'Mecz zapach złapać rolnik.'), (168, '2024-10-21', '09:15:00', '12:45:00', 'unpaid leave', 'Starać Się różowy kuchnia całkiem.'), (168, '2025-04-18', '08:30:00', '08:45:00', 'training', 'Z mój duński bar.'), (169, '2025-01-21', '10:45:00', '16:30:00', 'business trip', 'Żyć żaba przyjemność siła sprzedawać.'), (169, '2024-10-28', '17:00:00', '19:30:00', 'training', 'Niski dokładny smak.'), (169, '2025-03-26', '16:00:00', '18:15:00', 'business trip', 'Ponownie pieniądz kapelusz dostać obecny dzisiaj.'), (169, '2024-07-10', '14:45:00', '16:45:00', 'business trip', 'Obok korzeń europejski znaczny.'), (169, '2025-01-09', '11:15:00', '11:30:00', 'training', 'Podobny wchodzić Kraków pójść złoty.'), (170, '2024-08-30', '18:30:00', '19:30:00', 'business trip', 'Różowy Boże Narodzenie czy pięć lekarz taki.'), (170, '2025-05-22', '14:15:00', '14:30:00', 'sick leave', 'Trwać zakres uderzenie produkt kilka.'), (170, '2024-09-20', '10:15:00', '16:15:00', 'unpaid leave', 'Kolumna wrogość cienki Słońce napój skończyć.'), (170, '2025-06-07', '08:30:00', '10:45:00', 'business trip', 'Przeszłość centrum istotny alkohol.'), (170, '2024-06-19', '12:15:00', '14:45:00', 'unpaid leave', 'Zatoka przeciwnik wilk minuta teraz.'), (171, '2024-11-06', '17:00:00', '18:15:00', 'unpaid leave', 'Ciąża ślad 900.'), (171, '2024-08-31', '13:15:00', '14:15:00', 'unpaid leave', 'Skład grudzień dodać.'), (171, '2025-03-11', '16:00:00', '16:15:00', 'business trip', 'Jajko znać oko.'), (171, '2024-09-26', '16:45:00', '19:15:00', 'sick leave', 'Brak studiować przyjemny długość królowa.'), (171, '2025-02-07', '10:30:00', '15:30:00', 'training', 'Staw siedem bogactwo.'), (172, '2024-08-08', '07:45:00', '13:00:00', 'business trip', 'Samochód pieniądz Australia.'), (172, '2024-11-16', '18:30:00', '19:30:00', 'training', 'Duński jabłko dobrze.'), (172, '2025-02-22', '16:30:00', '19:00:00', 'sick leave', 'Coś jedynie syn nad podróż.'), (172, '2025-02-06', '15:00:00', '19:45:00', 'sick leave', 'Dwadzieścia odczuwać długość owca ubogi piec.'), (172, '2024-11-30', '18:15:00', '19:30:00', 'training', 'Ocena wschód zmęczony mięso 50.'), (173, '2025-04-29', '10:30:00', '19:45:00', 'training', 'Czerwony i Ziemia naj- ssak rodowity.'), (173, '2024-09-12', '13:15:00', '13:30:00', 'training', 'Czyli 50 łąka koniec.'), (173, '2024-09-04', '13:30:00', '15:45:00', 'unpaid leave', 'Olej złoto u płacić promień twardy.'), (173, '2024-07-31', '09:30:00', '12:30:00', 'business trip', 'Nosić obrót instrument – piasek.'), (173, '2024-06-25', '17:30:00', '17:45:00', 'training', 'Poważny podatek sukienka powieść kościelny.'), (174, '2025-04-30', '16:30:00', '16:45:00', 'training', 'Od nie- ja smutny.'), (174, '2025-04-11', '08:45:00', '16:15:00', 'sick leave', 'Zajmować Się kot jak trudny.'), (174, '2024-07-11', '13:00:00', '18:30:00', 'sick leave', 'Trudny pełny wada rzadko.'), (174, '2025-03-15', '18:45:00', '19:00:00', 'sick leave', 'Zamiast jednocześnie liczyć czy jaki wyjść.'), (174, '2025-05-20', '18:00:00', '19:45:00', 'training', 'Kapelusz złapać majątek.'), (175, '2024-10-30', '16:45:00', '17:45:00', 'training', 'Pani dodać waga dwudziesty dziewczynka czeski.'), (175, '2024-12-23', '18:15:00', '18:30:00', 'unpaid leave', 'Pierwiastek telewizja oddech.'), (175, '2024-09-16', '17:45:00', '18:00:00', 'business trip', 'Ciężar zostać może robić okropny.'), (175, '2025-04-21', '14:45:00', '15:00:00', 'training', 'Pełen plama Japonia poprzez.'), (175, '2024-11-30', '09:15:00', '12:15:00', 'unpaid leave', 'Złodziej jego żywność główny zając.'), (176, '2025-01-09', '10:30:00', '12:45:00', 'business trip', 'Przygotowywać kij element.'), (176, '2025-06-05', '15:15:00', '19:45:00', 'sick leave', 'Bóg np. blady jedynie sklep.'), (176, '2024-09-23', '18:30:00', '18:45:00', 'training', 'Żołnierz pożar otrzymywać świnia wydarzenie jabłko.'), (176, '2025-04-01', '17:15:00', '17:30:00', 'business trip', 'Szybki temat narkotyk powietrze pracować.'), (176, '2024-10-07', '11:45:00', '12:00:00', 'business trip', 'Widoczny towar łódź rak szyja.'), (177, '2025-03-09', '08:45:00', '18:30:00', 'business trip', 'Aktywny trudność kształt obiekt niech.'), (177, '2024-11-16', '07:15:00', '13:45:00', 'unpaid leave', 'Przyjęcie naczynie wywodzić się gorączka przyszłość artykuł.'), (177, '2025-05-11', '09:00:00', '12:30:00', 'training', 'Stan niebezpieczny 100 minuskuła.'), (177, '2025-04-03', '13:00:00', '17:30:00', 'business trip', 'Zysk być mieszkać z stopień.'), (177, '2025-02-07', '15:15:00', '18:15:00', 'sick leave', 'Proces trzydziesty doświadczenie Węgry pies wyjście.'), (178, '2024-07-28', '18:30:00', '19:30:00', 'unpaid leave', 'Tu produkować waga.'), (178, '2024-10-04', '16:45:00', '19:45:00', 'training', '70 broda technika ząb.'), (178, '2025-01-26', '15:45:00', '16:00:00', 'unpaid leave', 'Skończyć 2 się zły.'), (178, '2024-07-24', '10:00:00', '18:00:00', 'unpaid leave', 'Pragnąć wystawa zawartość.'), (178, '2025-02-13', '18:30:00', '18:45:00', 'sick leave', 'W Końcu wykonywać ból rozmowa oni.'), (179, '2024-10-06', '09:15:00', '17:00:00', 'training', 'Zdobyć policzek przedstawiać.'), (179, '2024-06-19', '09:00:00', '19:45:00', 'training', 'Złożony zwierzę silnik określać mur.'), (179, '2024-08-07', '10:15:00', '14:15:00', 'business trip', 'Właściciel szczególny kawa pomiędzy.'), (179, '2025-03-26', '14:45:00', '15:30:00', 'business trip', 'Znaczny zdobyć projekt sklep ich.'), (179, '2024-06-27', '17:00:00', '19:00:00', 'training', 'Zgodnie wtorek zbierać ci wyglądać.'), (180, '2024-06-20', '08:45:00', '13:00:00', 'business trip', 'Farba siódmy pracować.'), (180, '2024-06-07', '14:30:00', '16:30:00', 'business trip', 'Śmierć zdrowie z krwi i kości letni przedstawiciel.'), (180, '2024-10-30', '15:15:00', '16:30:00', 'sick leave', 'Syn lis Słońce papier sok rozpocząć.'), (180, '2024-09-13', '10:15:00', '11:30:00', 'business trip', 'Podać gatunek pytanie pomysł minerał.'), (180, '2025-04-05', '14:45:00', '15:00:00', 'sick leave', 'Kąt epoka pojazd.'), (181, '2024-12-09', '17:45:00', '18:30:00', 'sick leave', 'Udać Się pełen fala dokładnie musieć diabeł.'), (181, '2024-06-16', '17:00:00', '19:00:00', 'sick leave', 'Materiał minuskuła kto mgła.'), (181, '2025-04-14', '10:00:00', '19:45:00', 'business trip', 'Prawda pani dym przechodzić zazwyczaj naprawdę.'), (181, '2025-04-15', '15:00:00', '18:00:00', 'business trip', 'Wczesny naród grudzień w wyniku planeta przynieść.'), (181, '2025-04-17', '17:30:00', '18:15:00', 'training', 'Lustro następny łuk zakład palić.'), (182, '2025-02-22', '18:45:00', '19:00:00', 'training', 'Morski ubranie chleb dziewięćdziesiąt kult gaz.'), (182, '2024-10-17', '10:45:00', '11:00:00', 'unpaid leave', 'Książę powstać dziecięcy.'), (182, '2025-03-30', '12:00:00', '16:45:00', 'training', 'Szkoła śmiać się pracować.'), (182, '2025-02-23', '14:30:00', '16:45:00', 'sick leave', 'Analiza obrót należy.'), (182, '2024-09-23', '16:15:00', '18:15:00', 'business trip', 'Warzywo Europa artysta Litwa gorący kolor.'), (183, '2025-05-15', '16:30:00', '19:15:00', 'training', 'Czyn korzeń posiadać.'), (183, '2025-03-29', '18:15:00', '18:30:00', 'unpaid leave', 'Przeszkoda młody wieś.'), (183, '2024-12-09', '13:15:00', '16:45:00', 'unpaid leave', 'Ryż służba mistrz Morze Śródziemne.'), (183, '2024-07-20', '17:15:00', '18:45:00', 'unpaid leave', 'Filmowy rozpocząć przygotować bogini.'), (183, '2024-10-11', '11:45:00', '13:00:00', 'unpaid leave', 'No dach pięć zawartość internetowy umieć.'), (184, '2025-04-25', '13:15:00', '16:15:00', 'unpaid leave', 'Diabeł tablica gniazdo.'), (184, '2025-05-30', '15:00:00', '15:15:00', 'unpaid leave', 'Pacjent port terytorium poczta.'), (184, '2025-04-15', '07:30:00', '10:00:00', 'unpaid leave', 'Kolumna francuski pozbawić oddział zacząć.'), (184, '2024-11-18', '17:30:00', '18:45:00', 'unpaid leave', 'Płakać narodowy zwrot.'), (184, '2025-03-30', '09:30:00', '09:45:00', 'training', 'Obchodzić głupota USA rejon adres możliwy.'), (185, '2024-06-16', '10:00:00', '12:45:00', 'sick leave', 'W Kształcie cesarz bycie kot późno dodać.'), (185, '2024-10-28', '13:45:00', '15:00:00', 'sick leave', 'Ssak owoc właśnie.'), (185, '2024-11-17', '12:15:00', '16:45:00', 'training', 'Funkcja styl jeśli świeży okrągły ciężar.'), (185, '2024-08-07', '12:45:00', '19:45:00', 'training', 'Nadawać kraj zając daleki plemię rosnąć.'), (185, '2025-05-30', '09:45:00', '10:00:00', 'training', 'Wpaść słyszeć szósty.'), (186, '2025-02-16', '17:00:00', '17:45:00', 'business trip', 'Warstwa dlaczego produkować mocno.'), (186, '2025-05-25', '12:30:00', '19:15:00', 'sick leave', 'Mowa wrzesień odpowiadać.'), (186, '2024-12-12', '16:30:00', '18:30:00', 'training', 'Lekki herbata często zakończenie ręka.'), (186, '2025-05-06', '17:30:00', '18:15:00', 'unpaid leave', 'Hasło list stawiać.'), (186, '2025-05-14', '18:15:00', '19:30:00', 'business trip', 'Wskazywać inny wojenny.'), (187, '2024-12-05', '09:00:00', '19:00:00', 'business trip', 'Zespół Białoruś gałąź dorosły dłoń żołnierz.'), (187, '2024-11-12', '12:00:00', '14:00:00', 'unpaid leave', 'Czynić rodzina bogactwo przedmiot i.'), (187, '2024-09-07', '18:15:00', '18:30:00', 'sick leave', 'Słaby szósty drewno marka.'), (187, '2024-08-03', '15:15:00', '16:15:00', 'training', 'Przyjaźń warunek armia piąty łatwo.'), (187, '2024-11-21', '14:15:00', '16:00:00', 'business trip', 'Zamiast mieć na imię zająć mama amharski.'), (188, '2024-08-15', '12:15:00', '19:00:00', 'unpaid leave', 'Nasz owca pójść butelka pozycja zasada.'), (188, '2025-03-03', '11:15:00', '11:45:00', 'business trip', 'Typowy papieros świat.'), (188, '2024-09-01', '08:45:00', '14:45:00', 'training', 'Podział wywoływać ogon pokonać zbyt drzewo.'), (188, '2024-09-05', '14:15:00', '15:15:00', 'business trip', 'Adres nauczyciel 2 obecnie dziewięćdziesiąt —.'), (188, '2025-02-12', '16:00:00', '19:15:00', 'sick leave', 'Sok śmiech znak zima towar przecież.'), (189, '2024-10-29', '08:15:00', '18:00:00', 'sick leave', 'By osiągnąć polować łąka obrót.'), (189, '2024-08-27', '17:45:00', '19:15:00', 'sick leave', 'Albo jakość odbywać się zdarzenie wygrać.'), (189, '2024-11-14', '16:45:00', '17:15:00', 'sick leave', 'Szwedzki wkrótce produkt występować.'), (189, '2025-02-15', '13:45:00', '17:15:00', 'sick leave', 'Podłoga zakładać stopa Ziemia postawa.'), (189, '2025-04-05', '11:15:00', '15:00:00', 'business trip', 'Podłoga ze urodziny.'), (190, '2025-02-03', '09:15:00', '15:30:00', 'training', 'Wstyd przeszkoda masa marzec w mowa.'), (190, '2024-09-28', '15:30:00', '16:00:00', 'business trip', 'Wiedzieć krzyż forma.'), (190, '2025-05-01', '17:30:00', '19:15:00', 'training', 'Nazywać 40 kultura znaczyć.'), (190, '2025-01-21', '16:15:00', '19:45:00', 'business trip', 'Mój brzuch wybór my filozofia listopad.'), (190, '2024-10-17', '17:00:00', '19:45:00', 'training', 'Własność obóz gołąb chęć wy usługa.'), (191, '2024-07-24', '12:00:00', '14:45:00', 'business trip', 'Gmina równy polegać.'), (191, '2024-08-25', '11:15:00', '19:45:00', 'business trip', 'Więcej postawa pociąg wzrok Ameryka południe.'), (191, '2025-05-09', '15:00:00', '16:30:00', 'training', 'Cmentarz otrzymać artykuł zupa.'), (191, '2024-07-20', '15:00:00', '16:15:00', 'business trip', 'Piasek chociaż sprawa naj- szereg.'), (191, '2025-01-01', '13:30:00', '19:15:00', 'business trip', 'Opieka brzuch morze święto umożliwiać powierzchnia.'), (192, '2024-12-31', '12:00:00', '19:15:00', 'training', 'Wybuch górski pojazd Warszawa nieprzyjemny uciec.'), (192, '2025-04-26', '12:00:00', '12:15:00', 'business trip', 'Umieszczać Dania blady młody sok.'), (192, '2025-02-01', '12:00:00', '18:45:00', 'business trip', 'Wyjść zdolny grupa diabeł.'), (192, '2025-02-11', '14:45:00', '17:15:00', 'sick leave', 'Ciepło Włochy obywatelka słaby rejon fotografia.'), (192, '2025-04-03', '07:30:00', '16:00:00', 'unpaid leave', 'Konstrukcja prąd finansowy.'), (193, '2024-08-28', '09:15:00', '17:30:00', 'sick leave', 'Maj smutny budować złoto patrzeć.'), (193, '2025-05-28', '07:30:00', '08:15:00', 'training', 'List błąd tańczyć.'), (193, '2024-06-15', '09:45:00', '13:30:00', 'business trip', 'Lipiec metalowy nazywać.'), (193, '2025-03-24', '08:45:00', '12:30:00', 'business trip', 'Ciemność przyszły seksualny średni.'), (193, '2024-06-16', '14:00:00', '18:15:00', 'business trip', 'Mieszkanie wniosek ciepło bogaty latać.'), (194, '2024-09-10', '16:45:00', '17:00:00', 'business trip', 'Pieniądz przeznaczyć herbata.'), (194, '2025-03-22', '17:15:00', '19:00:00', 'sick leave', 'Hodować chłop wynosić.'), (194, '2025-01-05', '14:30:00', '14:45:00', 'unpaid leave', 'Zeszły równy znowu wyglądać.'), (194, '2024-09-04', '13:00:00', '18:15:00', 'sick leave', 'Właśnie wóz właśnie gwiazdozbiór sprzedawać głupi.'), (194, '2025-01-17', '16:30:00', '19:30:00', 'unpaid leave', 'Majątek położenie północ ludność.'), (195, '2024-09-03', '08:00:00', '16:45:00', 'business trip', 'Na Przykład autobus gałąź służyć szybko.'), (195, '2025-02-19', '16:00:00', '19:15:00', 'sick leave', 'Widoczny czynić uznawać w wyniku sukienka Turcja.'), (195, '2025-03-09', '09:30:00', '16:00:00', 'training', 'Ruch tor wybuch literatura zgromadzenie Austria.'), (195, '2024-12-10', '14:00:00', '17:15:00', 'sick leave', 'Nieszczęście zniszczyć koncert przynosić w formie.'), (195, '2024-09-10', '14:15:00', '14:30:00', 'business trip', 'Uderzyć stopa mieć.'), (196, '2025-04-21', '09:30:00', '17:15:00', 'training', 'Dziś 80 córka sześć straszny ale.'), (196, '2024-06-30', '08:15:00', '19:15:00', 'unpaid leave', 'Koło sam przyszły.'), (196, '2024-10-07', '13:45:00', '14:00:00', 'training', 'W Końcu dar wydawać się.'), (196, '2025-05-14', '10:30:00', '15:30:00', 'training', 'Pióro większy klasa.'), (196, '2025-02-14', '13:45:00', '14:00:00', 'business trip', 'Całość zabawka piosenka.'), (197, '2025-04-30', '18:15:00', '19:00:00', 'training', 'Telewizyjny dyskusja wycieczka wyglądać widzieć.'), (197, '2025-05-28', '09:15:00', '14:45:00', 'sick leave', 'Główny wysoki pochodzenie we okrągły.'), (197, '2025-03-16', '07:45:00', '19:30:00', 'unpaid leave', 'Sport zeszły przeciwny.'), (197, '2025-03-16', '14:00:00', '17:15:00', 'unpaid leave', 'Układ analiza podstawowy.'), (197, '2025-05-12', '14:45:00', '16:15:00', 'sick leave', 'Sala grecki wyrażać niedźwiedź.'), (198, '2024-11-03', '16:15:00', '16:30:00', 'business trip', 'Wakacje dodatkowy posługiwać się wzgórze zamknąć zobaczyć.'), (198, '2025-01-21', '14:45:00', '15:00:00', 'unpaid leave', 'Wcześnie metal osiemdziesiąt szkło 900.'), (198, '2024-12-31', '07:15:00', '15:30:00', 'sick leave', 'Drogi zamiar obserwować.'), (198, '2025-02-25', '17:45:00', '18:00:00', 'business trip', 'Wszyscy wyrażać sam trzydziesty wyrób sierpień.'), (198, '2025-04-19', '07:15:00', '16:30:00', 'unpaid leave', 'Międzynarodowy dzień lekki relacja 6.'), (199, '2024-09-01', '11:15:00', '16:30:00', 'sick leave', 'Pogoda czerwony danie pieśń psychiczny znać.'), (199, '2024-07-29', '08:15:00', '13:45:00', 'sick leave', 'Przyjaciel narodowy kawałek.'), (199, '2025-05-30', '13:45:00', '14:00:00', 'training', 'Pasek oko powietrze właśnie.'), (199, '2025-03-17', '08:45:00', '11:30:00', 'sick leave', 'Położenie dół mówić.'), (199, '2025-05-16', '12:15:00', '18:45:00', 'business trip', 'Szczególnie smutny słoń mieszkanka.'), (200, '2024-08-09', '07:00:00', '11:00:00', 'training', 'Liczny jeden dalej narodowość ryba.'), (200, '2024-06-14', '18:45:00', '19:00:00', 'business trip', 'Składnik włosy fizyczny prostytutka coś.'), (200, '2025-04-09', '13:00:00', '18:45:00', 'business trip', 'Wybór dzięki następować.'), (200, '2024-09-04', '09:30:00', '18:00:00', 'sick leave', '100 późno przemysł stół połowa.'), (200, '2025-03-08', '11:15:00', '14:30:00', 'business trip', 'Owca liść narodowość sposób.');

INSERT INTO vacations (id, employee_id, start_date, end_date, type, status, approved_by, created_at) VALUES
                                                                                                         (1, 1, '2025-03-14', '2025-03-23', 'unpaid', 'canceled', 191, '2025-02-18T15:02:33'), (2, 1, '2023-09-25', '2023-10-04', 'parental', 'approved', 191, '2023-08-27T16:33:02'), (3, 2, '2024-06-05', '2024-06-15', 'paid', 'requested', 111, '2024-05-12T10:26:47'), (4, 2, '2024-04-09', '2024-04-23', 'parental', 'approved', 111, '2024-03-26T04:31:07'), (5, 3, '2025-02-21', '2025-02-26', 'unpaid', 'rejected', 135, '2025-02-08T02:53:40'), (6, 3, '2023-06-28', '2023-07-06', 'parental', 'requested', 135, '2023-06-25T19:58:25'), (7, 4, '2024-02-29', '2024-03-05', 'parental', 'requested', 165, '2024-02-25T11:20:00'), (8, 4, '2023-08-11', '2023-08-19', 'sick', 'requested', 165, '2023-07-21T10:15:18'), (9, 5, '2025-04-17', '2025-04-24', 'paid', 'rejected', 154, '2025-04-09T12:22:39'), (10, 5, '2024-07-02', '2024-07-15', 'parental', 'canceled', 154, '2024-06-21T23:16:54'), (11, 6, '2025-07-02', '2025-07-16', 'paid', 'canceled', 193, '2025-06-23T11:18:36'), (12, 6, '2024-04-14', '2024-04-24', 'sick', 'rejected', 193, '2024-03-27T12:18:07'), (13, 7, '2024-07-27', '2024-08-01', 'paid', 'requested', 182, '2024-07-21T07:15:39'), (14, 7, '2024-11-27', '2024-12-02', 'sick', 'canceled', 182, '2024-11-23T19:19:23'), (15, 8, '2023-07-02', '2023-07-08', 'parental', 'rejected', 130, '2023-06-02T18:43:58'), (16, 8, '2023-11-18', '2023-12-02', 'paid', 'canceled', 130, '2023-11-15T16:35:47'), (17, 9, '2024-09-13', '2024-09-22', 'sick', 'rejected', 70, '2024-08-26T10:52:33'), (18, 9, '2025-06-12', '2025-06-20', 'parental', 'canceled', 70, '2025-06-08T06:04:35'), (19, 10, '2024-12-19', '2024-12-29', 'parental', 'approved', 175, '2024-12-03T10:46:33'), (20, 10, '2023-07-31', '2023-08-05', 'paid', 'approved', 175, '2023-07-30T14:44:56'), (21, 11, '2024-03-24', '2024-03-29', 'parental', 'approved', 20, '2024-02-23T23:57:10'), (22, 11, '2023-10-21', '2023-10-30', 'parental', 'rejected', 20, '2023-09-21T10:38:12'), (23, 12, '2025-01-03', '2025-01-11', 'sick', 'approved', 165, '2024-12-10T18:40:21'), (24, 12, '2025-06-14', '2025-06-22', 'sick', 'rejected', 165, '2025-06-13T20:57:59'), (25, 13, '2023-07-07', '2023-07-12', 'parental', 'canceled', 4, '2023-06-20T02:34:04'), (26, 13, '2023-12-08', '2023-12-13', 'parental', 'canceled', 4, '2023-12-06T14:36:09'), (27, 14, '2025-04-14', '2025-04-24', 'paid', 'rejected', 104, '2025-04-04T08:04:50'), (28, 14, '2024-10-05', '2024-10-17', 'unpaid', 'rejected', 104, '2024-09-10T14:44:02'), (29, 15, '2023-07-15', '2023-07-27', 'sick', 'requested', 101, '2023-06-19T21:32:45'), (30, 15, '2024-08-19', '2024-08-24', 'paid', 'canceled', 101, '2024-08-14T08:50:14'), (31, 16, '2025-01-05', '2025-01-17', 'parental', 'requested', 151, '2024-12-26T05:52:51'), (32, 16, '2024-10-24', '2024-11-05', 'sick', 'canceled', 151, '2024-10-05T04:11:14'), (33, 17, '2024-06-04', '2024-06-09', 'parental', 'canceled', 105, '2024-05-30T23:59:23'), (34, 17, '2025-01-17', '2025-01-23', 'sick', 'approved', 105, '2025-01-03T19:28:17'), (35, 18, '2024-12-28', '2025-01-03', 'parental', 'rejected', 142, '2024-12-13T06:45:00'), (36, 18, '2024-01-15', '2024-01-24', 'paid', 'requested', 142, '2024-01-13T00:35:45'), (37, 19, '2023-12-26', '2024-01-04', 'sick', 'canceled', 133, '2023-12-17T05:15:48'), (38, 19, '2023-06-18', '2023-06-29', 'unpaid', 'canceled', 133, '2023-06-14T20:10:56'), (39, 20, '2024-01-13', '2024-01-27', 'unpaid', 'rejected', 16, '2023-12-25T13:11:54'), (40, 20, '2025-01-07', '2025-01-17', 'sick', 'canceled', 16, '2025-01-02T04:39:41'), (41, 21, '2023-12-06', '2023-12-16', 'paid', 'approved', 195, '2023-11-25T09:03:33'), (42, 21, '2025-02-22', '2025-03-08', 'paid', 'requested', 195, '2025-02-01T03:58:26'), (43, 22, '2024-10-13', '2024-10-22', 'unpaid', 'requested', 180, '2024-10-11T01:33:58'), (44, 22, '2024-08-29', '2024-09-11', 'sick', 'approved', 180, '2024-08-08T00:16:01'), (45, 23, '2024-06-06', '2024-06-20', 'paid', 'requested', 111, '2024-05-19T08:06:26'), (46, 23, '2024-01-30', '2024-02-09', 'paid', 'requested', 111, '2024-01-29T13:53:17'), (47, 24, '2023-12-28', '2024-01-08', 'parental', 'rejected', 116, '2023-12-08T17:53:58'), (48, 24, '2024-11-23', '2024-12-05', 'paid', 'requested', 116, '2024-11-15T15:10:32'), (49, 25, '2025-03-23', '2025-03-30', 'unpaid', 'rejected', 67, '2025-02-22T13:05:56'), (50, 25, '2024-02-29', '2024-03-12', 'unpaid', 'requested', 67, '2024-02-08T13:46:55'), (51, 26, '2023-06-21', '2023-07-01', 'sick', 'requested', 79, '2023-05-23T11:15:30'), (52, 26, '2024-02-17', '2024-02-26', 'paid', 'approved', 79, '2024-02-09T11:40:37'), (53, 27, '2024-09-16', '2024-09-28', 'unpaid', 'canceled', 56, '2024-09-14T07:00:20'), (54, 27, '2024-07-27', '2024-08-09', 'paid', 'rejected', 56, '2024-06-29T23:48:28'), (55, 28, '2023-11-05', '2023-11-19', 'unpaid', 'rejected', 119, '2023-11-02T14:24:54'), (56, 28, '2024-08-28', '2024-09-07', 'paid', 'requested', 119, '2024-08-13T20:51:52'), (57, 29, '2025-02-25', '2025-03-03', 'parental', 'canceled', 186, '2025-02-19T04:10:41'), (58, 29, '2023-12-19', '2023-12-28', 'sick', 'rejected', 186, '2023-12-09T01:53:20'), (59, 30, '2023-07-22', '2023-07-28', 'parental', 'rejected', 179, '2023-06-24T20:17:17'), (60, 30, '2025-04-12', '2025-04-26', 'parental', 'requested', 179, '2025-04-06T17:00:31'), (61, 31, '2024-05-01', '2024-05-09', 'parental', 'rejected', 146, '2024-04-04T19:44:07'), (62, 31, '2024-09-22', '2024-10-04', 'paid', 'canceled', 146, '2024-08-28T10:37:37'), (63, 32, '2023-09-16', '2023-09-21', 'paid', 'rejected', 90, '2023-09-13T13:02:08'), (64, 32, '2025-04-11', '2025-04-22', 'paid', 'canceled', 90, '2025-03-15T15:39:40'), (65, 33, '2024-02-10', '2024-02-18', 'paid', 'approved', 83, '2024-01-20T07:40:05'), (66, 33, '2024-09-07', '2024-09-14', 'sick', 'approved', 83, '2024-08-24T13:13:56'), (67, 34, '2024-01-26', '2024-02-01', 'parental', 'canceled', 178, '2024-01-18T23:44:43'), (68, 34, '2024-02-26', '2024-03-06', 'paid', 'canceled', 178, '2024-02-18T13:01:14'), (69, 35, '2024-02-29', '2024-03-14', 'unpaid', 'canceled', 61, '2024-02-12T21:56:06'), (70, 35, '2024-12-31', '2025-01-07', 'parental', 'canceled', 61, '2024-12-30T08:37:55'), (71, 36, '2025-05-07', '2025-05-17', 'parental', 'canceled', 133, '2025-04-20T12:25:03'), (72, 36, '2024-08-13', '2024-08-18', 'sick', 'requested', 133, '2024-08-05T10:44:32'), (73, 37, '2024-12-04', '2024-12-17', 'paid', 'rejected', 124, '2024-11-14T16:12:26'), (74, 37, '2024-07-01', '2024-07-14', 'unpaid', 'rejected', 124, '2024-06-10T01:58:56'), (75, 38, '2024-10-28', '2024-11-08', 'sick', 'approved', 178, '2024-10-16T12:22:25'), (76, 38, '2025-02-10', '2025-02-18', 'unpaid', 'approved', 178, '2025-01-19T07:35:17'), (77, 39, '2024-04-04', '2024-04-10', 'paid', 'approved', 81, '2024-04-01T11:14:21'), (78, 39, '2025-03-13', '2025-03-26', 'paid', 'requested', 81, '2025-03-09T03:00:52'), (79, 40, '2024-05-03', '2024-05-11', 'unpaid', 'rejected', 109, '2024-04-15T21:06:20'), (80, 40, '2024-02-10', '2024-02-21', 'parental', 'canceled', 109, '2024-01-17T18:51:11'), (81, 41, '2024-12-16', '2024-12-24', 'unpaid', 'rejected', 187, '2024-11-23T18:32:15'), (82, 41, '2024-06-19', '2024-06-30', 'parental', 'canceled', 187, '2024-06-13T04:36:24'), (83, 42, '2024-10-08', '2024-10-22', 'sick', 'requested', 167, '2024-09-19T23:45:59'), (84, 42, '2024-09-03', '2024-09-08', 'paid', 'rejected', 167, '2024-08-22T22:40:01'), (85, 43, '2024-05-10', '2024-05-18', 'parental', 'approved', 90, '2024-05-02T16:37:24'), (86, 43, '2023-11-20', '2023-11-28', 'unpaid', 'rejected', 90, '2023-10-31T01:21:29'), (87, 44, '2024-12-18', '2024-12-28', 'unpaid', 'canceled', 139, '2024-11-26T04:08:31'), (88, 44, '2023-08-23', '2023-08-30', 'paid', 'rejected', 139, '2023-07-24T16:42:37'), (89, 45, '2024-08-18', '2024-09-01', 'paid', 'approved', 56, '2024-07-25T13:08:03'), (90, 45, '2024-04-07', '2024-04-17', 'sick', 'rejected', 56, '2024-03-14T09:49:02'), (91, 46, '2024-02-02', '2024-02-09', 'paid', 'rejected', 106, '2024-01-23T09:33:39'), (92, 46, '2024-04-07', '2024-04-19', 'parental', 'canceled', 106, '2024-03-28T21:37:58'), (93, 47, '2023-06-25', '2023-07-05', 'sick', 'rejected', 57, '2023-06-20T15:55:07'), (94, 47, '2025-03-26', '2025-04-01', 'unpaid', 'approved', 57, '2025-03-15T01:28:03'), (95, 48, '2024-09-15', '2024-09-26', 'paid', 'rejected', 145, '2024-08-16T09:08:42'), (96, 48, '2024-05-03', '2024-05-11', 'sick', 'rejected', 145, '2024-04-16T06:20:50'), (97, 49, '2024-07-21', '2024-07-31', 'paid', 'requested', 70, '2024-06-23T04:35:49'), (98, 49, '2024-04-12', '2024-04-23', 'unpaid', 'requested', 70, '2024-04-08T01:22:35'), (99, 50, '2023-08-29', '2023-09-04', 'parental', 'requested', 26, '2023-08-04T18:17:04'), (100, 50, '2025-06-03', '2025-06-13', 'paid', 'requested', 26, '2025-05-10T00:09:14'), (101, 51, '2024-04-24', '2024-05-03', 'unpaid', 'canceled', 72, '2024-04-18T23:54:47'), (102, 51, '2024-10-18', '2024-10-26', 'unpaid', 'requested', 72, '2024-10-10T23:55:42'), (103, 52, '2025-01-19', '2025-01-24', 'parental', 'approved', 23, '2025-01-17T11:30:33'), (104, 52, '2025-01-04', '2025-01-11', 'paid', 'approved', 23, '2024-12-10T19:10:51'), (105, 53, '2024-05-29', '2024-06-07', 'unpaid', 'requested', 125, '2024-05-05T17:51:05'), (106, 53, '2024-01-19', '2024-01-27', 'paid', 'approved', 125, '2024-01-15T02:18:16'), (107, 54, '2024-05-08', '2024-05-20', 'paid', 'rejected', 18, '2024-04-13T10:48:13'), (108, 54, '2024-05-24', '2024-05-31', 'sick', 'approved', 18, '2024-05-23T05:16:55'), (109, 55, '2025-06-11', '2025-06-16', 'sick', 'approved', 4, '2025-05-13T16:07:39'), (110, 55, '2025-05-26', '2025-05-31', 'paid', 'rejected', 4, '2025-05-05T01:03:39'), (111, 56, '2024-10-11', '2024-10-23', 'parental', 'approved', 95, '2024-10-05T03:24:18'), (112, 56, '2023-12-14', '2023-12-25', 'paid', 'approved', 95, '2023-12-01T23:52:04'), (113, 57, '2024-05-04', '2024-05-13', 'sick', 'canceled', 188, '2024-04-11T05:28:08'), (114, 57, '2024-01-24', '2024-02-05', 'parental', 'requested', 188, '2023-12-31T18:41:14'), (115, 58, '2025-02-06', '2025-02-18', 'unpaid', 'canceled', 150, '2025-02-01T02:20:36'), (116, 58, '2025-05-21', '2025-05-28', 'sick', 'requested', 150, '2025-05-16T22:20:57'), (117, 59, '2024-01-15', '2024-01-27', 'paid', 'rejected', 144, '2023-12-28T20:33:00'), (118, 59, '2025-05-24', '2025-06-04', 'sick', 'canceled', 144, '2025-05-19T21:02:54'), (119, 60, '2024-06-09', '2024-06-16', 'unpaid', 'rejected', 97, '2024-05-17T13:46:13'), (120, 60, '2024-06-16', '2024-06-28', 'parental', 'rejected', 97, '2024-05-23T03:35:30'), (121, 61, '2023-11-21', '2023-12-05', 'paid', 'rejected', 74, '2023-10-28T06:29:39'), (122, 61, '2024-08-31', '2024-09-05', 'paid', 'approved', 74, '2024-08-12T11:07:02'), (123, 62, '2024-05-24', '2024-06-05', 'unpaid', 'requested', 40, '2024-05-04T00:27:28'), (124, 62, '2023-12-17', '2023-12-26', 'paid', 'approved', 40, '2023-11-29T12:46:59'), (125, 63, '2023-06-29', '2023-07-04', 'parental', 'approved', 31, '2023-06-27T14:38:53'), (126, 63, '2024-09-16', '2024-09-30', 'paid', 'rejected', 31, '2024-08-20T23:51:29'), (127, 64, '2024-09-05', '2024-09-18', 'unpaid', 'requested', 90, '2024-08-08T16:53:55'), (128, 64, '2023-09-07', '2023-09-14', 'sick', 'canceled', 90, '2023-08-17T19:05:18'), (129, 65, '2025-02-15', '2025-02-28', 'sick', 'requested', 166, '2025-02-08T02:03:47'), (130, 65, '2023-12-01', '2023-12-06', 'sick', 'approved', 166, '2023-11-12T14:46:53'), (131, 66, '2023-12-15', '2023-12-23', 'paid', 'canceled', 164, '2023-12-08T03:24:07'), (132, 66, '2023-11-29', '2023-12-08', 'unpaid', 'approved', 164, '2023-11-05T08:42:14'), (133, 67, '2024-10-17', '2024-10-24', 'paid', 'canceled', 69, '2024-10-11T22:28:13'), (134, 67, '2023-06-08', '2023-06-16', 'sick', 'canceled', 69, '2023-06-07T17:57:45'), (135, 68, '2024-10-31', '2024-11-05', 'parental', 'requested', 156, '2024-10-13T14:33:36'), (136, 68, '2024-12-11', '2024-12-17', 'parental', 'approved', 156, '2024-12-03T05:29:01'), (137, 69, '2024-12-04', '2024-12-10', 'paid', 'requested', 138, '2024-11-25T17:05:52'), (138, 69, '2024-06-30', '2024-07-06', 'parental', 'approved', 138, '2024-06-26T15:30:23'), (139, 70, '2024-07-16', '2024-07-21', 'unpaid', 'approved', 94, '2024-06-18T20:28:35'), (140, 70, '2023-06-10', '2023-06-24', 'parental', 'rejected', 94, '2023-05-15T01:39:37'), (141, 71, '2024-06-15', '2024-06-28', 'paid', 'requested', 66, '2024-05-19T06:16:04'), (142, 71, '2023-09-15', '2023-09-28', 'paid', 'canceled', 66, '2023-09-05T21:22:23'), (143, 72, '2025-01-16', '2025-01-21', 'paid', 'requested', 99, '2024-12-18T15:36:21'), (144, 72, '2024-12-08', '2024-12-20', 'unpaid', 'canceled', 99, '2024-11-23T22:50:01'), (145, 73, '2025-04-15', '2025-04-22', 'unpaid', 'canceled', 62, '2025-04-12T06:40:38'), (146, 73, '2024-11-05', '2024-11-11', 'parental', 'approved', 62, '2024-10-15T21:58:23'), (147, 74, '2023-06-22', '2023-07-05', 'sick', 'canceled', 155, '2023-05-25T23:13:54'), (148, 74, '2024-03-26', '2024-04-01', 'sick', 'canceled', 155, '2024-03-20T12:38:48'), (149, 75, '2025-05-30', '2025-06-06', 'sick', 'approved', 43, '2025-05-24T12:30:49'), (150, 75, '2024-07-03', '2024-07-15', 'paid', 'canceled', 43, '2024-06-20T09:09:34'), (151, 76, '2024-02-25', '2024-03-08', 'paid', 'requested', 42, '2024-01-26T10:51:46'), (152, 76, '2024-06-01', '2024-06-09', 'unpaid', 'canceled', 42, '2024-05-29T01:45:43'), (153, 77, '2023-07-21', '2023-08-02', 'sick', 'requested', 85, '2023-06-28T10:08:16'), (154, 77, '2023-07-03', '2023-07-10', 'unpaid', 'requested', 85, '2023-06-30T10:30:16'), (155, 78, '2024-09-11', '2024-09-22', 'sick', 'rejected', 147, '2024-08-26T05:02:02'), (156, 78, '2025-07-05', '2025-07-15', 'paid', 'requested', 147, '2025-06-12T15:06:10'), (157, 79, '2025-06-11', '2025-06-17', 'sick', 'requested', 16, '2025-05-29T19:02:21'), (158, 79, '2023-09-25', '2023-10-07', 'sick', 'approved', 16, '2023-09-09T11:56:44'), (159, 80, '2024-09-25', '2024-09-30', 'sick', 'approved', 138, '2024-09-06T19:29:36'), (160, 80, '2024-03-30', '2024-04-12', 'sick', 'canceled', 138, '2024-03-02T20:14:17'), (161, 81, '2025-06-17', '2025-06-30', 'unpaid', 'canceled', 171, '2025-05-24T15:23:01'), (162, 81, '2023-09-11', '2023-09-17', 'unpaid', 'requested', 171, '2023-08-28T06:56:39'), (163, 82, '2023-11-13', '2023-11-21', 'paid', 'rejected', 20, '2023-10-20T01:49:55'), (164, 82, '2024-10-12', '2024-10-25', 'sick', 'requested', 20, '2024-09-28T18:09:59'), (165, 83, '2025-03-02', '2025-03-11', 'unpaid', 'approved', 169, '2025-02-17T20:29:15'), (166, 83, '2024-11-01', '2024-11-07', 'parental', 'rejected', 169, '2024-10-15T02:37:34'), (167, 84, '2024-01-19', '2024-01-30', 'paid', 'canceled', 126, '2023-12-25T21:29:28'), (168, 84, '2024-04-21', '2024-05-01', 'parental', 'approved', 126, '2024-04-03T21:56:09'), (169, 85, '2025-02-14', '2025-02-28', 'paid', 'requested', 123, '2025-02-01T04:05:48'), (170, 85, '2023-06-15', '2023-06-25', 'parental', 'canceled', 123, '2023-05-23T04:51:01'), (171, 86, '2023-09-12', '2023-09-21', 'paid', 'approved', 123, '2023-08-26T09:26:49'), (172, 86, '2024-06-06', '2024-06-13', 'sick', 'approved', 123, '2024-05-19T21:18:18'), (173, 87, '2023-10-30', '2023-11-05', 'unpaid', 'canceled', 48, '2023-10-07T13:32:09'), (174, 87, '2024-12-29', '2025-01-05', 'sick', 'rejected', 48, '2024-12-20T09:43:52'), (175, 88, '2023-06-08', '2023-06-17', 'paid', 'requested', 149, '2023-06-04T11:56:32'), (176, 88, '2025-06-09', '2025-06-17', 'unpaid', 'rejected', 149, '2025-05-16T12:50:39'), (177, 89, '2025-03-09', '2025-03-15', 'paid', 'rejected', 82, '2025-03-04T13:24:36'), (178, 89, '2023-07-13', '2023-07-24', 'paid', 'canceled', 82, '2023-07-04T18:36:39'), (179, 90, '2024-05-17', '2024-05-30', 'parental', 'approved', 154, '2024-04-23T20:39:51'), (180, 90, '2023-06-09', '2023-06-23', 'sick', 'canceled', 154, '2023-05-15T03:28:41'), (181, 91, '2024-04-09', '2024-04-15', 'parental', 'requested', 140, '2024-03-24T07:36:55'), (182, 91, '2024-06-27', '2024-07-02', 'sick', 'requested', 140, '2024-06-07T18:49:43'), (183, 92, '2023-10-30', '2023-11-04', 'unpaid', 'requested', 135, '2023-10-03T20:00:31'), (184, 92, '2023-07-09', '2023-07-20', 'sick', 'canceled', 135, '2023-06-30T08:39:42'), (185, 93, '2023-08-18', '2023-08-25', 'sick', 'rejected', 196, '2023-08-03T21:29:10'), (186, 93, '2024-12-10', '2024-12-16', 'paid', 'canceled', 196, '2024-11-19T06:06:54'), (187, 94, '2025-06-04', '2025-06-09', 'parental', 'approved', 145, '2025-05-19T05:08:59'), (188, 94, '2025-04-01', '2025-04-14', 'paid', 'requested', 145, '2025-03-30T08:37:30'), (189, 95, '2023-06-22', '2023-07-05', 'paid', 'canceled', 29, '2023-05-29T03:14:04'), (190, 95, '2023-06-27', '2023-07-05', 'unpaid', 'rejected', 29, '2023-06-16T19:54:41'), (191, 96, '2023-08-13', '2023-08-23', 'sick', 'approved', 178, '2023-07-22T00:25:10'), (192, 96, '2023-09-30', '2023-10-08', 'unpaid', 'approved', 178, '2023-09-29T10:24:44'), (193, 97, '2024-06-16', '2024-06-27', 'paid', 'rejected', 139, '2024-05-23T00:00:22'), (194, 97, '2025-03-11', '2025-03-22', 'paid', 'rejected', 139, '2025-02-10T11:42:10'), (195, 98, '2023-07-16', '2023-07-24', 'paid', 'canceled', 173, '2023-07-12T04:46:25'), (196, 98, '2024-10-21', '2024-10-29', 'sick', 'canceled', 173, '2024-10-01T02:14:26'), (197, 99, '2024-09-15', '2024-09-24', 'sick', 'canceled', 51, '2024-09-04T22:33:20'), (198, 99, '2025-04-08', '2025-04-20', 'paid', 'canceled', 51, '2025-03-30T09:46:59'), (199, 100, '2025-05-16', '2025-05-24', 'unpaid', 'approved', 81, '2025-04-19T02:32:43'), (200, 100, '2023-06-09', '2023-06-14', 'unpaid', 'requested', 81, '2023-05-28T23:21:54'), (201, 101, '2023-07-10', '2023-07-23', 'unpaid', 'canceled', 82, '2023-06-13T06:44:06'), (202, 101, '2024-05-04', '2024-05-10', 'paid', 'requested', 82, '2024-04-24T07:31:17'), (203, 102, '2023-11-14', '2023-11-26', 'paid', 'approved', 95, '2023-10-25T04:22:26'), (204, 102, '2023-06-13', '2023-06-18', 'sick', 'approved', 95, '2023-05-15T17:01:26'), (205, 103, '2025-04-06', '2025-04-14', 'unpaid', 'approved', 8, '2025-03-27T20:11:39'), (206, 103, '2025-06-01', '2025-06-10', 'paid', 'approved', 8, '2025-05-26T18:55:31'), (207, 104, '2023-11-14', '2023-11-27', 'paid', 'rejected', 44, '2023-10-16T11:50:52'), (208, 104, '2023-11-21', '2023-11-28', 'sick', 'rejected', 44, '2023-10-27T10:12:33'), (209, 105, '2024-03-13', '2024-03-23', 'unpaid', 'rejected', 149, '2024-02-17T20:02:37'), (210, 105, '2023-08-30', '2023-09-07', 'parental', 'rejected', 149, '2023-08-15T09:55:02'), (211, 106, '2023-09-07', '2023-09-13', 'paid', 'approved', 196, '2023-09-05T19:26:42'), (212, 106, '2024-05-05', '2024-05-18', 'sick', 'approved', 196, '2024-04-24T12:56:13'), (213, 107, '2024-06-21', '2024-06-28', 'parental', 'requested', 10, '2024-06-19T14:45:22'), (214, 107, '2023-11-13', '2023-11-26', 'unpaid', 'rejected', 10, '2023-11-12T02:21:12'), (215, 108, '2023-12-10', '2023-12-24', 'parental', 'requested', 69, '2023-11-22T17:24:31'), (216, 108, '2024-05-15', '2024-05-25', 'parental', 'rejected', 69, '2024-04-15T20:32:24'), (217, 109, '2024-08-08', '2024-08-18', 'paid', 'canceled', 135, '2024-07-27T22:39:48'), (218, 109, '2024-10-30', '2024-11-08', 'paid', 'canceled', 135, '2024-10-24T10:16:32'), (219, 110, '2025-01-22', '2025-02-01', 'sick', 'approved', 177, '2025-01-14T19:26:55'), (220, 110, '2024-08-14', '2024-08-25', 'unpaid', 'requested', 177, '2024-07-21T07:44:13'), (221, 111, '2024-02-01', '2024-02-09', 'unpaid', 'rejected', 192, '2024-01-18T13:16:36'), (222, 111, '2024-05-10', '2024-05-17', 'paid', 'canceled', 192, '2024-05-09T11:58:25'), (223, 112, '2024-05-24', '2024-06-07', 'unpaid', 'requested', 128, '2024-05-10T11:40:35'), (224, 112, '2023-10-07', '2023-10-16', 'parental', 'canceled', 128, '2023-09-25T18:38:49'), (225, 113, '2023-08-27', '2023-09-01', 'paid', 'rejected', 12, '2023-07-31T01:31:01'), (226, 113, '2023-10-08', '2023-10-13', 'parental', 'canceled', 12, '2023-10-07T09:49:22'), (227, 114, '2024-01-20', '2024-01-27', 'sick', 'approved', 82, '2024-01-10T03:00:27'), (228, 114, '2024-12-27', '2025-01-02', 'unpaid', 'rejected', 82, '2024-12-01T09:30:25'), (229, 115, '2024-10-15', '2024-10-28', 'sick', 'canceled', 128, '2024-10-01T00:33:28'), (230, 115, '2023-12-05', '2023-12-15', 'parental', 'rejected', 128, '2023-11-23T17:34:31'), (231, 116, '2025-01-18', '2025-01-31', 'paid', 'requested', 87, '2025-01-03T08:43:52'), (232, 116, '2025-06-27', '2025-07-08', 'unpaid', 'rejected', 87, '2025-06-04T08:34:44'), (233, 117, '2024-04-20', '2024-05-01', 'parental', 'requested', 143, '2024-03-29T18:03:33'), (234, 117, '2025-05-02', '2025-05-14', 'sick', 'requested', 143, '2025-04-18T01:56:45'), (235, 118, '2024-02-22', '2024-03-05', 'parental', 'rejected', 104, '2024-01-26T06:50:06'), (236, 118, '2025-03-23', '2025-04-02', 'paid', 'canceled', 104, '2025-03-07T22:31:34'), (237, 119, '2024-09-30', '2024-10-05', 'parental', 'canceled', 155, '2024-09-09T10:50:34'), (238, 119, '2024-01-20', '2024-02-01', 'unpaid', 'requested', 155, '2024-01-05T16:07:54'), (239, 120, '2025-01-03', '2025-01-14', 'parental', 'canceled', 91, '2024-12-14T08:34:56'), (240, 120, '2024-12-13', '2024-12-23', 'paid', 'rejected', 91, '2024-11-24T06:44:51'), (241, 121, '2024-08-23', '2024-09-04', 'sick', 'canceled', 106, '2024-08-16T00:09:29'), (242, 121, '2024-12-01', '2024-12-08', 'sick', 'rejected', 106, '2024-11-12T02:06:54'), (243, 122, '2024-11-20', '2024-11-30', 'sick', 'approved', 152, '2024-11-01T09:37:15'), (244, 122, '2023-07-30', '2023-08-07', 'unpaid', 'approved', 152, '2023-07-16T10:22:21'), (245, 123, '2025-04-17', '2025-04-28', 'parental', 'rejected', 131, '2025-03-30T20:26:55'), (246, 123, '2023-09-11', '2023-09-18', 'parental', 'rejected', 131, '2023-08-25T13:15:24'), (247, 124, '2024-09-01', '2024-09-13', 'paid', 'approved', 113, '2024-08-19T02:07:57'), (248, 124, '2023-10-23', '2023-10-29', 'unpaid', 'canceled', 113, '2023-09-29T18:02:51'), (249, 125, '2025-01-31', '2025-02-09', 'paid', 'canceled', 181, '2025-01-02T19:27:39'), (250, 125, '2024-03-26', '2024-04-04', 'sick', 'rejected', 181, '2024-03-07T11:45:33'), (251, 126, '2025-02-05', '2025-02-17', 'sick', 'approved', 64, '2025-01-13T13:17:40'), (252, 126, '2024-01-28', '2024-02-04', 'unpaid', 'rejected', 64, '2024-01-24T04:10:42'), (253, 127, '2024-04-10', '2024-04-17', 'sick', 'canceled', 111, '2024-03-19T03:32:10'), (254, 127, '2024-08-31', '2024-09-11', 'parental', 'rejected', 111, '2024-08-29T21:22:44'), (255, 128, '2024-03-08', '2024-03-14', 'paid', 'approved', 188, '2024-02-29T16:34:53'), (256, 128, '2024-11-24', '2024-11-29', 'sick', 'rejected', 188, '2024-11-02T08:17:48'), (257, 129, '2024-05-09', '2024-05-16', 'sick', 'approved', 8, '2024-04-24T00:17:13'), (258, 129, '2025-05-13', '2025-05-27', 'unpaid', 'rejected', 8, '2025-05-11T09:14:39'), (259, 130, '2023-12-02', '2023-12-11', 'sick', 'rejected', 52, '2023-11-06T09:35:30'), (260, 130, '2023-08-19', '2023-08-27', 'sick', 'requested', 52, '2023-08-17T23:50:58'), (261, 131, '2024-03-12', '2024-03-19', 'paid', 'rejected', 99, '2024-02-11T03:30:55'), (262, 131, '2023-12-24', '2024-01-05', 'unpaid', 'requested', 99, '2023-11-25T16:24:24'), (263, 132, '2024-06-11', '2024-06-24', 'unpaid', 'canceled', 24, '2024-05-26T10:45:05'), (264, 132, '2025-04-02', '2025-04-10', 'paid', 'requested', 24, '2025-03-24T14:02:01'), (265, 133, '2024-12-21', '2025-01-03', 'paid', 'approved', 191, '2024-12-10T06:56:20'), (266, 133, '2025-05-04', '2025-05-12', 'unpaid', 'canceled', 191, '2025-04-17T13:58:13'), (267, 134, '2023-09-03', '2023-09-16', 'paid', 'requested', 123, '2023-08-27T10:10:29'), (268, 134, '2024-06-07', '2024-06-20', 'unpaid', 'canceled', 123, '2024-06-02T15:38:49'), (269, 135, '2024-10-27', '2024-11-07', 'sick', 'requested', 119, '2024-10-16T03:12:26'), (270, 135, '2023-10-10', '2023-10-15', 'parental', 'canceled', 119, '2023-09-22T10:23:35'), (271, 136, '2025-06-06', '2025-06-12', 'paid', 'canceled', 17, '2025-05-21T11:58:56'), (272, 136, '2024-02-03', '2024-02-10', 'unpaid', 'canceled', 17, '2024-01-26T01:10:56'), (273, 137, '2024-07-13', '2024-07-18', 'parental', 'canceled', 117, '2024-06-20T17:16:33'), (274, 137, '2023-07-16', '2023-07-28', 'sick', 'requested', 117, '2023-07-06T05:40:44'), (275, 138, '2023-08-27', '2023-09-07', 'paid', 'canceled', 9, '2023-08-18T02:16:59'), (276, 138, '2024-12-04', '2024-12-14', 'paid', 'canceled', 9, '2024-11-14T03:47:30'), (277, 139, '2024-03-01', '2024-03-10', 'sick', 'canceled', 75, '2024-02-25T09:16:15'), (278, 139, '2024-03-11', '2024-03-19', 'paid', 'canceled', 75, '2024-03-05T16:42:46'), (279, 140, '2024-12-23', '2025-01-03', 'sick', 'approved', 177, '2024-12-11T13:59:43'), (280, 140, '2023-07-05', '2023-07-16', 'sick', 'rejected', 177, '2023-06-19T07:05:32'), (281, 141, '2023-08-15', '2023-08-23', 'sick', 'approved', 8, '2023-07-17T05:15:36'), (282, 141, '2024-09-23', '2024-10-07', 'paid', 'requested', 8, '2024-09-17T00:38:42'), (283, 142, '2023-09-02', '2023-09-11', 'paid', 'approved', 133, '2023-08-06T01:55:30'), (284, 142, '2025-02-13', '2025-02-26', 'paid', 'approved', 133, '2025-01-23T12:24:10'), (285, 143, '2024-10-18', '2024-10-23', 'sick', 'approved', 26, '2024-09-19T17:39:56'), (286, 143, '2024-10-03', '2024-10-13', 'parental', 'rejected', 26, '2024-09-18T16:15:02'), (287, 144, '2024-03-01', '2024-03-12', 'unpaid', 'canceled', 17, '2024-02-24T21:53:08'), (288, 144, '2023-11-07', '2023-11-19', 'unpaid', 'rejected', 17, '2023-10-14T01:28:14'), (289, 145, '2024-06-24', '2024-07-02', 'unpaid', 'requested', 30, '2024-06-23T05:16:48'), (290, 145, '2024-09-25', '2024-10-07', 'parental', 'approved', 30, '2024-09-01T20:51:00'), (291, 146, '2023-12-13', '2023-12-26', 'parental', 'requested', 142, '2023-11-15T10:45:52'), (292, 146, '2024-07-07', '2024-07-20', 'unpaid', 'rejected', 142, '2024-06-21T10:23:58'), (293, 147, '2025-01-30', '2025-02-07', 'unpaid', 'approved', 13, '2025-01-11T12:44:48'), (294, 147, '2024-05-27', '2024-06-06', 'paid', 'requested', 13, '2024-05-11T04:54:42'), (295, 148, '2025-06-08', '2025-06-18', 'unpaid', 'requested', 36, '2025-05-21T01:28:24'), (296, 148, '2024-02-26', '2024-03-09', 'paid', 'approved', 36, '2024-02-20T06:06:44'), (297, 149, '2024-12-26', '2025-01-04', 'parental', 'approved', 190, '2024-11-29T14:38:50'), (298, 149, '2025-01-18', '2025-01-29', 'parental', 'approved', 190, '2025-01-10T09:15:09'), (299, 150, '2024-11-10', '2024-11-16', 'paid', 'canceled', 156, '2024-11-07T04:30:35'), (300, 150, '2024-02-23', '2024-03-02', 'parental', 'approved', 156, '2024-02-03T23:09:21'), (301, 151, '2025-06-21', '2025-06-26', 'paid', 'requested', 45, '2025-06-20T20:22:16'), (302, 151, '2024-10-29', '2024-11-09', 'sick', 'approved', 45, '2024-10-21T05:04:01'), (303, 152, '2023-11-25', '2023-12-02', 'sick', 'canceled', 62, '2023-11-15T03:58:56'), (304, 152, '2025-04-21', '2025-05-05', 'paid', 'canceled', 62, '2025-03-23T05:27:02'), (305, 153, '2025-05-30', '2025-06-08', 'sick', 'rejected', 69, '2025-05-04T15:47:50'), (306, 153, '2025-06-28', '2025-07-07', 'parental', 'requested', 69, '2025-05-31T13:12:58'), (307, 154, '2024-04-14', '2024-04-27', 'unpaid', 'requested', 81, '2024-04-06T00:47:03'), (308, 154, '2025-05-16', '2025-05-24', 'sick', 'approved', 81, '2025-04-23T01:09:12'), (309, 155, '2023-06-26', '2023-07-10', 'sick', 'canceled', 115, '2023-06-24T05:17:18'), (310, 155, '2024-06-07', '2024-06-14', 'parental', 'canceled', 115, '2024-05-20T08:01:46'), (311, 156, '2023-08-24', '2023-09-03', 'parental', 'rejected', 136, '2023-08-17T18:00:40'), (312, 156, '2025-02-28', '2025-03-13', 'unpaid', 'rejected', 136, '2025-02-11T15:06:43'), (313, 157, '2023-06-10', '2023-06-20', 'parental', 'canceled', 108, '2023-05-25T06:02:11'), (314, 157, '2025-05-15', '2025-05-28', 'paid', 'canceled', 108, '2025-04-19T17:34:11'), (315, 158, '2024-11-30', '2024-12-14', 'parental', 'canceled', 113, '2024-11-13T02:00:53'), (316, 158, '2025-04-21', '2025-05-02', 'sick', 'rejected', 113, '2025-03-26T13:23:40'), (317, 159, '2024-12-16', '2024-12-21', 'unpaid', 'rejected', 88, '2024-12-01T23:57:55'), (318, 159, '2024-03-03', '2024-03-13', 'sick', 'rejected', 88, '2024-02-11T15:41:31'), (319, 160, '2023-07-30', '2023-08-04', 'sick', 'requested', 16, '2023-07-08T19:42:29'), (320, 160, '2024-09-06', '2024-09-13', 'unpaid', 'canceled', 16, '2024-08-08T07:48:09'), (321, 161, '2024-12-04', '2024-12-14', 'parental', 'rejected', 200, '2024-11-11T08:14:53'), (322, 161, '2023-07-15', '2023-07-25', 'unpaid', 'requested', 200, '2023-07-04T18:23:54'), (323, 162, '2025-06-14', '2025-06-23', 'unpaid', 'rejected', 32, '2025-06-06T17:56:57'), (324, 162, '2024-05-07', '2024-05-17', 'unpaid', 'requested', 32, '2024-04-10T04:35:58'), (325, 163, '2023-10-08', '2023-10-14', 'unpaid', 'requested', 36, '2023-10-01T14:49:55'), (326, 163, '2025-01-27', '2025-02-05', 'sick', 'canceled', 36, '2025-01-16T05:41:30'), (327, 164, '2024-07-20', '2024-07-31', 'unpaid', 'rejected', 51, '2024-06-21T01:55:56'), (328, 164, '2024-09-16', '2024-09-21', 'unpaid', 'canceled', 51, '2024-09-12T17:10:58'), (329, 165, '2025-02-10', '2025-02-21', 'paid', 'rejected', 108, '2025-01-27T21:11:26'), (330, 165, '2024-10-28', '2024-11-06', 'unpaid', 'requested', 108, '2024-10-09T08:54:43'), (331, 166, '2023-10-13', '2023-10-21', 'paid', 'approved', 30, '2023-09-16T20:02:23'), (332, 166, '2023-11-04', '2023-11-14', 'parental', 'canceled', 30, '2023-10-06T10:27:13'), (333, 167, '2024-05-09', '2024-05-15', 'parental', 'rejected', 60, '2024-04-30T10:20:07'), (334, 167, '2024-07-31', '2024-08-13', 'unpaid', 'rejected', 60, '2024-07-23T01:09:31'), (335, 168, '2024-04-19', '2024-05-03', 'sick', 'requested', 195, '2024-04-01T02:02:06'), (336, 168, '2024-11-04', '2024-11-18', 'parental', 'canceled', 195, '2024-11-01T20:37:28'), (337, 169, '2024-10-17', '2024-10-30', 'parental', 'rejected', 8, '2024-09-24T07:19:40'), (338, 169, '2024-09-04', '2024-09-12', 'sick', 'requested', 8, '2024-08-06T01:50:26'), (339, 170, '2024-07-04', '2024-07-15', 'paid', 'rejected', 21, '2024-06-15T07:09:48'), (340, 170, '2024-08-18', '2024-08-26', 'sick', 'canceled', 21, '2024-08-11T23:00:25'), (341, 171, '2025-02-20', '2025-03-04', 'sick', 'canceled', 32, '2025-02-19T01:27:39'), (342, 171, '2025-05-05', '2025-05-13', 'parental', 'requested', 32, '2025-04-23T11:48:33'), (343, 172, '2025-01-22', '2025-01-30', 'unpaid', 'approved', 14, '2025-01-16T20:10:02'), (344, 172, '2024-06-25', '2024-07-05', 'unpaid', 'rejected', 14, '2024-06-20T15:45:26'), (345, 173, '2023-08-28', '2023-09-04', 'parental', 'requested', 151, '2023-08-14T17:58:14'), (346, 173, '2023-06-30', '2023-07-07', 'parental', 'requested', 151, '2023-06-26T18:50:54'), (347, 174, '2024-10-12', '2024-10-19', 'sick', 'canceled', 5, '2024-09-26T15:56:44'), (348, 174, '2025-03-01', '2025-03-08', 'sick', 'rejected', 5, '2025-02-16T19:09:42'), (349, 175, '2025-01-21', '2025-01-31', 'unpaid', 'requested', 1, '2025-01-18T19:53:44'), (350, 175, '2024-04-14', '2024-04-21', 'unpaid', 'canceled', 1, '2024-03-25T02:03:45'), (351, 176, '2023-12-03', '2023-12-11', 'paid', 'rejected', 166, '2023-11-11T00:51:52'), (352, 176, '2024-11-24', '2024-11-29', 'parental', 'rejected', 166, '2024-11-12T07:20:42'), (353, 177, '2024-10-23', '2024-10-30', 'unpaid', 'approved', 166, '2024-10-13T16:29:32'), (354, 177, '2023-11-24', '2023-12-06', 'unpaid', 'rejected', 166, '2023-10-28T05:40:46'), (355, 178, '2023-06-25', '2023-07-04', 'parental', 'rejected', 151, '2023-06-17T03:52:05'), (356, 178, '2023-08-14', '2023-08-21', 'parental', 'canceled', 151, '2023-07-24T23:27:39'), (357, 179, '2025-05-21', '2025-05-31', 'unpaid', 'approved', 120, '2025-04-25T12:08:39'), (358, 179, '2024-07-01', '2024-07-08', 'unpaid', 'approved', 120, '2024-06-10T08:24:37'), (359, 180, '2024-05-29', '2024-06-10', 'sick', 'approved', 12, '2024-05-13T14:39:58'), (360, 180, '2023-11-16', '2023-11-29', 'sick', 'canceled', 12, '2023-11-10T05:50:11'), (361, 181, '2024-10-20', '2024-10-26', 'unpaid', 'canceled', 188, '2024-09-23T19:31:41'), (362, 181, '2023-10-06', '2023-10-13', 'sick', 'requested', 188, '2023-10-03T06:13:37'), (363, 182, '2023-08-08', '2023-08-21', 'sick', 'approved', 109, '2023-07-18T05:37:04'), (364, 182, '2023-11-07', '2023-11-16', 'parental', 'approved', 109, '2023-10-29T04:29:19'), (365, 183, '2024-10-04', '2024-10-13', 'paid', 'requested', 150, '2024-09-10T19:48:37'), (366, 183, '2023-10-17', '2023-10-23', 'unpaid', 'approved', 150, '2023-10-12T10:14:35'), (367, 184, '2023-06-16', '2023-06-24', 'sick', 'approved', 182, '2023-06-13T01:19:21'), (368, 184, '2023-12-27', '2024-01-01', 'paid', 'canceled', 182, '2023-12-05T08:02:02'), (369, 185, '2024-01-31', '2024-02-13', 'parental', 'canceled', 143, '2024-01-25T11:29:43'), (370, 185, '2025-06-22', '2025-07-05', 'sick', 'rejected', 143, '2025-06-15T18:38:55'), (371, 186, '2023-10-27', '2023-11-05', 'sick', 'canceled', 95, '2023-10-13T09:38:09'), (372, 186, '2024-12-03', '2024-12-15', 'parental', 'requested', 95, '2024-11-25T02:56:30'), (373, 187, '2023-07-07', '2023-07-19', 'paid', 'requested', 190, '2023-07-02T15:49:55'), (374, 187, '2025-02-14', '2025-02-20', 'parental', 'requested', 190, '2025-02-09T08:30:06'), (375, 188, '2024-11-19', '2024-11-28', 'paid', 'rejected', 66, '2024-11-10T10:54:10'), (376, 188, '2023-11-21', '2023-12-02', 'sick', 'rejected', 66, '2023-11-15T04:55:34'), (377, 189, '2025-02-26', '2025-03-03', 'parental', 'canceled', 132, '2025-02-05T13:02:16'), (378, 189, '2024-03-01', '2024-03-06', 'paid', 'requested', 132, '2024-02-15T10:20:46'), (379, 190, '2024-07-18', '2024-07-24', 'sick', 'canceled', 19, '2024-07-04T22:21:43'), (380, 190, '2024-07-25', '2024-08-05', 'paid', 'rejected', 19, '2024-06-26T02:54:10'), (381, 191, '2024-04-12', '2024-04-19', 'paid', 'rejected', 197, '2024-03-23T23:03:16'), (382, 191, '2025-06-12', '2025-06-19', 'unpaid', 'requested', 197, '2025-05-28T07:22:20'), (383, 192, '2024-07-11', '2024-07-25', 'unpaid', 'approved', 69, '2024-06-11T06:02:03'), (384, 192, '2024-03-31', '2024-04-05', 'sick', 'requested', 69, '2024-03-21T12:58:06'), (385, 193, '2024-05-20', '2024-06-03', 'parental', 'canceled', 183, '2024-05-12T22:32:21'), (386, 193, '2024-03-20', '2024-04-01', 'paid', 'rejected', 183, '2024-03-02T23:01:54'), (387, 194, '2024-12-20', '2024-12-27', 'sick', 'rejected', 187, '2024-12-10T05:14:02'), (388, 194, '2025-01-04', '2025-01-13', 'parental', 'requested', 187, '2024-12-26T20:02:15'), (389, 195, '2024-10-10', '2024-10-16', 'paid', 'rejected', 42, '2024-09-28T10:40:51'), (390, 195, '2023-12-30', '2024-01-07', 'parental', 'canceled', 42, '2023-12-26T05:34:41'), (391, 196, '2024-02-24', '2024-03-09', 'unpaid', 'approved', 3, '2024-01-25T04:17:48'), (392, 196, '2023-11-04', '2023-11-17', 'sick', 'canceled', 3, '2023-10-13T19:11:30'), (393, 197, '2025-05-29', '2025-06-05', 'sick', 'canceled', 4, '2025-05-10T15:29:31'), (394, 197, '2025-02-15', '2025-02-24', 'parental', 'requested', 4, '2025-02-01T08:39:54'), (395, 198, '2024-08-29', '2024-09-10', 'paid', 'requested', 68, '2024-08-10T18:53:29'), (396, 198, '2023-11-27', '2023-12-09', 'parental', 'canceled', 68, '2023-11-07T22:31:16'), (397, 199, '2023-11-12', '2023-11-21', 'unpaid', 'rejected', 46, '2023-11-06T23:53:32'), (398, 199, '2024-06-21', '2024-07-03', 'sick', 'requested', 46, '2024-06-19T12:42:42'), (399, 200, '2023-12-08', '2023-12-19', 'parental', 'requested', 143, '2023-11-23T10:38:42'), (400, 200, '2024-08-16', '2024-08-26', 'unpaid', 'canceled', 143, '2024-08-09T12:30:58');

INSERT INTO equipment (id, name, type, serial_number, price) VALUES
                                                                 (1, 'Router model 254', 'router', '7481880553665', 7368), (2, 'Router model 690', 'router', '6930566058266', 2859), (3, 'Phone model 745', 'phone', '9772775508920', 4765), (4, 'Monitor model 879', 'monitor', '6780359115863', 5058), (5, 'Tablet model 204', 'tablet', '8279177158155', 5177), (6, 'Router model 100', 'router', '1118021925611', 7779), (7, 'Router model 535', 'router', '9276137859519', 5513), (8, 'Phone model 863', 'phone', '2790666493374', 6516), (9, 'Monitor model 161', 'monitor', '4076919385466', 6337), (10, 'Tablet model 113', 'tablet', '2395462748354', 1890), (11, 'Laptop model 441', 'laptop', '8026781114431', 4039), (12, 'Phone model 762', 'phone', '4390672428827', 4139), (13, 'Phone model 139', 'phone', '5026818418412', 1736), (14, 'Phone model 592', 'phone', '5510420132175', 5545), (15, 'Router model 236', 'router', '2332488707583', 4848), (16, 'Phone model 242', 'phone', '3929551094078', 4024), (17, 'Phone model 155', 'phone', '9628106040631', 3704), (18, 'Tablet model 133', 'tablet', '1292947608473', 4487), (19, 'Laptop model 460', 'laptop', '5112440885460', 1341), (20, 'Phone model 286', 'phone', '9364030911455', 4220), (21, 'Monitor model 877', 'monitor', '7647578083191', 7145), (22, 'Router model 567', 'router', '8084629011731', 3576), (23, 'Laptop model 685', 'laptop', '6667966155966', 827), (24, 'Phone model 396', 'phone', '2925515205390', 4642), (25, 'Router model 600', 'router', '5398089361491', 6211), (26, 'Monitor model 282', 'monitor', '7597190991261', 2778), (27, 'Laptop model 824', 'laptop', '2728534847332', 737), (28, 'Tablet model 445', 'tablet', '6800070558722', 3783), (29, 'Phone model 156', 'phone', '9445970032605', 3494), (30, 'Phone model 724', 'phone', '1332047852519', 7871), (31, 'Router model 960', 'router', '7069900052727', 3883), (32, 'Phone model 416', 'phone', '1029837998808', 5191), (33, 'Monitor model 564', 'monitor', '5793994890102', 1692), (34, 'Router model 755', 'router', '4136699619394', 1227), (35, 'Phone model 835', 'phone', '3515886682617', 6954), (36, 'Monitor model 603', 'monitor', '9388678569960', 7799), (37, 'Phone model 785', 'phone', '7994574340248', 7651), (38, 'Laptop model 231', 'laptop', '5435537149475', 7700), (39, 'Phone model 874', 'phone', '5701394445181', 6008), (40, 'Monitor model 847', 'monitor', '3819214811862', 1183), (41, 'Laptop model 948', 'laptop', '2401947965434', 1038), (42, 'Laptop model 993', 'laptop', '0421693049211', 2045), (43, 'Router model 153', 'router', '1568202792776', 5732), (44, 'Router model 515', 'router', '5323275200193', 6758), (45, 'Tablet model 717', 'tablet', '8790357725238', 5683), (46, 'Router model 379', 'router', '2678159827564', 5088), (47, 'Monitor model 324', 'monitor', '2730444467555', 2522), (48, 'Monitor model 710', 'monitor', '6463904563554', 4853), (49, 'Tablet model 272', 'tablet', '6300663076379', 7083), (50, 'Laptop model 864', 'laptop', '7321511486927', 3185), (51, 'Tablet model 633', 'tablet', '4366290185114', 6305), (52, 'Monitor model 983', 'monitor', '8430388814494', 3346), (53, 'Phone model 134', 'phone', '4470524662804', 6401), (54, 'Tablet model 944', 'tablet', '5657891567836', 3960), (55, 'Laptop model 174', 'laptop', '2344623538198', 1928), (56, 'Router model 426', 'router', '9585326470566', 7469), (57, 'Laptop model 876', 'laptop', '6735746786294', 6052), (58, 'Laptop model 108', 'laptop', '9037987169582', 3158), (59, 'Laptop model 695', 'laptop', '1535410795998', 5414), (60, 'Monitor model 393', 'monitor', '9059841758275', 7298), (61, 'Router model 194', 'router', '6848896741126', 584), (62, 'Tablet model 592', 'tablet', '4906874707068', 3576), (63, 'Router model 603', 'router', '4238920108629', 3398), (64, 'Monitor model 219', 'monitor', '9277675998210', 5281), (65, 'Laptop model 825', 'laptop', '4102772622674', 6630), (66, 'Monitor model 318', 'monitor', '4136802444592', 3525), (67, 'Laptop model 166', 'laptop', '0007262600481', 4590), (68, 'Router model 925', 'router', '2489151632847', 751), (69, 'Tablet model 868', 'tablet', '0965325391731', 1430), (70, 'Tablet model 639', 'tablet', '0271599942228', 6920), (71, 'Router model 783', 'router', '2153082249947', 4631), (72, 'Phone model 293', 'phone', '8712992769217', 2025), (73, 'Monitor model 253', 'monitor', '5327581786594', 7702), (74, 'Phone model 498', 'phone', '6432916958146', 1379), (75, 'Laptop model 497', 'laptop', '6816267839284', 7066), (76, 'Phone model 661', 'phone', '2667485187749', 3328), (77, 'Router model 165', 'router', '7852078993684', 5195), (78, 'Phone model 275', 'phone', '4471475168315', 6829), (79, 'Laptop model 361', 'laptop', '4138825135266', 6724), (80, 'Phone model 907', 'phone', '1796974075890', 2126), (81, 'Tablet model 765', 'tablet', '6128470207003', 5545), (82, 'Phone model 471', 'phone', '4369340576139', 2207), (83, 'Router model 399', 'router', '4177206960059', 5255), (84, 'Router model 973', 'router', '1737998864374', 2431), (85, 'Phone model 820', 'phone', '0234007163301', 3696), (86, 'Phone model 835', 'phone', '5698555516944', 2682), (87, 'Monitor model 466', 'monitor', '3825428634081', 4697), (88, 'Monitor model 676', 'monitor', '1976423956271', 4184), (89, 'Phone model 108', 'phone', '0668179596238', 920), (90, 'Laptop model 745', 'laptop', '4717019280304', 7974), (91, 'Tablet model 508', 'tablet', '6343548709146', 6872), (92, 'Phone model 348', 'phone', '5515969272436', 7910), (93, 'Tablet model 492', 'tablet', '9753927693572', 3010), (94, 'Phone model 161', 'phone', '8574105928795', 2229), (95, 'Laptop model 352', 'laptop', '1923466582455', 7299), (96, 'Router model 603', 'router', '2413310854948', 1992), (97, 'Laptop model 178', 'laptop', '0727310850636', 1620), (98, 'Laptop model 457', 'laptop', '0099237793922', 7918), (99, 'Tablet model 808', 'tablet', '5507749069725', 794), (100, 'Monitor model 352', 'monitor', '8578186735532', 3085);

INSERT INTO equipment_status_history (equipment_id, status, start_date, end_date) VALUES
                                                                                      (1, 'in_stock', '2022-10-21', NULL), (2, 'in_stock', '2022-10-25', '2023-08-12'), (2, 'assigned', '2023-08-12', NULL), (3, 'in_stock', '2023-01-27', NULL), (4, 'in_stock', '2023-05-19', '2023-10-12'), (4, 'assigned', '2023-10-12', NULL), (5, 'in_stock', '2023-04-11', '2024-03-21'), (5, 'assigned', '2024-03-21', NULL), (6, 'in_stock', '2023-06-06', '2023-12-24'), (6, 'assigned', '2023-12-24', NULL), (7, 'in_stock', '2022-11-20', '2025-01-03'), (7, 'assigned', '2025-01-03', NULL), (8, 'in_stock', '2022-12-17', '2023-10-09'), (8, 'assigned', '2023-10-09', NULL), (9, 'in_stock', '2023-03-06', NULL), (10, 'in_stock', '2023-02-25', NULL), (11, 'in_stock', '2022-09-25', NULL), (12, 'in_stock', '2022-11-24', '2023-07-02'), (12, 'assigned', '2023-07-02', NULL), (13, 'in_stock', '2023-03-30', '2023-04-12'), (13, 'assigned', '2023-04-12', NULL), (14, 'in_stock', '2022-12-14', NULL), (15, 'in_stock', '2023-02-23', '2025-02-27'), (15, 'assigned', '2025-02-27', NULL), (16, 'in_stock', '2022-06-28', '2024-12-28'), (16, 'assigned', '2024-12-28', NULL), (17, 'in_stock', '2023-05-13', '2025-01-14'), (17, 'assigned', '2025-01-14', NULL), (18, 'in_stock', '2022-11-14', '2023-05-17'), (18, 'assigned', '2023-05-17', NULL), (19, 'in_stock', '2023-05-04', NULL), (20, 'in_stock', '2022-12-17', '2024-12-07'), (20, 'assigned', '2024-12-07', NULL), (21, 'in_stock', '2023-01-01', NULL), (22, 'in_stock', '2023-05-16', '2023-07-13'), (22, 'assigned', '2023-07-13', NULL), (23, 'in_stock', '2022-07-28', '2025-02-01'), (23, 'assigned', '2025-02-01', NULL), (24, 'in_stock', '2022-08-05', '2022-08-10'), (24, 'assigned', '2022-08-10', NULL), (25, 'in_stock', '2023-01-02', '2023-01-21'), (25, 'assigned', '2023-01-21', NULL), (26, 'in_stock', '2022-10-14', '2025-03-25'), (26, 'assigned', '2025-03-25', NULL), (27, 'in_stock', '2023-04-04', '2024-10-14'), (27, 'assigned', '2024-10-14', NULL), (28, 'in_stock', '2022-07-05', '2024-10-12'), (28, 'assigned', '2024-10-12', NULL), (29, 'in_stock', '2023-05-15', NULL), (30, 'in_stock', '2023-01-16', NULL), (31, 'in_stock', '2022-08-09', '2024-06-15'), (31, 'assigned', '2024-06-15', NULL), (32, 'in_stock', '2022-10-12', '2024-12-24'), (32, 'assigned', '2024-12-24', NULL), (33, 'in_stock', '2022-12-19', '2023-03-24'), (33, 'assigned', '2023-03-24', NULL), (34, 'in_stock', '2023-04-10', '2023-12-11'), (34, 'assigned', '2023-12-11', NULL), (35, 'in_stock', '2022-12-15', '2024-11-10'), (35, 'assigned', '2024-11-10', NULL), (36, 'in_stock', '2023-05-17', '2024-05-18'), (36, 'assigned', '2024-05-18', NULL), (37, 'in_stock', '2023-05-02', '2023-12-19'), (37, 'assigned', '2023-12-19', NULL), (38, 'in_stock', '2022-08-02', NULL), (39, 'in_stock', '2023-04-04', '2024-08-29'), (39, 'assigned', '2024-08-29', NULL), (40, 'in_stock', '2022-07-22', NULL), (41, 'in_stock', '2023-04-25', '2024-11-16'), (41, 'assigned', '2024-11-16', NULL), (42, 'in_stock', '2022-10-31', '2023-07-05'), (42, 'assigned', '2023-07-05', NULL), (43, 'in_stock', '2022-06-25', '2025-01-18'), (43, 'assigned', '2025-01-18', NULL), (44, 'in_stock', '2022-07-06', NULL), (45, 'in_stock', '2023-05-25', '2024-02-28'), (45, 'assigned', '2024-02-28', NULL), (46, 'in_stock', '2023-04-21', '2024-05-12'), (46, 'assigned', '2024-05-12', NULL), (47, 'in_stock', '2022-07-19', '2025-01-22'), (47, 'assigned', '2025-01-22', NULL), (48, 'in_stock', '2023-05-30', '2025-02-22'), (48, 'assigned', '2025-02-22', NULL), (49, 'in_stock', '2022-07-26', NULL), (50, 'in_stock', '2022-06-23', '2025-03-27'), (50, 'assigned', '2025-03-27', NULL), (51, 'in_stock', '2022-08-23', NULL), (52, 'in_stock', '2023-02-13', '2023-07-01'), (52, 'assigned', '2023-07-01', NULL), (53, 'in_stock', '2022-11-03', '2024-10-13'), (53, 'assigned', '2024-10-13', NULL), (54, 'in_stock', '2023-05-28', '2023-11-15'), (54, 'assigned', '2023-11-15', NULL), (55, 'in_stock', '2022-06-08', '2023-06-13'), (55, 'assigned', '2023-06-13', NULL), (56, 'in_stock', '2022-06-14', NULL), (57, 'in_stock', '2022-10-02', '2022-12-07'), (57, 'assigned', '2022-12-07', NULL), (58, 'in_stock', '2022-07-16', NULL), (59, 'in_stock', '2023-03-29', '2023-05-08'), (59, 'assigned', '2023-05-08', NULL), (60, 'in_stock', '2022-11-17', '2024-06-12'), (60, 'assigned', '2024-06-12', NULL), (61, 'in_stock', '2023-03-06', '2025-01-16'), (61, 'assigned', '2025-01-16', NULL), (62, 'in_stock', '2023-05-26', NULL), (63, 'in_stock', '2022-08-03', NULL), (64, 'in_stock', '2022-06-30', '2022-11-12'), (64, 'assigned', '2022-11-12', NULL), (65, 'in_stock', '2023-02-12', NULL), (66, 'in_stock', '2023-03-11', '2023-04-19'), (66, 'assigned', '2023-04-19', NULL), (67, 'in_stock', '2023-01-04', '2025-02-19'), (67, 'assigned', '2025-02-19', NULL), (68, 'in_stock', '2022-09-05', '2024-02-12'), (68, 'assigned', '2024-02-12', NULL), (69, 'in_stock', '2023-04-25', '2024-06-01'), (69, 'assigned', '2024-06-01', NULL), (70, 'in_stock', '2023-06-06', NULL), (71, 'in_stock', '2022-07-19', '2023-11-29'), (71, 'assigned', '2023-11-29', NULL), (72, 'in_stock', '2023-03-20', NULL), (73, 'in_stock', '2022-06-12', NULL), (74, 'in_stock', '2023-05-18', '2024-09-15'), (74, 'assigned', '2024-09-15', NULL), (75, 'in_stock', '2023-01-15', '2024-04-07'), (75, 'assigned', '2024-04-07', NULL), (76, 'in_stock', '2022-10-21', '2023-02-09'), (76, 'assigned', '2023-02-09', NULL), (77, 'in_stock', '2023-05-16', '2024-10-08'), (77, 'assigned', '2024-10-08', NULL), (78, 'in_stock', '2023-04-28', '2024-11-15'), (78, 'assigned', '2024-11-15', NULL), (79, 'in_stock', '2022-10-23', '2025-05-01'), (79, 'assigned', '2025-05-01', NULL), (80, 'in_stock', '2022-07-19', '2024-08-03'), (80, 'assigned', '2024-08-03', NULL), (81, 'in_stock', '2022-08-05', '2023-01-11'), (81, 'assigned', '2023-01-11', NULL), (82, 'in_stock', '2022-11-10', NULL), (83, 'in_stock', '2022-09-26', '2025-02-10'), (83, 'assigned', '2025-02-10', NULL), (84, 'in_stock', '2022-08-06', '2023-08-27'), (84, 'assigned', '2023-08-27', NULL), (85, 'in_stock', '2022-12-04', NULL), (86, 'in_stock', '2022-07-02', '2023-05-21'), (86, 'assigned', '2023-05-21', NULL), (87, 'in_stock', '2023-03-01', '2024-03-25'), (87, 'assigned', '2024-03-25', NULL), (88, 'in_stock', '2023-02-27', NULL), (89, 'in_stock', '2022-06-26', '2024-07-06'), (89, 'assigned', '2024-07-06', NULL), (90, 'in_stock', '2023-04-17', '2025-05-28'), (90, 'assigned', '2025-05-28', NULL), (91, 'in_stock', '2022-07-27', '2023-03-22'), (91, 'assigned', '2023-03-22', NULL), (92, 'in_stock', '2023-04-20', '2024-10-23'), (92, 'assigned', '2024-10-23', NULL), (93, 'in_stock', '2022-07-16', '2023-03-23'), (93, 'assigned', '2023-03-23', NULL), (94, 'in_stock', '2023-03-23', NULL), (95, 'in_stock', '2023-05-22', '2023-09-16'), (95, 'assigned', '2023-09-16', NULL), (96, 'in_stock', '2023-03-10', '2024-11-07'), (96, 'assigned', '2024-11-07', NULL), (97, 'in_stock', '2022-07-01', '2025-01-31'), (97, 'assigned', '2025-01-31', NULL), (98, 'in_stock', '2022-11-16', NULL), (99, 'in_stock', '2023-05-31', '2024-05-17'), (99, 'assigned', '2024-05-17', NULL), (100, 'in_stock', '2022-09-23', NULL);

INSERT INTO employee_equipment_history (employee_id, equipment_id, start_date, end_date) VALUES
                                                                                             (136, 2, '2023-08-12', NULL), (129, 4, '2023-10-12', NULL), (133, 5, '2024-03-21', NULL), (89, 6, '2023-12-24', NULL), (134, 7, '2025-01-03', NULL), (79, 8, '2023-10-09', NULL), (174, 12, '2023-07-02', NULL), (166, 13, '2023-04-12', NULL), (79, 15, '2025-02-27', NULL), (30, 16, '2024-12-28', NULL), (17, 17, '2025-01-14', NULL), (149, 18, '2023-05-17', NULL), (52, 20, '2024-12-07', NULL), (42, 22, '2023-07-13', NULL), (194, 23, '2025-02-01', NULL), (22, 24, '2022-08-10', NULL), (13, 25, '2023-01-21', NULL), (14, 26, '2025-03-25', NULL), (44, 27, '2024-10-14', NULL), (140, 28, '2024-10-12', NULL), (96, 31, '2024-06-15', NULL), (17, 32, '2024-12-24', NULL), (150, 33, '2023-03-24', NULL), (92, 34, '2023-12-11', NULL), (126, 35, '2024-11-10', NULL), (189, 36, '2024-05-18', NULL), (125, 37, '2023-12-19', NULL), (54, 39, '2024-08-29', NULL), (84, 41, '2024-11-16', NULL), (133, 42, '2023-07-05', NULL), (32, 43, '2025-01-18', NULL), (23, 45, '2024-02-28', NULL), (150, 46, '2024-05-12', NULL), (186, 47, '2025-01-22', NULL), (158, 48, '2025-02-22', NULL), (122, 50, '2025-03-27', NULL), (40, 52, '2023-07-01', NULL), (5, 53, '2024-10-13', NULL), (178, 54, '2023-11-15', NULL), (7, 55, '2023-06-13', NULL), (20, 57, '2022-12-07', NULL), (74, 59, '2023-05-08', NULL), (155, 60, '2024-06-12', NULL), (98, 61, '2025-01-16', NULL), (83, 64, '2022-11-12', NULL), (69, 66, '2023-04-19', NULL), (44, 67, '2025-02-19', NULL), (127, 68, '2024-02-12', NULL), (169, 69, '2024-06-01', NULL), (186, 71, '2023-11-29', NULL), (173, 74, '2024-09-15', NULL), (82, 75, '2024-04-07', NULL), (95, 76, '2023-02-09', NULL), (73, 77, '2024-10-08', NULL), (12, 78, '2024-11-15', NULL), (153, 79, '2025-05-01', NULL), (112, 80, '2024-08-03', NULL), (88, 81, '2023-01-11', NULL), (90, 83, '2025-02-10', NULL), (113, 84, '2023-08-27', NULL), (126, 86, '2023-05-21', NULL), (159, 87, '2024-03-25', NULL), (176, 89, '2024-07-06', NULL), (198, 90, '2025-05-28', NULL), (169, 91, '2023-03-22', NULL), (66, 92, '2024-10-23', NULL), (119, 93, '2023-03-23', NULL), (151, 95, '2023-09-16', NULL), (112, 96, '2024-11-07', NULL), (34, 97, '2025-01-31', NULL), (161, 99, '2024-05-17', NULL);

INSERT INTO tasks (id, title, description, project_title, team_id, status, priority, added_date, solved_date) VALUES
                                                                                                                  (1, 'Alkoholowy zjawisko.', 'Dotyczyć jazda już podział organizacja ramię. Ostatni przykład mierzyć posiadać noc. Maj pochodzenie lecz żyć siebie przeprowadzać.', 'User-centric cohesive open architecture', 21, 'done', 3, '2024-09-25', '2024-11-27'), (2, 'Substancja pani dziewięć (…).', 'Polować często pojechać kultura. Miesiąc styczeń stosować Rumunia. Różnica głupek naukowiec wreszcie.
Brak przeciwko specjalista rzecz pasmo. Fabryka ogień praca że rak.', 'User-centric cohesive open architecture', 9, 'to_do', 3, '2025-03-31', NULL), (3, 'List pustynia znowu niebo.', 'Stanowisko Turcja chcieć potrzebny broń wyrok. Właściwy kierować czterdzieści. Kraj oni strata noga.', 'User-centric cohesive open architecture', 17, 'closed', 4, '2025-05-07', '2025-05-09'), (4, 'Rana zawsze lęk grób.', 'Spadać pić Japonia podstawa ziarno świątynia. Śmiech umiejętność region pięćdziesiąt katolicki spokój. Materiał jesień zrozumieć mrówka.', 'User-centric cohesive open architecture', 4, 'closed', 4, '2024-08-04', '2025-04-26'), (5, 'Bohater kierowca różnica duński.', 'Próba nagły funkcja republika 2 dół masa. Zrobić strumień też produkt sieć.', 'User-centric cohesive open architecture', 6, 'done', 2, '2024-12-11', '2025-04-12'), (6, 'Ubranie alkohol termin.', '40 podróżować cebula wyrażać piwo gniew przedstawiciel angielski. Zacząć pomysł bogaty wygrać kapelusz jedynie.', 'User-centric cohesive open architecture', 19, 'to_do', 2, '2024-09-07', NULL), (7, 'Panować środkowy wzór odcinek nad odnosi', 'Sprzęt zdrowy tamten firma rasa dział spaść. Prezent zdjęcie rozmiar spotkać materiał.
Podróżować warunek broń wisieć dzieło robić. Papier staw policja Niemcy złoto historyczny.', 'User-centric cohesive open architecture', 15, 'to_do', 4, '2024-06-13', NULL), (8, 'M.In. potem kupować rzymski.', 'Ameryka dialekt lubić chociaż liczny. Śnieg pić pojedynczy posługiwać się. Muzyczny służba oddech.', 'User-centric cohesive open architecture', 14, 'done', 5, '2024-09-25', '2025-04-17'), (9, 'Żołnierz uciec dorosły twardy szczęście.', 'Pogląd Warszawa wykonywać uczeń. Uczucie sygnał wielki wiedza służba. Bok otrzymać dzielić ten sam. Sprawiać poprzez miejski pojęcie ozdobny Turcja.', 'User-centric cohesive open architecture', 21, 'backlog', 4, '2025-05-13', NULL), (10, 'Dno czytać urząd wystawa 1000.', 'Wyłącznie zawierać przebywać kościelny. Praca zaczynać Jezus pacjent wieża świadczyć pogoda. Przyrząd zarówno często bydło sąd. Telefon zaraz prawie granica prędkość nieść babcia.', 'User-centric cohesive open architecture', 9, 'closed', 4, '2024-09-16', '2025-06-01'), (11, 'Rak działać drobny.', 'Twój dany twój robotnik we wycieczka pustynia mieć.
Żaden czy np. tani życie herbata obejmować. Zupełnie sądowy kontynent potrafić.', 'Cross-group bi-directional throughput', 23, 'to_do', 3, '2024-11-24', NULL), (12, 'Dom jednocześnie rząd amharski 9 metr.', 'Górski warunek konstrukcja ciepły wczesny koncert Warszawa. Mężczyzna głupek zapalenie poruszać pracować.', 'Cross-group bi-directional throughput', 13, 'backlog', 1, '2024-11-15', NULL), (13, 'Sobą przerwa dać się.', 'Pijany szczęście znaleźć sprzęt więc on. Miasto jeden wspomnienie prosty wybitny odważny szybki. Wyjść cebula wschodni broda liczny chory.', 'Cross-group bi-directional throughput', 5, 'in_progress', 3, '2025-03-25', NULL), (14, 'Zeszły wewnątrz po ważny utwór zima.', 'Ser połowa –. Przestępstwo płyta udać się szwedzki. Grunt sprzedawać obiekt kłaść umowa.
Trzeba małpa teatr broń oddać.', 'Cross-group bi-directional throughput', 11, 'backlog', 3, '2024-09-15', NULL), (15, 'Człowiek las zmęczony.', 'Cesarz biskup powstanie domowy zobaczyć zbudować 90. Postępowanie przeciwnik wakacje wrogi dodatek poznać wierny. Władza wybierać płyta impreza 40.', 'Cross-group bi-directional throughput', 1, 'backlog', 5, '2024-12-28', NULL), (16, 'Przybyć litera mieszkanie strój ucho mec', 'Dodatkowy papież tańczyć powstawać taki wracać grudzień. Siedziba związany zainteresowanie rodzinny zachowanie.
Rok kupić gwiazda uczyć się jej.', 'Cross-group bi-directional throughput', 13, 'done', 2, '2024-10-15', '2025-05-04'), (17, 'Wynik kolejowy Anglia chrześcijański obo', 'Niewielki niż długość dopiero. Korzystać uniwersytet gwałtowny przejść. Zawsze czerwiec planeta dodawać ręka głupota.
Osioł ziemski wytwarzać.', 'Cross-group bi-directional throughput', 4, 'backlog', 1, '2024-10-21', NULL), (18, 'Organizm zakładać dzieło nazwa czerwiec ', 'Transport srebro naród piąty. Złodziej współczesny drapieżny zimno radość który wewnątrz. Działanie trawa pomarańcza okoliczność kontynent żyć. Przyrząd teatr dzień we informacja.', 'Cross-group bi-directional throughput', 14, 'closed', 5, '2024-09-09', '2024-12-16'), (19, 'Grunt stać się zamieszkiwać.', 'Kino linia zakres skała. Kanał medycyna mocno fałszywy międzynarodowy kontynent ukraiński. Ryba trzeci odważny przedstawienie uczyć się. Pacjent jakiś powoli.', 'Cross-group bi-directional throughput', 13, 'closed', 2, '2025-02-01', '2025-03-16'), (20, 'Odcinek funkcja przebywać.', 'Ogólny wesoły odmiana brzuch doświadczenie. Wąż zdolność chory blady otwór. Grunt czerwony wypowiedź wzrok pierś władza.', 'Cross-group bi-directional throughput', 6, 'done', 4, '2025-05-16', '2025-05-26'), (21, 'Drewno kult 10.', 'Brzydki prędkość samochód wybierać.
Zwrot cień długo gniew stawiać znów. Godność butelka nie ma wrażenie.', 'Mandatory user-facing flexibility', 19, 'done', 2, '2025-01-26', '2025-03-11'), (22, 'Swój zamykać.', 'Muzyczny wschód skóra sklep wakacje. Zatoka działanie dobro psychiczny ręka powstawać ciąża zdrowie. Próba francuski studiować.', 'Mandatory user-facing flexibility', 16, 'backlog', 1, '2025-04-28', NULL), (23, 'Środowisko pozostać fakt wykonanie prezy', 'Razem przejść dobry siódmy przebywać. Zachowanie sygnał policja Holandia teatr pisanie. Luty wreszcie gorączka rządzić ssak strach.', 'Mandatory user-facing flexibility', 20, 'backlog', 3, '2024-11-07', NULL), (24, 'Waluta naród podstawowy wiatr ciało Unia', 'Cisza uciec grecki brudny żywy.
Zdrowy klasztor teoria stworzyć nasiono. Brać blady księżyc pytać dziura wnętrze rolnik. Praktyka co talerz seks Austria muzyk port niski.', 'Mandatory user-facing flexibility', 19, 'done', 3, '2024-06-08', '2025-05-20'), (25, 'Publiczny ku zakon cztery złoto wcześnie', '8 pierś wewnątrz herbata. Rolnik kolega wiedzieć kochać dużo Litwa jechać. Dziób Pan restauracja napisać kiedy zabawka.', 'Mandatory user-facing flexibility', 5, 'closed', 4, '2024-08-09', '2025-01-26'), (26, 'Czerwiec kiedy dać.', 'Żart farba rok zakład przyjść. Krowa atak zniszczyć Anglia. Spać ośrodek w postaci średniowieczny głowa określać. Słońce treść odmiana psychiczny o tytuł.', 'Mandatory user-facing flexibility', 23, 'closed', 5, '2024-09-09', '2025-04-21'), (27, 'Dokonywać jabłko dar Żyd dopływ zysk.', 'Maj oczekiwać pieśń. Grudzień ciężki nagle rano rodzina. Biedny mój przyjemny czwarty 60 literatura.
Mama choć korzeń głęboki kolano.', 'Mandatory user-facing flexibility', 19, 'closed', 5, '2025-01-03', '2025-05-31'), (28, 'Wierny nauka widok utwór wypowiedź.', 'Umieć wiedza słowo ślad oczekiwać pieśń. Małpa słuchać wielki przeciwny zdanie majątek.
Miejscowość piłka nożna wydarzenie trwały błoto sposób. Przyjaciel światło jakby żółty.', 'Mandatory user-facing flexibility', 6, 'done', 3, '2025-05-17', '2025-06-05'), (29, 'Ogół królowa mieszkać ojczyzna klub boha', 'Uniwersytet piątek sobota grać dokładnie. Dialekt 3 Rzym fabryka ból pokarm sąd.
Rolnik usługa publiczny rok mi otoczenie król znów. Ci mocno chęć musieć Holandia.', 'Mandatory user-facing flexibility', 21, 'closed', 5, '2024-08-08', '2024-10-01'), (30, 'Szczęśliwy fragment.', 'Zgodny wada także kosz efekt element zamiast. Słuchać pióro smak marzec obywatelka oba matematyka.', 'Mandatory user-facing flexibility', 17, 'done', 1, '2025-03-28', '2025-05-25'), (31, 'Wiadomość położyć nos nigdy gałąź.', 'Płyta przeciwny pole rozmawiać sukces kierować szczególnie niektóry. Góra robota zły operacja wilk. Poza wreszcie róg płeć temperatura świnia.', 'Exclusive even-keeled structure', 12, 'backlog', 5, '2025-04-02', NULL), (32, 'Myśl psychiczny.', 'Gaz scena metalowy przestępstwo oddawać przyjaciel dziesięć.
Jan przejść szklanka. Kierować pierwszy tablica posiadać zajmować literacki. Krzesło kwiat mały miejsce wiatr.', 'Exclusive even-keeled structure', 13, 'in_progress', 3, '2024-11-10', NULL), (33, 'Charakterystyczny ciekawy.', 'Małpa zboże przestać — dać się dzieło. Żyd który fakt Ameryka nasz.
Rozmowa robotnik istotny szybki przyjść południowy pieniądze tracić.', 'Exclusive even-keeled structure', 8, 'done', 4, '2024-06-20', '2024-09-01'), (34, 'Las całkowity.', 'Żydowski kobieta wielkość w. przyjemność. Umożliwiać planeta skład połączyć.
Naród równy napisać uderzać. Siedemdziesiąt minerał wóz podobny Chiny natychmiast tylko dziewięć.', 'Exclusive even-keeled structure', 12, 'done', 4, '2024-10-03', '2025-03-23'), (35, 'Żółty sztuka.', 'Zły sos syn żaba my. Umieszczać świat fragment albo. Sklep między matematyka głowa ziemski kartka średniowieczny tysiąc.', 'Exclusive even-keeled structure', 22, 'closed', 1, '2025-01-17', '2025-06-02'), (36, 'Rozmowa wypadek choroba.', 'Napisać handlowy minerał mówić odwaga morski. Wschodni szukać wspaniały sos.
Gwałtowny żołnierz niedziela około zaufanie. Przyjemny jeść wrażenie wnętrze kostka ulica.', 'Exclusive even-keeled structure', 15, 'closed', 2, '2024-07-06', '2024-07-07'), (37, 'Zachodni podczas świadczyć.', 'Narkotyk pieniądz hiszpański. Nie- okres kwiat religijny. Zajmować Się ślad wierny widok ciotka pierwszy północny.
Lubić kobieta choć prosty.', 'Exclusive even-keeled structure', 11, 'to_do', 3, '2024-12-11', NULL), (38, 'Trzy szanowny srebro kraina stowarzyszen', 'Alkohol pan róża publiczny świat pole lotniczy ja. Odpowiedź dokonać jeśli moralny. Prędkość podczas trzydziesty.', 'Exclusive even-keeled structure', 20, 'to_do', 1, '2024-09-28', NULL), (39, 'Lotniczy medycyna nowy zawód obóz społec', 'Dialekt całość brać szybki chemiczny ku klub. 6 nos zespół papieros coraz. Tajemnica on strata książka myśleć wiedza.', 'Exclusive even-keeled structure', 18, 'done', 5, '2024-10-29', '2025-01-15'), (40, 'Lis dodatkowy 1.', 'Albo wyścig musieć tworzyć spowodować brudny stracić opinia. Obecny tyle wielkość sygnał zanim koza.', 'Exclusive even-keeled structure', 15, 'done', 3, '2024-10-10', '2025-05-12'), (41, 'Usta zamiast transport dokument.', 'Oficjalny lampa musieć biec. Armia wczoraj restauracja zajęcie. Nic córka alkohol rodzaj nauka poniedziałek zawód.', 'Operative coherent approach', 22, 'done', 2, '2025-01-21', '2025-03-30'), (42, 'Imię cały sos kość.', 'Ochrona 10 częściowo sukienka. Tam korzyść orzeł przeciwko rana 70.
Grupa wczoraj brać znany. Charakterystyczny kolejowy chmura żołądek. Przykład Polak północny.', 'Operative coherent approach', 17, 'to_do', 1, '2025-02-20', NULL), (43, 'Kawa kura brzuch urząd droga.', 'Wytwarzać wyrażać Morze Śródziemne w formie strona rzadko wywodzić się.
Zaś dzisiejszy odpowiedź szary osiemdziesiąt. Uciec ktoś szybko. Jednocześnie gdyby niezwykły.', 'Operative coherent approach', 5, 'done', 1, '2025-05-12', '2025-05-27'), (44, 'Powiat fabryka chronić.', 'Zmiana jako głupota ósmy 50. Łatwo anioł dół 20 wróg. Styl kolejny komputerowy czarny pogoda.', 'Operative coherent approach', 17, 'done', 5, '2024-11-13', '2025-05-28'), (45, 'Siła Jezus.', 'Koszula starać się prowadzić Boże Narodzenie niech. Dziś ulegać ludzie umieścić do znaczenie zniszczyć.', 'Operative coherent approach', 8, 'to_do', 3, '2025-01-23', NULL), (46, 'Kąt słowacki świątynia obóz wypowiedź na', 'Łączyć późny zasada związany. R. komórka herbata pojemnik kostka. Utwór grzech pan daleko przyjaciel wywoływać zgromadzenie.', 'Operative coherent approach', 1, 'to_do', 1, '2024-11-15', NULL), (47, 'Cień bieda gazeta stacja.', 'Gazeta administracyjny wierny szkoła temu. Stawać Się ludowy średniowieczny wczesny dym. Opinia tłumaczyć wierzyć głupiec.', 'Operative coherent approach', 11, 'done', 2, '2025-01-02', '2025-02-25'), (48, 'Wąski dziecięcy alkohol.', 'Odczuwać waluta domowy istota znaczyć szybki. Uzyskać łąka według siła abugida drewno.
Dźwięk republika skrzydło mieszkać fałszywy. Tam narodowość ściana naukowiec.', 'Operative coherent approach', 13, 'in_progress', 4, '2025-01-13', NULL), (49, 'Zarówno świnia wschód zamiast.', 'Trzeci kobieta wspólnota wyłącznie gospodarczy napój mieszkanie. Słoń zakład sprawa czysty.
Ku organizacja zbiornik dzielnica. Rachunek mężczyzna głupiec wspaniały.', 'Operative coherent approach', 22, 'closed', 4, '2024-08-27', '2025-02-08'), (50, 'Wyrób wartość suchy koniec moneta płeć o', 'Ziemia zaburzenie osiem wiele ciężki drzewo waluta. Waga nasienie znaczny więzienie w celu. Przychodzić pacjent kościelny odważny wykonywanie pewien oczywiście ładny.', 'Operative coherent approach', 12, 'done', 4, '2024-10-02', '2024-10-22'), (51, 'Kwiecień amharski dziewczyna ryż jej.', 'Wyrażać dzieło czyjś kosz budynek wykonywanie znany. Doskonały słyszeć pogoda. Warzywo w formie pas stać pająk kraj pokarm.', 'Implemented next generation time-frame', 23, 'closed', 2, '2024-08-20', '2024-12-16'), (52, 'Panna cierpienie.', 'Statek r. poduszka znaczyć pogoda produkt dzisiaj. Rzadko głowa wypadek herbata USA pismo.
Lustro korzystać pieśń znajdować się pomidor.', 'Implemented next generation time-frame', 13, 'to_do', 3, '2025-04-04', NULL), (53, 'Pałac postawić norma samica.', 'Zarówno numer te gdzieś ciecz składnik. Dział m.in. strefa.
Wrócić miękki wywoływać rachunek strata kontynent pić. Badanie odczuwać krzew sierpień kolejny.', 'Implemented next generation time-frame', 15, 'done', 2, '2024-08-22', '2025-03-30'), (54, 'Równy dom 8 pojęcie upadek róża spokojny', 'Urzędnik plaża mowa jajko trudno stały spotkać. Rosyjski uderzyć cena zeszły dwanaście kończyć bar syn.', 'Implemented next generation time-frame', 9, 'closed', 3, '2024-12-04', '2025-05-11'), (55, 'Skala tam nadmierny płyn ciepło wychodzi', 'Medycyna ruch lekarz narodowy mało pamięć. Poprzez kula burza wpływ obwód stworzyć.', 'Implemented next generation time-frame', 3, 'done', 2, '2024-06-10', '2024-10-02'), (56, 'Musieć zmienić.', 'Wolno ucho miły wyraz członek niedziela stworzyć. Wywoływać mięso dać się więc połączyć.', 'Implemented next generation time-frame', 3, 'closed', 1, '2025-06-07', '2025-06-07'), (57, 'Sieć nadmierny gdzie rozumieć ssak.', 'Przeszłość strój znosić. Narkotyk w bądź kilometr. Organ rosyjski tradycja bo gęsty prawda.', 'Implemented next generation time-frame', 17, 'done', 3, '2024-07-24', '2024-09-13'), (58, 'Jego arabski zły czterdzieści dom.', 'Rzadki położyć stały różny. Rządzić linia przyprawa dziki istota. Rozwój słaby uchodzić mieszkaniec kochać tkanina nazwa.', 'Implemented next generation time-frame', 16, 'closed', 5, '2024-07-28', '2024-12-13'), (59, 'Uczyć Się źle wiedzieć samiec środkowy.', 'Długo wujek cesarz Polak. Wierzyć zjawisko dany głód milion królewski charakter.
Bogini mapa uczyć się przeciwko zajęcie mały. Nocny wyrób szanowny wrogi ślad jeździć ludzki.', 'Implemented next generation time-frame', 17, 'closed', 3, '2024-09-13', '2025-05-12'), (60, 'Ogromny Słońce jeździć trawa lustro właś', 'Medycyna 9 czas religia. Ludowy doskonały przyszły sztuczny tyle dać ciasto.
Za Pomocą armia zwykle gęś czwartek kłaść korzyść. Mówić krzesło pełen zgodny.', 'Implemented next generation time-frame', 13, 'closed', 4, '2024-11-11', '2025-03-04'), (61, 'Powieść morski.', 'Źródło biec zajęcie pójść mi. Scena wspomnienie walka sierpień. Robić urzędnik wydawać Kościół rzucić intensywny.
Białoruś pod dziać się sukienka chociaż.', 'Extended web-enabled architecture', 20, 'closed', 3, '2024-09-13', '2024-10-02'), (62, 'Włochy szary Czechy most młody.', 'Matka Hiszpania restauracja stowarzyszenie zaczynać funkcja fabryka. Tyle parlament ryba. Ojciec okres ta ciemny plan.', 'Extended web-enabled architecture', 4, 'closed', 1, '2024-09-06', '2025-02-04'), (63, 'Tradycyjny gdy złapać.', 'Całkowicie rok uderzenie czynność samochodowy.
Amerykański dziewięćdziesiąt mecz uśmiech ogon białoruski kalendarz.', 'Extended web-enabled architecture', 3, 'to_do', 1, '2024-10-28', NULL), (64, 'Piłka światło.', 'Student hałas czyjś mąka. Wodny zima jazda religijny wrogi ciężar.
Pojemnik koncert zeszły przeciw. Program czas dwa. Osioł obiad okręt nauka część obrona.', 'Extended web-enabled architecture', 15, 'in_progress', 1, '2024-06-21', NULL), (65, 'Dźwięk postawa zachowywać się można czyn', 'Urodzenie kawa szkoda itp. doświadczenie ziemniak. Król ja bić lubić wschodni wybory wydarzenie.', 'Extended web-enabled architecture', 5, 'done', 5, '2024-12-03', '2025-02-14'), (66, 'Zakończenie syn podczas.', 'Znów pora wcześnie. Fakt religia wśród oglądać one.
Marzec pismo osoba lekarz wejście. Dół królestwo kanał poprzedni kłaść późny funkcja.', 'Extended web-enabled architecture', 2, 'to_do', 5, '2024-08-26', NULL), (67, 'Ponad widok zakon.', 'Skład włożyć dokonywać wczoraj lotnisko ojczyzna podstawa sprzedaż. Chiński przeszkoda ciasto pisanie plecy padać. Pierś rzecz zatrzymać wyglądać kilometr oglądać.', 'Extended web-enabled architecture', 3, 'in_progress', 2, '2025-03-20', NULL), (68, 'Dalej proszę w postaci maszyna.', 'Zazwyczaj świecić uczeń siódmy umowa metal poziom. Myśleć rozmiar lęk mama głupi osioł. Zajmować napisać książę jądro szkoda przedsiębiorstwo.', 'Extended web-enabled architecture', 12, 'in_progress', 3, '2025-05-26', NULL), (69, 'Zdrowy dziecięcy literacki.', 'Opłata 2 wkrótce przejść ilość waga telewizyjny los. Liczba Atomowa ponieważ zwycięstwo.', 'Extended web-enabled architecture', 12, 'backlog', 3, '2025-03-26', NULL), (70, 'Człowiek koniec dokładny wreszcie gdy is', 'Dlatego umiejętność żeński zazwyczaj narzędzie. Hiszpański ostatni jak deszcz 50.', 'Extended web-enabled architecture', 11, 'closed', 1, '2024-08-18', '2025-05-13'), (71, 'Umieszczać Unia Europejska brzuch.', 'Struktura krok rzeka polityk. Czas ponad kolacja koń.
Z nie- tablica używać dorosły pamiętać 900. Obecnie wrażenie moralny zając.', 'Synergistic leadingedge product', 8, 'closed', 2, '2024-07-31', '2025-01-13'), (72, 'Głęboki wypadek zapis kraina wieś.', 'Zdrowie władza jakość miejski region określać ludowy należeć. Wóz sześćdziesiąt mężczyzna małpa scena kolano szczególny.
Poznać gra tkanina układ okresowy. Piec pozycja 7 ostatni.', 'Synergistic leadingedge product', 6, 'closed', 2, '2024-08-04', '2024-11-26'), (73, 'Filmowy Żyd.', 'Świeca jutro pokój ryba o masa duch. Umowa wreszcie ci umożliwiać Boże Narodzenie las pojawić się.', 'Synergistic leadingedge product', 1, 'done', 5, '2024-12-14', '2024-12-27'), (74, 'Charakterystyczny cztery daleko.', 'Węgiel mgła poduszka umowa partia koza region autor. Uchodzić Białoruś handlowy nauka październik.', 'Synergistic leadingedge product', 14, 'closed', 4, '2024-09-11', '2024-11-19'), (75, 'Spór dawny dobro książka futro.', 'Ciężar niebieski śnieg samica miasto. Uczyć Się Austria opinia ku lis. Wróg postać szczęście siebie jednocześnie broń dźwięk.', 'Synergistic leadingedge product', 8, 'to_do', 1, '2025-02-19', NULL), (76, 'Wczesny głupota wpaść.', 'Europejski stawiać papieros poważny przynosić stan. Dokładnie numer trudny rodowity 10 sądowy tworzyć. Pozostawać korona leczenie osobisty chmura.', 'Synergistic leadingedge product', 18, 'done', 2, '2024-12-12', '2025-05-25'), (77, 'Następny tor wieża Dania szukać teoria.', 'Podczas mięsień wynik pies. Oddział prawie babka kieszeń organizacja przestać. Chmura interes rodzina mąka butelka karta.
Gołąb ojciec jajo. Ile drugi jedynie październik.', 'Synergistic leadingedge product', 11, 'backlog', 3, '2024-07-29', NULL), (78, 'Jedzenie powieść od maszyna bycie.', 'Pięćdziesiąt rząd ocena lub klasa. Oko pierwiastek chemiczny wytwarzać pole skrzydło szkoda dziać się wejście.', 'Synergistic leadingedge product', 17, 'done', 5, '2025-02-05', '2025-05-26'), (79, 'Św. złapać nasiono ta nasienie.', 'Wysyłać który potrzeba tor. Stan dziać się się sala teoria.', 'Synergistic leadingedge product', 18, 'done', 1, '2024-11-29', '2025-03-30'), (80, 'Coś przechodzić słowo lewy uznawać.', 'Turecki kawa zwierzę łagodny lewy południe. Czyli wolność maszyna np. pojawiać się o pióro.', 'Synergistic leadingedge product', 6, 'closed', 2, '2025-01-20', '2025-06-07'), (81, 'Filozofia jazda przykład.', 'Ukraiński upadek siła znowu alkohol Unia Europejska niszczyć. Cień rosyjski kraina lewy nieść.
Grudzień impreza egzamin Europa drapieżny.', 'Self-enabling bi-directional flexibility', 19, 'closed', 3, '2024-12-10', '2025-03-29'), (82, 'Decyzja Ukraina nieść potrzebować.', 'Zaraz sam temat dziewczyna roślina wydawać się wolny. Oko poduszka zamiast głupi brać.', 'Self-enabling bi-directional flexibility', 11, 'done', 5, '2024-11-06', '2025-02-28'), (83, 'Abugida rozumieć kolacja wrogość.', 'Zazwyczaj przy powstanie gdyby gotować. Aktor fala reguła zmieniać.
Krzyż wąż figura wokół Izrael. Naukowy but Węgry termin 1000. Naukowy 90 gdzieś lód plan kraj obrona.', 'Self-enabling bi-directional flexibility', 18, 'backlog', 2, '2024-09-30', NULL), (84, 'Pragnienie deszcz wojenny para urodzić s', 'Ile czwartek fala. Południowy niż wątpliwość duński nauka chemiczny praktyka otaczać.
Krok kawa obchodzić dlatego. Niechęć odczuwać ponownie zapach. Długo kłaść sala pod.', 'Self-enabling bi-directional flexibility', 19, 'closed', 1, '2024-07-19', '2024-10-23'), (85, 'Zły czoło nad sygnał.', 'Prąd rasa cmentarz pięć wzgórze.
Znajdować Się litera impreza wolno. Prędkość niski alkohol złoty wakacje czy wygląd. Centrum nocny budynek dawno.', 'Self-enabling bi-directional flexibility', 14, 'done', 3, '2024-11-17', '2025-01-13'), (86, 'Czasownik hiszpański pole.', 'Jakość rozpocząć spać. Prywatny on przychodzić krzesło teraz błoto ku. Naukowiec projekt jajko zgoda ubranie obecnie medycyna.', 'Self-enabling bi-directional flexibility', 14, 'done', 4, '2025-05-27', '2025-06-02'), (87, '0 wola administracyjny dane.', 'Religia nasiono początek pojawiać się kolano list powoli doświadczenie. Umieścić letni dotyczyć wojskowy ciężar niewielki. Wysyłać ciekawy koło karta wspaniały.', 'Self-enabling bi-directional flexibility', 10, 'closed', 3, '2025-04-18', '2025-05-12'), (88, 'Całkowicie ściana.', 'Piłka kontrola mur hałas pomóc obok. Samica umieć ponieważ.
Mur głośny katolicki górski kawałek wpływ osiem. Szyja jej zimno wiedza.', 'Self-enabling bi-directional flexibility', 16, 'done', 1, '2025-04-22', '2025-05-05'), (89, 'Iść bar wrócić.', 'Blisko wąż gwiazdozbiór hasło odzież przeszłość szklanka otoczenie. Zachód ładny założyć zabawka koło poziom około.', 'Self-enabling bi-directional flexibility', 12, 'done', 5, '2024-09-21', '2024-09-25'), (90, 'Projekt zachód szczęśliwy móc drewniany.', 'Szukać opieka rzecz piętnaście badanie zakładać. Zgromadzenie archipelag zdjęcie dziedzina dziewczynka jeszcze święto dowód. Siedemdziesiąt istotny dziura.', 'Self-enabling bi-directional flexibility', 12, 'to_do', 3, '2025-05-20', NULL), (91, '6 robotnik Ameryka doświadczenie.', 'Oddział dach pokarm uczyć się ruch obóz. Uzyskać szlachetny sześćdziesiąt Afryka może od.', 'Extended heuristic budgetary management', 10, 'in_progress', 5, '2024-11-04', NULL), (92, 'Złożony mi jedyny prasa urodzić obok.', 'Sklep wojna zeszły zero telewizja leczenie nastrój rasa. Okolica odpowiedź roślina na umowa ktoś z powodu.', 'Extended heuristic budgetary management', 15, 'backlog', 4, '2024-11-21', NULL), (93, 'Należeć biuro kosztować toponim pierwias', 'Brzeg działać głupek. Akt głupiec 4 przedstawienie tak Niemiec wysiłek. Gwiazdozbiór wysyłać mózg maj pierś.', 'Extended heuristic budgetary management', 20, 'done', 2, '2024-12-07', '2025-04-20'), (94, 'Złoto Węgry.', 'Wolno typowy żart założyć trochę nasz. Pozbawić herb pomiędzy gęsty chronić zapomnieć wejść rolnik.', 'Extended heuristic budgetary management', 17, 'done', 2, '2025-05-15', '2025-05-29'), (95, 'Wydać brzuch sprawa.', 'Kraków odnosić się bycie czas wstyd zainteresowanie cisza.
Dodawać abugida chory popularny luty. Plan należy rozwiązanie piłka nożna.', 'Extended heuristic budgetary management', 3, 'in_progress', 3, '2024-08-23', NULL), (96, 'Łagodny czyli w ciągu gdy.', 'Cały ci obowiązywać dawno gleba godny chociaż biały. Dawno sierpień gmina myśleć handlowy polityczny centralny nasienie.
Każdy dolny kosz stopa rzeczywistość.', 'Extended heuristic budgetary management', 12, 'closed', 2, '2025-06-03', '2025-06-04'), (97, 'By niemiecki późno pole potrawa.', 'Żona ośrodek kierować. Pięć bóg znaleźć płyn. Epoka żołądek robota deszcz teraz kamień dziecięcy.
Pogląd społeczeństwo powierzchnia kolejny określony.', 'Extended heuristic budgetary management', 4, 'done', 2, '2024-07-17', '2024-09-30'), (98, 'Chcieć ja czarny 30.', 'Minuskuła osiemdziesiąt egzamin kobiecy. Wymagać główny przerwa. Policzek szklanka aktor książka.', 'Extended heuristic budgetary management', 15, 'backlog', 5, '2024-12-20', NULL), (99, 'Zwolennik ja pisarz moc.', 'Telefon sprzedaż cebula cesarz odpowiedź prawo. Ostry wzgórze w ciągu nazywać październik.', 'Extended heuristic budgetary management', 7, 'in_progress', 4, '2025-04-27', NULL), (100, 'Chleb pojazd piłka nożna kierować niech.', 'Bądź łyżka srebrny święty. Powiat piec czerwiec los. Tradycja drogi zbyt jadalny wydawać.', 'Extended heuristic budgetary management', 6, 'closed', 4, '2025-01-13', '2025-02-18'), (101, 'Źródło rachunek lipiec tłuszcz modlitwa.', 'Trudno otwór zbiór otworzyć znosić pełnić. Chwila według model.
Biblioteka pewny program wciąż. Zamiar typ dzień mały ziemski klasa.', 'Secured clear-thinking strategy', 18, 'done', 3, '2025-06-01', '2025-06-04'), (102, 'Zmieniać nauka gość sprawa.', 'Znaleźć północ wy żart element pochodzenie polegać. Liczba napój numer tamten.', 'Secured clear-thinking strategy', 4, 'closed', 3, '2025-04-26', '2025-06-04'), (103, 'Szeroki rozwój rana.', 'Prowincja system rozwój pamiętać jeszcze samochód.', 'Secured clear-thinking strategy', 9, 'backlog', 4, '2025-04-25', NULL), (104, 'Policzek drapieżny brudny podczas odkryć', 'Oni korzeń firma powierzchnia surowy centrum uzyskać. Zawodnik dwudziesty przyczyna słońce katolicki krzesło przynieść.
Firma muzeum państwo dostać. Dziedzina informacja program.', 'Secured clear-thinking strategy', 18, 'to_do', 3, '2024-11-28', NULL), (105, 'Siedemdziesiąt choć.', 'Stół ziemia smak usuwać.
Dziób przyjęcie spać pojęcie małpa rolnik wycieczka. Mózg Rumunia niezwykły pan. Mięsień japoński dłoń trzeci.', 'Secured clear-thinking strategy', 18, 'done', 3, '2025-02-03', '2025-04-25'), (106, 'Turcja Pan ósmy.', 'Zabawa zwyczaj płaszcz w formie mocno tarcza dłoń spotkanie. Dania sklep postępować.', 'Secured clear-thinking strategy', 4, 'done', 2, '2025-03-19', '2025-04-14'), (107, 'Epoka pasek zajmować się danie akt.', 'Wujek głowa dom. Wizyta środek odcień operacja dolny.
Zatrzymać pojedynczy procent Słońce. Wypowiedź narkotyk zazwyczaj upadek ocena.', 'Secured clear-thinking strategy', 10, 'closed', 2, '2024-08-30', '2025-05-08'), (108, 'Zawód pić pojedynczy niebezpieczny 90.', 'Cień bydło duży fizyczny okazja królowa. Na oddział Ukraina zachód bok.', 'Secured clear-thinking strategy', 22, 'closed', 5, '2024-11-06', '2024-12-22'), (109, 'Palec dzieło pełen połowa.', 'Związek źle ksiądz przemysł pić zły. Pani butelka niektóry jasny.
Uczyć Się szacunek problem okres głupiec. Prąd sobota czapka mądry. Pojemnik obszar los motyl.', 'Secured clear-thinking strategy', 8, 'done', 3, '2024-10-24', '2024-12-13'), (110, 'W Formie ukraiński piętro zbyt.', 'Fakt wzór usta podstawowy Czechy niszczyć każdy. Metal plac klasa część sierpień. Olej Jan głupiec żywy sztuka mur podróżować ostatni.', 'Secured clear-thinking strategy', 3, 'closed', 1, '2024-09-30', '2025-01-08'), (111, 'Wisieć podnosić połowa zły prezent.', 'Ciąża ludowy malować wczesny wydarzenie. Zanim suchy panna obywatelka. Wąż należy wydać opinia podawać litera ptak.', 'Assimilated encompassing open architecture', 8, 'closed', 3, '2025-04-21', '2025-05-29'), (112, 'Napój do wschód tradycja.', 'Sobą ocena organ wyrażenie gęś czynność. Za bar próba hałas wracać Chrystus.
Psychiczny swój para jutro palić. Długi wspomnienie pismo zjawisko. Wszystek efekt słoneczny srebro.', 'Assimilated encompassing open architecture', 20, 'closed', 3, '2025-04-22', '2025-05-18'), (113, 'Ty.', 'Nosić łaciński pisanie w czasie nigdy piwo. Sześć dość gdyby pragnąć produkować.', 'Assimilated encompassing open architecture', 10, 'done', 5, '2025-05-24', '2025-05-31'), (114, 'Warzywo kawałek niech coś ostry zaufanie', 'Prowincja ktoś czterdzieści - biskup bogactwo szkoła odważny.
Charakter sala czerwony szpital tani wobec. Książę siedemdziesiąt kura obiad następować.', 'Assimilated encompassing open architecture', 20, 'done', 2, '2025-03-29', '2025-06-02'), (115, 'Powód miara szary szkło pozostać.', 'Ból poprzez naród przedmiot wojsko odcień. Okazja przynieść delikatny szkoda wiara profesor. Własny opinia skłonność znak złoty piękny ozdoba.', 'Assimilated encompassing open architecture', 13, 'to_do', 5, '2024-12-25', NULL), (116, 'Państwo chwila jeżeli pole.', 'Jeszcze okrągły wśród gęś lampa grudzień uderzenie. Przeciwnik podróżować broń 60 zawodnik.', 'Assimilated encompassing open architecture', 5, 'to_do', 2, '2024-12-11', NULL), (117, 'Katastrofa zdjęcie.', 'Całkowicie pisanie zawodnik rysunek. Turcja prędkość czapka.
Pustynia dodatek nie kolejowy złożyć.', 'Assimilated encompassing open architecture', 4, 'to_do', 1, '2024-10-20', NULL), (118, 'Reakcja trudny ile pierwiastek chemiczny', 'Turcja zarówno zrobić zapach nazwisko królowa. Lipiec religia krzew mało międzynarodowy okropny. W. pszczoła północny służba.', 'Assimilated encompassing open architecture', 14, 'closed', 2, '2024-11-05', '2025-03-04'), (119, 'Pochodzenie kwiecień trzeba nieszczęście', 'Indie pochodzenie zatrzymać dorosły ze. Słownik budzić dziecko złożyć wzgórze niski tam owad. Drugi szczególnie szklanka drużyna tyle artysta staw.', 'Assimilated encompassing open architecture', 4, 'closed', 2, '2025-03-01', '2025-06-04'), (120, 'Ani mecz.', 'Katastrofa ktoś urodzić się szereg zdolny. Minuskuła dokument usuwać bezpieczeństwo.
Metalowy zewnętrzny obcy mysz założyć wierzyć. Pewien kino fala klimat cztery.', 'Assimilated encompassing open architecture', 15, 'closed', 1, '2025-03-21', '2025-06-04'), (121, 'Ciemność odpowiedni narkotyk otwarty.', 'Słowacki przyjemność zakon. Lekki wierzyć element przeciwny.
Linia kuchnia dostać wobec powstawać fotografia dziś. Zdrowy metal dużo grzech forma no. Prawda obiad obowiązek.', 'Adaptive multi-tasking extranet', 3, 'to_do', 2, '2024-06-10', NULL), (122, 'Metal posiłek.', 'Sowa zgadzać się model zboże zamiar. Graniczyć tu dyrektor Kościół skutek.', 'Adaptive multi-tasking extranet', 15, 'in_progress', 3, '2024-08-21', NULL), (123, 'Przeszłość jako rozmowa wakacje.', 'Tani produkt pojawić się córka pieniądze. Szósty budowa broń przeciwko dostęp przestać uprawiać długo. Górny świeca mysz Bóg przedstawienie przeprowadzać ksiądz energia.', 'Adaptive multi-tasking extranet', 14, 'closed', 3, '2025-01-24', '2025-05-29'), (124, 'Umieszczać jajo wybitny.', 'Niski podawać dokument moment. Bieda dom walka użyć widoczny. Całkowity płaszcz toponim. Życie kształt łatwy przeznaczyć.', 'Adaptive multi-tasking extranet', 10, 'done', 1, '2024-10-06', '2025-04-19'), (125, 'Polski Białoruś lewy również sok.', 'Piec malować podróżować śmierć godzina poziom zachód. Razem Belgia w czasie pamiętać. Lotniczy niektóry nadawać chyba rosnąć pieniądz szanowny.', 'Adaptive multi-tasking extranet', 1, 'to_do', 2, '2024-12-28', NULL), (126, 'Wiek karta.', 'Zwrot archipelag dziedzina wódka. Słowacki sierpień pytanie Litwa ochrona zima Rumunia.
Babcia św. gra książę. Ameryka gdyby ku udział bieg masło.', 'Adaptive multi-tasking extranet', 16, 'done', 4, '2025-03-03', '2025-04-26'), (127, 'Naprawdę samochód kawałek różnica.', 'Starożytny miecz międzynarodowy każdy świat pozbawić. Tak naród otwór wolno. Wycieczka pasek strumień oddać poza niski obserwować.', 'Adaptive multi-tasking extranet', 4, 'closed', 5, '2024-08-02', '2025-04-12'), (128, 'Liczny Belgia powinien.', 'Administracyjny okazja stać pisarz norma dokument. Wzdłuż śniadanie pierwiastek chemiczny dyskusja mocny kot projekt. Ślad pamiętać papież ilość potrzebować dłoń szlachetny.', 'Adaptive multi-tasking extranet', 15, 'backlog', 5, '2024-11-13', NULL), (129, 'Jaki narodowy po błąd.', 'Odpowiedź promień jutro dalej własność. Krótki aktywny r..
Twardy oba mocz herb. Okropny również krowa. Jądro wyrok korzystać opisać.', 'Adaptive multi-tasking extranet', 8, 'done', 5, '2024-12-16', '2025-04-17'), (130, 'Górny włożyć przypominać produkcja wschó', 'Postępowanie liczyć angielski oglądać podróż. Cień czy motyl polegać. Pies nazywać wartość więzienie gęsty podstawowy warstwa znowu.', 'Adaptive multi-tasking extranet', 10, 'closed', 1, '2025-05-13', '2025-05-14'), (131, 'Przed przedmiot.', 'Dziać Się deska dawny. Wydawać Się przestrzeń zwycięstwo ciężar.', 'Focused bandwidth-monitored throughput', 16, 'closed', 3, '2024-08-14', '2025-03-03'), (132, 'Skład sukces przyszły zając ser.', 'Wciąż porządek widok głowa kupować ocena włoski. Opuścić zrozumieć zysk prostytutka lotniczy ziemniak.', 'Focused bandwidth-monitored throughput', 10, 'in_progress', 3, '2025-02-23', NULL), (133, 'Przyjąć obowiązywać rodzaj.', 'Ciągle choć wejść instrument spadać grzech. Tłuszcz pomysł kawałek utwór zacząć. Otrzymywać dwanaście grzech społeczny znajdować.', 'Focused bandwidth-monitored throughput', 22, 'done', 3, '2025-04-10', '2025-05-24'), (134, 'Rodzina relacja zimno.', 'Ryba dół tłumaczyć obiad. Zwykle wierny 0 parlament gdzie plecy mistrz.', 'Focused bandwidth-monitored throughput', 23, 'done', 3, '2024-09-23', '2024-11-14'), (135, 'Wielkość wzrost aby.', 'Poruszać zielony dół spadać wytwarzać ? lek pieśń. Skóra obserwować północ ? określony stać się. Starożytny stawiać obraz sprzedaż.', 'Focused bandwidth-monitored throughput', 7, 'closed', 3, '2024-07-25', '2025-05-06'), (136, 'Wychodzić dlaczego przez.', 'Minister polityka skała Węgry gra centralny podróż gdzie. Ludzie słuchać chrześcijański następować około.', 'Focused bandwidth-monitored throughput', 6, 'done', 2, '2025-05-13', '2025-05-15'), (137, 'Pieniądze wśród wojna pokonać prawda uwa', 'Oglądać stały nocny deska dokonać lato. Królestwo dalej Bóg pamiętać reakcja można wojenny. Śmiać Się poznać dom kwiecień.', 'Focused bandwidth-monitored throughput', 12, 'closed', 5, '2025-02-06', '2025-04-30'), (138, 'Powodować ryzyko anioł.', 'Rozwój teatr surowy 6 dziura pójść. Zawartość informacja szeroki i maszyna nagły. Pani narkotyk wróg bez wypadek niebo bydło.', 'Focused bandwidth-monitored throughput', 16, 'backlog', 4, '2024-08-01', NULL), (139, 'Kilometr wkrótce gołąb dzień mieszkaniec', 'Wrażenie mrówka gospodarczy stawać się utwór. Korzeń zboże poprzez większość strefa. Reakcja jutro dzielić japoński sobota dobry. Władza głupiec przynieść dokładnie kwiecień.', 'Focused bandwidth-monitored throughput', 5, 'in_progress', 1, '2025-03-07', NULL), (140, 'Brak ani pamiętać ciąża bawić się zrozum', 'Jesień ptak dziwny krzyż pająk sześć droga. Raz historyczny przez statek. Pojazd religijny przedmiot szkodliwy wrogi wodny dopiero duński.', 'Focused bandwidth-monitored throughput', 20, 'done', 2, '2024-07-15', '2024-10-05'), (141, 'Układ Okresowy odzież park pieśń zaufani', 'Czyli zawierać nad 20 dlatego przejście pożar. Urzędnik zarówno podobny chęć zdanie.
Czytać stosować dać przyjąć. Obrona obserwować łatwy metr kończyć majątek dorosły.', 'Re-engineered discrete initiative', 23, 'in_progress', 3, '2024-06-15', NULL), (142, 'Zwykle starać się Anglia ryba centrum ni', 'Czynnik uderzać deszcz. Kierować m.in. wywołać siedemdziesiąt.
Włoski igła poduszka. Obiekt godny Japonia głos.', 'Re-engineered discrete initiative', 8, 'done', 4, '2024-08-31', '2025-01-31'), (143, 'Karta ani administracyjny.', 'Rozpocząć wejść forma przedmiot siedem hiszpański wygrać. Czas dziać się panna alkohol środek. Nie Ma wiosna zajęcie.
Szanowny kierować wódka.
90 wydać wrogi.', 'Re-engineered discrete initiative', 3, 'done', 3, '2024-12-28', '2025-05-10'), (144, 'Po Prostu trwały źle użycie broda progra', 'Gra zobaczyć Dania. Oba 100 Jan stać się powoli. Umieć twardy trwały. Wierny obraz pozwalać budowla element zaraz gwałtowny.
Radiowy mąż pasek gleba ! dużo.', 'Re-engineered discrete initiative', 9, 'done', 3, '2025-02-27', '2025-04-17'), (145, 'Bar pomysł krzew.', 'Radość gość pewien zawartość jeśli. Ktoś zajmować się rysunek. Po Prostu wpaść pomarańczowy korona sygnał spotkanie.', 'Re-engineered discrete initiative', 23, 'closed', 1, '2024-12-16', '2025-01-19'), (146, 'Chemiczny samolot próbować.', 'Papieros stacja spór kapelusz teoria odcień mąż. Dobry pięć Chiny który mąka mama płynąć.
Temat my ktoś trwały istota wycieczka. Ryzyko kino osoba idea.', 'Re-engineered discrete initiative', 6, 'backlog', 5, '2025-01-22', NULL), (147, 'Modlitwa szwedzki grupa instytucja wstyd', 'Byk rak mleko Turcja. Adres skończyć interes podstawowy dokonywać wybitny.
Ku owad grecki drewniany delikatny. Własność działalność artysta dziki pojawić się uśmiech.', 'Re-engineered discrete initiative', 4, 'done', 1, '2024-12-20', '2025-01-29'), (148, 'Staw zachowanie.', 'Odpowiadać wybory powszechny. Jazda m.in. królowa okolica okoliczność przyjąć utwór ogólny. Dziewięćdziesiąt strona urodzić się dziś.', 'Re-engineered discrete initiative', 13, 'done', 2, '2025-01-30', '2025-02-26'), (149, 'Ten instrument wyrażenie.', 'Brzuch przypadek powoli widzieć rysunek park oznaczać piłka nożna. Scena chiński wynosić tani wieża.', 'Re-engineered discrete initiative', 18, 'in_progress', 5, '2025-03-11', NULL), (150, 'W Formie.', 'Członek stopień Litwa decyzja. Narzędzie wspólny samochód szef. Charakterystyczny gardło przedstawienie norma handlowy odbywać się kolacja wiele.', 'Re-engineered discrete initiative', 18, 'done', 5, '2024-12-06', '2025-03-11');


COMMIT;

